Date,Region,Category,Revenue,Profit,Quantity
2023-11-16,North America,Food & Beverage,10439.65,2869.04,27.0
2024-11-27,APAC,Home & Garden,7819.83,1834.0,19.0
2024-05-22,North America,Home & Garden,1432.65,467.5,13.0
2022-05-12,EMEA,Food & Beverage,17000.12,3989.54,47.0
2023-09-20,North America,Sports,13723.24,4095.34,43.0
2023-09-30,Middle East,Apparel,348.26,66.09,31.0
2023-11-19,EMEA,Sports,12918.35,1110.29,34.0
2022-09-24,APAC,Home & Garden,5435.56,1624.27,44.0
2023-02-18,LATAM,Food & Beverage,3787.54,598.43,23.0
2024-04-21,APAC,Apparel,6880.98,1394.91,19.0
2024-11-03,LATAM,Food & Beverage,361.17,112.54,33.0
2024-05-03,EMEA,Home & Garden,1355.97,125.57,4.0
2022-02-02,LATAM,Electronics,4999.36,1355.55,12.0
2023-12-28,North America,Food & Beverage,11105.42,3003.92,28.0
2022-05-24,Middle East,Apparel,5504.16,399.48,30.0
2022-03-07,EMEA,Apparel,1776.49,477.37,6.0
2023-03-30,North America,Apparel,13099.04,4503.92,37.0
2024-01-01,North America,Sports,11733.94,3153.76,33.0
2024-08-10,North America,Apparel,12053.46,2641.13,41.0
2022-07-30,North America,Beauty,11749.28,3178.2,47.0
2023-10-01,North America,Home & Garden,9765.57,868.63,35.0
2023-11-04,North America,Beauty,985.49,125.3,2.0
2022-03-05,Middle East,Beauty,1675.67,398.86,4.0
2023-03-18,LATAM,Home & Garden,530.73,172.04,5.0
2023-11-17,North America,Apparel,127.05,35.4,6.0
2024-11-21,EMEA,Electronics,4146.15,1361.38,25.0
2024-07-03,EMEA,Apparel,11211.57,1781.65,27.0
2024-10-24,APAC,Electronics,7545.04,1108.46,24.0
2023-10-20,Middle East,Apparel,70.87,15.86,1.0
2023-06-02,North America,Apparel,12452.19,2215.61,38.0
2022-02-17,North America,Food & Beverage,426.96,28.23,11.0
2022-03-14,EMEA,Beauty,1133.91,72.85,3.0
2023-07-07,Middle East,Food & Beverage,5137.75,304.3,26.0
2023-08-15,North America,Apparel,16524.21,4343.83,30.0
2024-01-24,LATAM,Apparel,6397.33,507.37,29.0
2024-11-08,LATAM,Sports,5482.87,1403.32,20.0
2022-02-14,EMEA,Sports,1614.3,411.04,4.0
2023-10-30,Middle East,Home & Garden,299.87,91.61,1.0
2024-05-05,APAC,Apparel,15496.33,1965.88,34.0
2022-11-01,Middle East,Food & Beverage,19895.73,6106.82,47.0
2023-05-17,North America,Electronics,8430.6,2431.6,28.0
2023-06-01,EMEA,Apparel,19176.43,4879.15,36.0
2024-05-26,APAC,Beauty,16408.02,4053.43,33.0
2023-12-10,APAC,Sports,587.76,161.85,7.0
2024-08-20,APAC,Food & Beverage,2368.1,501.01,19.0
2023-10-23,APAC,Beauty,1029.39,100.79,3.0
2022-02-14,Middle East,Home & Garden,7043.7,,25.0
2023-01-17,EMEA,Apparel,2253.51,745.27,11.0
2022-10-08,Middle East,Food & Beverage,7536.72,451.24,29.0
2023-01-14,North America,Electronics,2784.13,1047.42,38.0
2022-10-01,Middle East,Beauty,1996.36,683.57,5.0
2023-06-13,North America,Sports,2313.3,356.31,25.0
2022-07-04,EMEA,Sports,7465.53,928.3,37.0
2022-11-14,Middle East,Home & Garden,4894.74,1681.83,43.0
2024-10-25,North America,Apparel,3262.96,976.1,25.0
2024-12-14,North America,Beauty,42.9,8.88,3.0
2022-09-27,EMEA,Home & Garden,3449.53,352.54,8.0
2024-10-08,LATAM,Electronics,4239.25,534.51,41.0
2023-11-30,Middle East,Beauty,16082.86,3633.37,49.0
2022-12-22,Middle East,Beauty,5773.04,1698.18,20.0
2024-12-18,APAC,Home & Garden,15247.44,2378.73,45.0
2022-04-17,LATAM,Electronics,5310.66,1225.81,24.0
2022-04-29,North America,Food & Beverage,11990.9,4426.9,30.0
2024-01-06,Middle East,Beauty,296.56,59.63,17.0
2022-03-10,North America,Beauty,1804.78,665.03,22.0
2023-09-13,LATAM,Electronics,2559.1,920.03,11.0
2024-07-23,Middle East,Beauty,635.41,49.93,5.0
2022-05-08,APAC,Electronics,3454.17,,8.0
2024-03-18,APAC,Sports,9343.36,1864.18,27.0
2023-06-21,LATAM,Food & Beverage,7385.59,1417.01,28.0
2022-04-19,APAC,Food & Beverage,5958.67,645.19,14.0
2024-03-18,North America,Beauty,1282.55,454.15,11.0
2024-11-10,North America,Electronics,10057.97,2626.13,25.0
2023-01-11,Middle East,Electronics,7267.43,586.2,15.0
2023-04-02,North America,Food & Beverage,6323.9,497.73,20.0
2022-09-01,Middle East,Electronics,931.65,74.98,11.0
2023-04-28,LATAM,Apparel,2424.61,908.89,26.0
2022-09-22,APAC,Apparel,14877.47,4892.06,33.0
2023-08-03,APAC,Food & Beverage,3174.96,865.74,24.0
2024-03-24,North America,Sports,10149.18,3603.38,33.0
2022-09-26,APAC,Apparel,12504.27,2970.32,31.0
2023-04-05,North America,Apparel,6915.42,1195.12,35.0
2022-05-22,LATAM,Food & Beverage,14089.22,3000.67,36.0
2023-04-29,EMEA,Food & Beverage,5726.78,1437.11,34.0
2022-10-31,EMEA,Electronics,8224.64,677.51,25.0
2023-09-22,Middle East,Home & Garden,4268.76,1569.69,46.0
2022-08-29,EMEA,Food & Beverage,1148.43,144.26,24.0
2024-09-07,LATAM,Food & Beverage,19603.48,2819.43,37.0
2022-08-13,Middle East,Food & Beverage,4876.81,997.58,27.0
2023-04-27,Middle East,Home & Garden,13276.88,817.56,27.0
2024-01-17,LATAM,Apparel,14911.01,4916.35,46.0
2024-03-27,Middle East,Apparel,19021.37,5378.72,44.0
2024-10-25,APAC,Food & Beverage,6112.32,438.88,32.0
2023-08-06,Middle East,Beauty,519.9,93.72,9.0
2023-11-05,APAC,Electronics,1933.76,419.41,6.0
2023-05-08,APAC,Food & Beverage,268.84,89.31,8.0
2023-10-22,APAC,Food & Beverage,10805.49,2465.55,44.0
2023-01-15,APAC,Food & Beverage,6477.46,1254.73,16.0
2023-01-17,EMEA,Apparel,2253.51,745.27,11.0
2024-06-21,LATAM,Home & Garden,19432.2,6790.45,43.0
2024-08-01,North America,Sports,1740.16,409.76,11.0
2023-08-26,APAC,Food & Beverage,19895.3,5130.12,48.0
2024-12-13,APAC,Electronics,5873.16,843.23,43.0
2024-06-01,EMEA,Apparel,5915.31,1232.15,20.0
2024-05-28,North America,Apparel,2357.33,548.49,11.0
2024-11-13,EMEA,Electronics,5454.99,1473.06,49.0
2024-05-12,LATAM,Beauty,5570.64,940.82,
2024-08-04,EMEA,Home & Garden,7162.56,815.11,33.0
2023-12-21,APAC,Apparel,18445.36,2111.53,36.0
2022-08-07,APAC,Sports,3799.88,943.4,13.0
2022-12-12,EMEA,Apparel,122.61,25.81,2.0
2024-11-20,APAC,Sports,16776.25,5442.6,47.0
2024-08-19,LATAM,Sports,6772.26,1166.67,27.0
2023-08-10,Middle East,Beauty,6588.21,2397.95,34.0
2023-04-13,EMEA,Food & Beverage,3134.48,1044.66,25.0
2022-06-21,LATAM,Food & Beverage,11884.91,3589.85,28.0
2023-10-20,EMEA,Apparel,13843.45,3248.34,44.0
2024-04-30,North America,Sports,1065.54,391.74,7.0
2022-12-29,Middle East,Food & Beverage,16570.27,1150.09,31.0
2024-06-04,LATAM,Food & Beverage,904.05,240.57,18.0
2023-02-10,EMEA,Apparel,5381.02,1200.76,39.0
2023-10-24,Middle East,Sports,6217.92,1209.83,14.0
2023-09-28,LATAM,Beauty,217.97,24.28,16.0
2022-06-05,Middle East,Home & Garden,2758.74,931.21,10.0
2024-10-09,APAC,Apparel,2313.04,490.53,9.0
2022-08-19,APAC,Apparel,2796.46,320.76,21.0
2024-06-18,North America,Beauty,120.03,16.97,7.0
2024-05-03,APAC,Food & Beverage,1315.54,470.37,13.0
2022-10-29,LATAM,Electronics,15452.37,2166.84,49.0
2023-06-07,Middle East,Home & Garden,2940.89,484.99,21.0
2023-02-18,North America,Beauty,15067.06,3434.92,42.0
2023-08-18,LATAM,Food & Beverage,8934.29,806.67,35.0
2022-08-08,EMEA,Beauty,1097.4,311.81,13.0
2023-05-22,EMEA,Apparel,15666.89,1461.9,
2023-01-13,North America,Sports,93.73,24.42,1.0
2022-09-14,North America,Beauty,656.0,79.81,16.0
2024-05-19,North America,Sports,5305.29,373.47,23.0
2024-10-25,EMEA,Sports,3348.21,1114.31,33.0
2022-11-25,EMEA,Home & Garden,2807.99,395.18,20.0
2022-10-19,APAC,Electronics,3450.73,911.75,18.0
2022-05-03,EMEA,Food & Beverage,5008.74,703.12,36.0
2022-02-20,North America,Electronics,16501.46,6182.29,38.0
2022-03-12,LATAM,Beauty,398.8,57.64,2.0
2024-12-11,Middle East,Food & Beverage,5660.28,480.42,49.0
2023-05-09,APAC,Beauty,19427.06,6913.72,40.0
2022-12-11,Middle East,Food & Beverage,1959.78,497.22,24.0
2022-06-22,APAC,Electronics,11083.25,2196.99,30.0
2023-03-07,EMEA,Electronics,6765.79,825.22,21.0
2022-12-01,North America,Apparel,6080.9,848.52,25.0
2024-04-27,APAC,Food & Beverage,7597.28,2123.43,22.0
2024-12-28,Middle East,Beauty,13629.92,2692.24,39.0
2024-08-26,APAC,Sports,2430.12,517.47,28.0
2023-06-20,EMEA,Electronics,667.22,100.86,3.0
2023-01-18,LATAM,Food & Beverage,3555.51,809.25,17.0
2022-02-19,Middle East,Beauty,1653.9,446.91,8.0
2022-02-07,EMEA,Home & Garden,16585.68,2136.26,40.0
2023-11-08,APAC,Beauty,6164.98,1085.48,46.0
2022-12-14,Middle East,Sports,5316.51,581.87,35.0
2023-02-20,EMEA,Home & Garden,142.33,43.88,3.0
2024-05-28,LATAM,Food & Beverage,11751.27,2241.95,39.0
2023-08-12,EMEA,Food & Beverage,4195.32,1224.93,10.0
2023-01-11,LATAM,Apparel,10679.04,2662.45,28.0
2023-02-08,Middle East,Beauty,19369.52,5408.92,44.0
2024-09-12,LATAM,Electronics,11670.35,826.61,37.0
2022-09-06,Middle East,Sports,4677.56,1504.04,32.0
2022-09-05,North America,Apparel,95.34,13.56,2.0
2024-06-24,North America,Beauty,2693.22,365.36,15.0
2023-07-25,EMEA,Beauty,936.51,166.16,3.0
2024-04-09,Middle East,Home & Garden,559.54,114.75,7.0
2022-04-06,Middle East,Beauty,1737.53,139.49,21.0
2024-11-18,APAC,Food & Beverage,679.43,197.63,3.0
2024-12-22,APAC,Food & Beverage,9813.19,2556.39,28.0
2023-12-16,Middle East,Sports,10871.61,978.54,38.0
2022-05-01,Middle East,Food & Beverage,2874.29,721.04,12.0
2022-10-15,APAC,Beauty,875.36,321.81,45.0
2023-07-12,EMEA,Home & Garden,305.19,74.46,14.0
2022-03-19,Middle East,Food & Beverage,533.3,44.16,46.0
2023-09-08,Middle East,Home & Garden,366.1,25.19,2.0
2024-10-03,Middle East,Sports,1317.87,463.14,35.0
2024-11-05,LATAM,Food & Beverage,9204.19,2017.45,30.0
2023-01-21,North America,Sports,9269.15,3090.67,42.0
2023-01-31,North America,Beauty,1180.47,425.58,42.0
2024-02-08,Middle East,Home & Garden,1557.9,208.71,8.0
2022-11-19,Middle East,Apparel,6800.87,871.57,36.0
2024-09-22,North America,Food & Beverage,3400.15,738.13,35.0
2024-08-06,APAC,Home & Garden,8923.34,724.43,49.0
2022-12-15,EMEA,Sports,9942.19,2188.12,34.0
2022-01-18,Middle East,Home & Garden,4506.39,1065.53,17.0
2022-12-09,LATAM,Beauty,4853.41,668.03,14.0
2023-09-02,Middle East,Apparel,9778.58,3390.73,29.0
2023-02-10,LATAM,Home & Garden,8524.91,910.08,18.0
2023-12-02,Middle East,Apparel,12899.09,4058.92,25.0
2024-06-24,Middle East,Food & Beverage,6762.34,771.01,20.0
2022-09-15,LATAM,Beauty,1576.3,281.4,4.0
2022-11-29,LATAM,Home & Garden,1585.34,332.76,44.0
2024-02-17,LATAM,Electronics,1912.83,649.02,41.0
2023-03-08,Middle East,Home & Garden,4145.81,1521.86,15.0
2022-06-01,LATAM,Sports,5188.22,958.96,22.0
2024-10-22,Middle East,Home & Garden,6554.76,1899.38,30.0
2022-07-21,LATAM,Apparel,4733.68,730.29,12.0
2023-09-06,North America,Electronics,5766.91,1932.23,13.0
2023-06-28,LATAM,Apparel,11593.77,4057.7,38.0
2022-11-11,LATAM,Sports,2750.14,880.44,17.0
2024-02-04,LATAM,Beauty,2990.03,185.71,15.0
2024-03-30,EMEA,Electronics,4919.5,1583.24,43.0
2022-02-15,LATAM,Beauty,5362.71,743.16,20.0
2022-11-03,Middle East,Home & Garden,12202.67,1079.32,36.0
2022-02-21,APAC,Apparel,10387.49,3383.19,32.0
2022-04-10,North America,Sports,382.45,119.34,4.0
2023-08-21,LATAM,Apparel,9670.9,1154.67,32.0
2023-03-14,EMEA,Home & Garden,1220.55,68.86,5.0
2023-12-29,North America,Sports,1055.53,62.16,4.0
2022-02-03,North America,Home & Garden,12767.42,3858.63,40.0
2023-05-28,North America,Apparel,13667.06,1461.75,41.0
2022-10-23,North America,Apparel,23343.03,3252.9,44.0
2024-03-23,EMEA,Beauty,6707.73,1253.82,32.0
2024-04-10,APAC,Beauty,341.64,106.19,
2024-11-01,North America,Sports,7484.87,1717.74,29.0
2024-08-21,APAC,Home & Garden,24367.3,1856.08,48.0
2022-07-09,EMEA,Electronics,2999.7,1050.78,9.0
2024-08-05,Middle East,Home & Garden,397.43,78.98,8.0
2022-05-28,North America,Sports,9923.99,2367.25,42.0
2023-09-23,North America,Sports,320.15,87.36,6.0
2022-12-20,APAC,Sports,2543.22,241.69,6.0
2023-10-19,North America,Sports,7013.48,1368.21,43.0
2023-09-14,APAC,Electronics,5037.87,443.18,27.0
2022-04-29,APAC,Home & Garden,11192.15,1566.51,37.0
2024-04-16,Middle East,Electronics,3204.62,589.16,48.0
2022-09-07,APAC,Electronics,14176.75,3411.76,46.0
2023-11-14,North America,Electronics,4707.51,1147.77,10.0
2022-08-04,APAC,Home & Garden,1384.36,279.69,3.0
2024-01-04,APAC,Beauty,10326.17,2453.55,28.0
2024-04-08,North America,Apparel,3473.81,870.39,40.0
2024-09-20,EMEA,Electronics,235.46,18.98,8.0
2024-03-08,North America,Home & Garden,8823.92,1539.15,30.0
2022-05-23,Middle East,Beauty,13741.16,2554.15,27.0
2024-08-10,North America,Food & Beverage,5066.73,962.64,17.0
2024-05-29,APAC,Sports,5679.89,389.14,14.0
2022-06-20,EMEA,Beauty,1049.39,284.74,38.0
2023-07-07,Middle East,Electronics,285.63,46.53,3.0
2024-10-16,North America,Beauty,4920.54,317.93,49.0
2024-07-01,APAC,Beauty,630.06,129.92,2.0
2022-04-02,EMEA,Sports,11950.43,2306.49,34.0
2022-10-20,APAC,Apparel,1141.78,291.5,35.0
2023-01-09,EMEA,Food & Beverage,18075.36,4435.19,43.0
2022-04-30,EMEA,Beauty,873.48,139.88,9.0
2024-12-23,APAC,Home & Garden,700.13,145.63,14.0
2022-03-18,North America,Beauty,11616.07,1683.43,39.0
2024-06-13,North America,Beauty,3209.15,333.11,18.0
2024-07-27,EMEA,Apparel,149.45,53.91,4.0
2022-09-26,North America,Apparel,7510.87,1416.51,19.0
2023-07-18,North America,Apparel,4717.58,1232.02,14.0
2022-05-20,Middle East,Home & Garden,532.86,47.86,2.0
2023-10-21,APAC,Food & Beverage,5200.1,687.82,23.0
2022-03-18,Middle East,Electronics,3130.95,591.37,13.0
2022-08-06,EMEA,Home & Garden,633.87,100.24,8.0
2023-07-10,Middle East,Sports,1187.2,164.59,13.0
2023-06-05,Middle East,Apparel,298.77,55.42,30.0
2022-12-21,EMEA,Sports,18328.76,6199.49,39.0
2022-12-28,North America,Apparel,261.63,47.54,4.0
2024-04-16,LATAM,Home & Garden,538.81,165.3,2.0
2024-09-20,EMEA,Electronics,1943.06,148.12,10.0
2024-10-19,North America,Apparel,8438.25,2311.7,25.0
2023-12-13,EMEA,Apparel,14742.91,1926.27,35.0
2023-10-24,LATAM,Sports,13284.62,1444.98,47.0
2024-09-04,APAC,Apparel,12549.91,3893.27,49.0
2024-06-21,Middle East,Electronics,12103.05,1100.02,42.0
2023-02-15,North America,Apparel,9827.75,3067.32,30.0
2022-09-23,North America,Apparel,7021.91,2380.76,24.0
2024-02-03,APAC,Sports,15730.33,2715.25,46.0
2022-01-09,North America,Food & Beverage,2437.62,299.66,35.0
2022-09-28,LATAM,Sports,4371.38,1598.2,47.0
2023-08-14,North America,Sports,4511.17,280.92,48.0
2023-05-02,North America,Beauty,2492.62,196.87,31.0
2022-10-30,Middle East,Electronics,3667.17,988.16,46.0
2022-06-15,North America,Apparel,730.11,114.72,12.0
2024-07-11,LATAM,Apparel,10528.32,2493.46,31.0
2023-08-27,LATAM,Electronics,227.84,62.9,1.0
2023-11-05,APAC,Sports,909.0,126.53,15.0
2024-05-28,Middle East,Home & Garden,1921.45,285.31,27.0
2024-03-25,LATAM,Food & Beverage,8457.11,1213.01,48.0
2022-09-26,Middle East,Food & Beverage,175.72,19.24,9.0
2022-02-05,North America,Electronics,1359.67,225.5,35.0
2022-10-06,APAC,Apparel,3608.86,776.43,33.0
2024-04-20,Middle East,Electronics,8111.83,1164.23,36.0
2023-07-23,Middle East,Electronics,19944.13,1161.85,48.0
2024-08-17,EMEA,Food & Beverage,8964.88,1305.59,32.0
2022-05-24,LATAM,Sports,749.57,64.99,17.0
2023-02-22,APAC,Apparel,3820.48,345.87,12.0
2024-04-01,LATAM,Electronics,6531.5,951.08,25.0
2022-02-19,LATAM,Sports,512.53,64.52,4.0
2023-04-18,EMEA,Home & Garden,2454.6,,6.0
2024-08-15,North America,Home & Garden,1511.68,197.41,10.0
2024-05-26,APAC,Food & Beverage,8174.63,1830.16,21.0
2022-11-22,Middle East,Food & Beverage,1454.95,97.19,39.0
2022-01-25,North America,Beauty,3313.43,740.69,17.0
2022-08-10,APAC,Electronics,4562.39,1682.12,42.0
2024-08-07,North America,Food & Beverage,2718.33,677.69,13.0
2022-09-07,North America,Apparel,7604.16,546.2,34.0
2022-09-25,LATAM,Beauty,130.14,34.04,
2023-12-23,APAC,Food & Beverage,7748.64,2884.9,35.0
2024-10-17,APAC,Apparel,8805.75,1035.83,18.0
2022-10-21,North America,Beauty,2576.89,344.05,47.0
2022-11-21,Middle East,Home & Garden,7182.42,1685.1,25.0
2022-01-12,EMEA,Home & Garden,11640.81,1033.0,33.0
2024-05-02,EMEA,Electronics,6449.09,1591.0,24.0
2024-04-02,North America,Apparel,16573.16,5243.77,36.0
2023-11-10,LATAM,Electronics,1256.25,276.07,10.0
2024-04-06,APAC,Electronics,11925.05,3583.66,35.0
2022-10-30,LATAM,Beauty,16806.24,1238.98,46.0
2024-12-06,EMEA,Electronics,3827.44,233.0,20.0
2022-06-09,North America,Apparel,8059.65,3040.16,49.0
2023-02-19,Middle East,Electronics,2054.36,418.85,49.0
2024-06-11,North America,Apparel,5209.25,1846.12,11.0
2023-05-12,EMEA,Food & Beverage,10539.15,967.97,41.0
2022-03-20,North America,Beauty,11312.92,1180.13,47.0
2023-08-08,LATAM,Beauty,7547.0,565.31,14.0
2023-12-03,Middle East,Home & Garden,1497.06,324.6,3.0
2023-08-04,EMEA,Sports,932.29,300.99,13.0
2022-11-05,North America,Home & Garden,1903.23,412.7,4.0
2024-06-06,APAC,Beauty,5225.17,1056.89,30.0
2022-11-28,EMEA,Food & Beverage,175.19,65.76,1.0
2022-09-15,LATAM,Electronics,5381.5,633.71,16.0
2022-03-30,EMEA,Sports,168.55,12.51,6.0
2023-06-06,North America,Home & Garden,14488.4,4725.67,49.0
2024-07-26,North America,Food & Beverage,7775.7,535.59,22.0
2022-05-22,APAC,Electronics,605.88,74.25,33.0
2022-05-27,Middle East,Food & Beverage,5077.54,1741.02,12.0
2024-06-29,Middle East,Beauty,15966.74,4544.57,45.0
2022-04-08,APAC,Apparel,6606.03,1399.51,27.0
2024-05-31,North America,Food & Beverage,3288.67,838.94,7.0
2023-12-16,North America,Apparel,1980.77,307.7,9.0
2022-11-28,Middle East,Beauty,15295.57,1175.7,36.0
2023-12-16,North America,Electronics,3718.94,1162.02,30.0
2023-05-15,APAC,Home & Garden,8366.39,1217.14,18.0
2023-06-21,LATAM,Beauty,3431.54,1060.21,14.0
2023-09-26,North America,Home & Garden,4521.39,1688.38,10.0
2022-12-05,EMEA,Sports,7444.76,1044.9,19.0
2023-06-28,Middle East,Sports,15527.4,5366.36,48.0
2023-06-29,Middle East,Sports,76.01,10.35,4.0
2023-05-26,North America,Apparel,9205.11,854.2,24.0
2023-09-03,North America,Beauty,7793.95,2174.64,23.0
2022-07-28,EMEA,Food & Beverage,5317.21,1928.92,28.0
2022-06-12,EMEA,Sports,10392.79,2028.06,24.0
2023-04-06,EMEA,Electronics,7389.56,2764.91,21.0
2024-06-25,Middle East,Beauty,681.98,187.88,6.0
2022-12-17,EMEA,Sports,477.94,127.17,3.0
2022-06-17,Middle East,Electronics,3232.24,821.18,11.0
2024-11-18,EMEA,Beauty,2800.14,337.64,23.0
2022-11-21,LATAM,Food & Beverage,1392.63,165.45,7.0
2023-09-20,EMEA,Beauty,12688.75,3760.61,39.0
2024-01-06,Middle East,Beauty,7947.35,1772.28,49.0
2023-05-07,Middle East,Sports,7188.08,398.28,32.0
2022-01-16,North America,Sports,852.69,134.38,43.0
2023-04-26,Middle East,Electronics,8327.87,2729.97,42.0
2022-12-23,North America,Beauty,13127.38,1247.68,46.0
2023-02-01,North America,Apparel,313.6,114.71,1.0
2023-07-15,Middle East,Food & Beverage,1879.39,428.1,41.0
2024-01-22,Middle East,Apparel,13595.33,2899.34,44.0
2023-10-21,Middle East,Beauty,4057.93,1153.15,
2023-10-27,Middle East,Apparel,2163.12,122.87,27.0
2023-01-18,EMEA,Home & Garden,714.93,251.37,43.0
2024-08-23,LATAM,Food & Beverage,10952.26,,41.0
2022-09-01,LATAM,Home & Garden,16414.52,5626.05,45.0
2023-12-08,North America,Beauty,5940.98,1264.92,18.0
2023-05-12,APAC,Home & Garden,1852.48,161.14,37.0
2022-09-04,LATAM,Electronics,12483.74,2428.82,31.0
2023-05-26,EMEA,Beauty,18745.36,7051.39,45.0
2022-11-25,EMEA,Apparel,692.12,152.68,46.0
2023-10-19,North America,Home & Garden,2172.29,111.09,12.0
2024-05-24,APAC,Food & Beverage,4233.18,1352.07,16.0
2022-06-11,APAC,Beauty,3958.03,629.39,10.0
2023-11-08,EMEA,Home & Garden,1059.48,89.04,38.0
2022-11-23,APAC,Electronics,17351.13,2576.45,45.0
2024-04-28,LATAM,Food & Beverage,1040.32,267.44,5.0
2023-09-06,LATAM,Electronics,20521.99,7375.17,46.0
2024-07-01,LATAM,Food & Beverage,1416.85,233.29,10.0
2024-07-05,Middle East,Electronics,6239.66,2178.2,45.0
2022-01-11,LATAM,Sports,8627.91,1880.79,44.0
2022-06-08,EMEA,Sports,14366.88,2327.12,45.0
2022-04-30,EMEA,Home & Garden,9728.32,1696.53,21.0
2023-02-27,EMEA,Apparel,10898.71,1474.49,24.0
2024-09-19,LATAM,Food & Beverage,2590.94,499.58,25.0
2023-04-29,EMEA,Food & Beverage,1263.34,223.03,3.0
2024-02-25,LATAM,Home & Garden,20979.71,7457.16,48.0
2023-08-15,North America,Electronics,3381.33,824.13,17.0
2023-06-08,North America,Apparel,299.88,110.09,1.0
2022-08-29,APAC,Home & Garden,575.47,,2.0
2022-05-24,APAC,Apparel,17045.23,5016.69,43.0
2022-04-25,Middle East,Beauty,3683.4,481.99,8.0
2022-07-17,APAC,Home & Garden,464.9,153.99,21.0
2022-05-21,APAC,Electronics,6812.06,1116.73,25.0
2024-08-23,LATAM,Sports,4383.87,1082.84,49.0
2023-04-22,APAC,Beauty,577.98,35.5,2.0
2022-03-31,Middle East,Sports,215.18,50.63,7.0
2022-10-03,LATAM,Food & Beverage,802.11,195.5,10.0
2023-09-27,North America,Food & Beverage,2451.53,837.47,36.0
2022-09-05,Middle East,Home & Garden,1563.28,204.45,25.0
2023-03-31,LATAM,Sports,6551.41,2102.09,22.0
2022-03-21,North America,Electronics,4496.06,826.04,46.0
2024-03-11,APAC,Home & Garden,,1389.41,18.0
2023-07-11,EMEA,Beauty,6929.97,2016.73,30.0
2022-12-29,APAC,Beauty,5994.26,934.95,31.0
2023-11-17,LATAM,Sports,2689.01,617.75,9.0
2022-10-30,LATAM,Food & Beverage,12138.03,2816.6,23.0
2024-10-10,EMEA,Food & Beverage,569.17,94.04,2.0
2022-04-01,EMEA,Food & Beverage,1926.86,627.89,17.0
2022-09-07,North America,Beauty,5305.08,1565.06,15.0
2022-04-21,North America,Apparel,5434.26,997.89,27.0
2023-02-18,LATAM,Sports,1372.15,198.1,10.0
2023-09-21,North America,Apparel,1165.56,404.29,9.0
2023-02-06,Middle East,Beauty,1059.57,311.41,24.0
2022-12-29,EMEA,Food & Beverage,18291.72,5483.66,46.0
2024-11-13,LATAM,Sports,5268.03,1505.99,14.0
2022-04-28,APAC,Food & Beverage,17406.84,6461.66,49.0
2023-01-11,EMEA,Sports,9932.52,2466.75,36.0
2023-10-06,APAC,Sports,1601.05,122.99,32.0
2024-12-20,North America,Food & Beverage,14331.02,1988.63,47.0
2022-12-19,LATAM,Electronics,8205.69,2163.63,33.0
2022-08-10,North America,Apparel,12918.65,3113.81,33.0
2024-09-26,EMEA,Apparel,12733.96,2482.15,42.0
2024-03-21,North America,Home & Garden,10079.57,2637.62,36.0
2024-12-08,LATAM,Electronics,3651.97,645.42,33.0
2023-02-23,LATAM,Home & Garden,2136.92,789.14,23.0
2022-07-22,APAC,Sports,,441.35,13.0
2023-12-08,North America,Electronics,4716.33,555.89,33.0
2024-07-17,APAC,Electronics,1399.54,484.46,10.0
2024-03-28,Middle East,Food & Beverage,2001.07,161.86,5.0
2022-05-09,APAC,Sports,7076.7,2303.02,18.0
2024-04-28,North America,Home & Garden,202.06,15.75,8.0
2022-03-24,Middle East,Apparel,1924.75,363.32,7.0
2024-12-12,APAC,Beauty,8859.9,1392.98,47.0
2023-07-11,APAC,Electronics,3127.11,276.39,11.0
2022-03-12,EMEA,Apparel,7311.49,1828.43,20.0
2023-10-30,LATAM,Electronics,20711.6,5987.23,44.0
2022-08-24,North America,Beauty,6263.73,352.78,24.0
2023-07-03,Middle East,Electronics,5263.13,660.3,19.0
2023-02-28,EMEA,Apparel,2966.41,877.82,48.0
2024-12-05,Middle East,Beauty,8428.99,734.16,19.0
2023-10-31,North America,Sports,5168.74,782.88,48.0
2022-09-28,EMEA,Electronics,5334.79,388.49,32.0
2022-01-01,APAC,Sports,1566.59,509.35,39.0
2023-05-01,LATAM,Beauty,1721.3,394.82,11.0
2024-08-05,EMEA,Home & Garden,8033.91,631.22,30.0
2024-11-26,EMEA,Electronics,4130.67,1401.45,18.0
2024-02-09,LATAM,Sports,3469.56,365.92,30.0
2022-05-10,Middle East,Electronics,840.3,313.73,14.0
2022-02-01,North America,Food & Beverage,9120.29,3028.78,42.0
2024-03-15,APAC,Apparel,9949.18,3425.69,23.0
2022-09-10,APAC,Beauty,14929.87,1245.75,49.0
2024-12-13,LATAM,Food & Beverage,3849.05,898.11,36.0
2022-02-18,EMEA,Beauty,4440.5,,11.0
2024-06-06,North America,Sports,1672.86,476.9,39.0
2022-06-09,EMEA,Electronics,8854.22,,23.0
2022-01-22,LATAM,Sports,2846.96,316.36,30.0
2022-07-09,Middle East,Home & Garden,2663.95,321.24,9.0
2024-04-18,LATAM,Home & Garden,2569.69,720.73,11.0
2023-05-08,LATAM,Electronics,6316.41,1297.12,21.0
2023-02-07,Middle East,Sports,22671.53,3027.74,49.0
2022-06-07,North America,Electronics,20381.2,3049.02,39.0
2023-05-08,EMEA,Home & Garden,1398.49,192.17,39.0
2023-10-01,APAC,Home & Garden,2031.98,508.99,31.0
2024-08-11,LATAM,Food & Beverage,8516.18,2113.97,16.0
2022-06-03,LATAM,Beauty,4199.17,1334.24,13.0
2024-04-02,Middle East,Home & Garden,10853.14,3235.85,29.0
2023-10-22,APAC,Sports,201.45,22.65,1.0
2022-04-29,APAC,Home & Garden,1607.03,221.49,5.0
2023-06-11,LATAM,Food & Beverage,1156.14,138.62,30.0
2023-06-21,EMEA,Food & Beverage,12399.02,4014.96,46.0
2023-06-25,Middle East,Electronics,5110.58,1193.32,13.0
2022-08-18,North America,Home & Garden,9771.83,3383.26,27.0
2024-12-11,EMEA,Food & Beverage,3723.06,967.95,23.0
2022-05-19,APAC,Sports,17421.22,,44.0
2022-05-11,LATAM,Beauty,14537.14,3819.52,42.0
2022-06-06,Middle East,Apparel,9301.59,1199.89,40.0
2022-12-26,North America,Apparel,2888.1,783.62,15.0
2024-10-16,Middle East,Apparel,580.46,41.54,10.0
2024-11-05,Middle East,Apparel,7676.71,1519.11,17.0
2023-02-07,North America,Food & Beverage,4230.98,,38.0
2022-12-22,LATAM,Food & Beverage,11527.45,3043.89,47.0
2022-12-17,APAC,Apparel,10309.19,2470.71,40.0
2024-06-27,LATAM,Sports,1768.4,162.7,12.0
2023-12-11,Middle East,Food & Beverage,21484.18,4295.17,43.0
2023-03-06,North America,Beauty,6613.5,691.04,16.0
2022-10-03,EMEA,Home & Garden,10241.68,3027.33,43.0
2024-10-26,Middle East,Electronics,2158.43,288.63,7.0
2023-06-26,EMEA,Beauty,4987.36,1265.97,15.0
2024-07-20,EMEA,Electronics,5263.5,1829.56,12.0
2024-11-25,LATAM,Beauty,16279.44,1799.05,32.0
2023-10-30,Middle East,Electronics,5111.18,708.62,20.0
2022-06-26,EMEA,Sports,8810.15,935.56,34.0
2023-02-20,EMEA,Beauty,15487.72,1943.02,44.0
2024-02-03,LATAM,Sports,19515.87,5167.96,48.0
2022-03-14,EMEA,Apparel,529.45,45.69,
2023-01-30,North America,Home & Garden,2513.54,953.7,19.0
2023-06-25,North America,Home & Garden,609.71,115.25,39.0
2023-02-10,EMEA,Electronics,6932.07,1588.96,17.0
2024-04-23,Middle East,Beauty,12997.65,2500.8,32.0
2022-12-23,EMEA,Food & Beverage,2936.57,704.48,7.0
2023-07-29,EMEA,Beauty,2910.63,178.84,14.0
2024-07-30,APAC,Food & Beverage,5249.26,908.89,15.0
2024-11-18,North America,Electronics,4098.79,669.29,10.0
2022-06-02,Middle East,Sports,7262.78,1671.86,45.0
2023-02-17,EMEA,Food & Beverage,4513.53,939.73,12.0
2024-01-15,APAC,Home & Garden,18976.91,3087.21,37.0
2024-01-18,APAC,Food & Beverage,37.07,10.61,1.0
2023-07-31,LATAM,Home & Garden,9713.52,1303.29,22.0
2024-11-20,North America,Home & Garden,14131.91,4960.09,31.0
2022-07-21,EMEA,Home & Garden,11534.27,3988.24,43.0
2022-03-17,North America,Food & Beverage,4523.37,1573.62,28.0
2022-08-08,Middle East,Apparel,5851.42,990.16,13.0
2022-11-13,Middle East,Sports,13849.08,4416.98,33.0
2022-01-01,North America,Food & Beverage,127.31,11.45,4.0
2022-04-08,North America,Home & Garden,8605.03,1706.98,46.0
2022-11-20,LATAM,Sports,15.09,2.85,1.0
2024-06-26,APAC,Home & Garden,3618.9,810.25,20.0
2024-11-29,LATAM,Sports,17044.0,3218.64,38.0
2024-04-23,APAC,Beauty,3911.4,920.4,35.0
2024-05-11,EMEA,Beauty,13951.53,3310.11,33.0
2023-05-02,LATAM,Electronics,2024.32,383.33,7.0
2023-06-14,EMEA,Electronics,5226.77,1907.63,33.0
2022-07-23,APAC,Home & Garden,884.03,127.54,47.0
2022-05-15,EMEA,Food & Beverage,8482.05,1511.64,37.0
2022-06-27,Middle East,Sports,454.75,147.45,19.0
2023-01-20,LATAM,Apparel,5534.15,2088.22,12.0
2024-07-04,LATAM,Food & Beverage,13453.79,2431.79,41.0
2024-04-24,Middle East,Beauty,5136.18,931.16,14.0
2022-02-21,EMEA,Beauty,4849.01,1789.34,25.0
2024-01-01,LATAM,Electronics,1286.7,203.97,35.0
2023-07-22,Middle East,Home & Garden,1739.72,233.01,35.0
2024-05-27,Middle East,Apparel,2400.34,370.14,42.0
2022-09-13,APAC,Electronics,11135.08,4026.38,29.0
2023-04-23,Middle East,Beauty,5318.63,1232.99,33.0
2023-12-19,North America,Beauty,4924.49,1125.55,24.0
2024-04-05,Middle East,Apparel,8477.44,2297.4,28.0
2023-05-23,North America,Home & Garden,1264.6,148.77,8.0
2024-02-23,Middle East,Food & Beverage,10687.7,1277.87,26.0
2024-02-01,LATAM,Food & Beverage,6587.26,1462.57,17.0
2023-04-30,EMEA,Electronics,573.06,31.07,3.0
2022-03-31,North America,Electronics,6061.21,1265.07,26.0
2024-10-04,LATAM,Sports,9833.58,1825.02,24.0
2024-06-22,LATAM,Food & Beverage,335.5,74.66,24.0
2022-10-09,North America,Beauty,3898.05,749.45,37.0
2024-02-24,APAC,Electronics,10085.78,3223.86,
2022-01-06,Middle East,Apparel,226.3,54.89,5.0
2023-11-13,EMEA,Beauty,799.69,119.88,15.0
2023-10-01,Middle East,Sports,2015.99,412.11,13.0
2024-06-27,APAC,Sports,11888.94,4196.29,36.0
2024-06-18,Middle East,Food & Beverage,1803.65,605.6,12.0
2024-05-13,North America,Home & Garden,8381.29,1660.02,28.0
2022-12-15,EMEA,Food & Beverage,13338.29,4501.55,31.0
2023-07-29,APAC,Food & Beverage,840.77,268.55,2.0
2022-02-26,North America,Electronics,4740.78,994.47,12.0
2022-10-22,EMEA,Food & Beverage,12472.14,2891.9,31.0
2024-02-14,Middle East,Food & Beverage,5258.88,434.46,19.0
2022-07-30,North America,Electronics,5495.09,667.94,33.0
2023-08-13,APAC,Home & Garden,1593.18,210.49,7.0
2024-04-15,APAC,Electronics,8503.13,1945.46,20.0
2023-06-23,North America,Electronics,18220.58,1890.72,43.0
2022-03-18,North America,Food & Beverage,4445.05,,25.0
2023-04-07,APAC,Food & Beverage,13347.96,844.49,32.0
2023-09-20,LATAM,Sports,1705.38,556.59,48.0
2023-11-11,LATAM,Sports,9800.87,2369.09,40.0
2023-06-01,Middle East,Sports,17683.11,4371.16,45.0
2024-09-26,EMEA,Sports,9606.92,2422.92,45.0
2023-03-01,Middle East,Beauty,7384.74,1888.79,25.0
2022-07-09,APAC,Home & Garden,1719.83,436.93,11.0
2023-11-06,North America,Food & Beverage,17124.71,2847.98,38.0
2023-11-26,APAC,Apparel,91.96,29.24,3.0
2023-01-09,EMEA,Apparel,640.14,190.48,3.0
2024-03-14,Middle East,Apparel,3986.0,1049.51,36.0
2024-06-30,Middle East,Electronics,7924.41,1928.64,46.0
2023-07-30,North America,Home & Garden,836.98,51.85,20.0
2023-12-21,APAC,Home & Garden,8859.15,1336.43,24.0
2023-09-04,LATAM,Electronics,853.78,135.02,21.0
2022-03-16,Middle East,Food & Beverage,1861.38,114.64,25.0
2024-03-24,North America,Apparel,11077.53,1440.45,49.0
2024-07-08,APAC,Food & Beverage,5063.24,1760.1,18.0
2022-09-14,EMEA,Electronics,2934.45,612.4,9.0
2024-04-24,LATAM,Home & Garden,847.22,184.56,2.0
2023-12-29,APAC,Apparel,11705.33,3499.38,27.0
2024-01-07,Middle East,Food & Beverage,2707.84,165.07,40.0
2024-07-20,Middle East,Apparel,1935.1,135.31,4.0
2024-11-01,LATAM,Sports,18477.14,1193.22,45.0
2022-03-08,APAC,Apparel,4580.57,796.76,36.0
2023-07-29,LATAM,Sports,14608.18,3425.51,36.0
2024-02-16,APAC,Electronics,12093.73,1855.8,29.0
2022-01-05,EMEA,Beauty,5111.73,834.79,32.0
2023-10-12,LATAM,Home & Garden,1867.1,325.87,9.0
2024-10-19,North America,Apparel,1656.61,478.36,28.0
2023-09-27,EMEA,Apparel,4825.57,720.34,13.0
2024-07-20,North America,Apparel,12963.35,2755.09,37.0
2023-05-06,EMEA,Home & Garden,4351.36,1158.43,23.0
2023-09-08,APAC,Home & Garden,293.91,68.61,2.0
2024-07-31,EMEA,Food & Beverage,6983.36,2067.33,25.0
2022-01-22,North America,Beauty,1867.2,639.56,9.0
2023-08-19,North America,Food & Beverage,9342.1,1676.91,20.0
2024-01-28,Middle East,Home & Garden,3366.6,492.15,12.0
2022-08-13,North America,Sports,20451.53,5634.14,45.0
2023-07-10,North America,Beauty,384.77,111.22,6.0
2022-06-17,Middle East,Food & Beverage,12956.05,3634.9,
2024-03-23,Middle East,Sports,789.68,251.64,22.0
2024-01-29,LATAM,Beauty,2769.27,583.65,14.0
2022-06-14,LATAM,Sports,4346.74,1621.94,16.0
2022-04-10,APAC,Electronics,8116.93,1217.5,24.0
2024-02-21,LATAM,Electronics,2494.47,434.13,24.0
2022-02-24,Middle East,Electronics,4713.51,550.52,20.0
2023-02-22,LATAM,Electronics,1080.53,159.91,2.0
2023-04-05,EMEA,Home & Garden,3179.17,907.91,23.0
2024-02-25,North America,Electronics,8835.28,1307.08,34.0
2022-08-09,APAC,Sports,62.29,6.32,3.0
2024-09-27,North America,Home & Garden,1992.96,506.13,11.0
2024-08-01,North America,Apparel,1266.65,81.71,5.0
2024-08-04,APAC,Electronics,11695.1,734.28,43.0
2022-12-25,LATAM,Sports,3944.14,296.33,10.0
2024-11-17,LATAM,Sports,4732.13,355.61,41.0
2023-03-23,Middle East,Electronics,3568.75,518.28,25.0
2024-04-24,LATAM,Apparel,568.5,215.87,4.0
2024-08-17,North America,Beauty,5183.53,1721.92,31.0
2024-06-06,North America,Apparel,3057.0,511.66,20.0
2022-09-21,North America,Sports,2373.37,272.08,14.0
2022-04-27,APAC,Beauty,7861.42,,22.0
2024-08-23,North America,Home & Garden,1000.89,212.25,39.0
2023-02-10,Middle East,Electronics,2045.17,302.53,29.0
2023-04-05,EMEA,Beauty,7188.99,459.66,33.0
2022-07-23,North America,Home & Garden,5147.86,1646.38,19.0
2022-05-02,North America,Home & Garden,7494.66,1480.72,30.0
2024-08-25,EMEA,Home & Garden,19819.57,2038.79,43.0
2022-07-11,North America,Home & Garden,391.25,82.32,4.0
2022-10-02,EMEA,Home & Garden,2510.45,168.31,45.0
2023-06-11,APAC,Sports,1458.79,178.97,11.0
2023-06-04,North America,Beauty,4593.01,640.23,10.0
2022-01-06,EMEA,Food & Beverage,15278.1,1356.7,29.0
2022-07-23,Middle East,Electronics,3904.24,860.29,23.0
2023-01-15,EMEA,Electronics,9165.6,2807.27,23.0
2022-07-03,APAC,Sports,840.52,90.11,16.0
2022-08-31,APAC,Sports,83.57,8.72,3.0
2023-01-13,EMEA,Apparel,1172.87,309.66,6.0
2023-01-30,LATAM,Home & Garden,5377.37,782.21,11.0
2022-04-01,North America,Apparel,2521.84,748.94,10.0
2024-04-28,North America,Sports,5247.62,1551.37,12.0
2022-12-17,EMEA,Sports,3063.32,625.84,8.0
2023-07-08,APAC,Apparel,9234.37,3416.23,23.0
2024-07-11,North America,Apparel,1228.45,366.49,5.0
2023-06-17,EMEA,Sports,634.0,125.11,6.0
2024-03-21,LATAM,Sports,4097.63,1313.6,13.0
2024-04-13,LATAM,Apparel,706.37,134.55,2.0
2024-10-21,North America,Beauty,9722.51,3317.81,26.0
2024-02-14,North America,Food & Beverage,2244.62,376.51,34.0
2024-03-21,APAC,Apparel,6548.02,386.89,22.0
2023-05-24,Middle East,Home & Garden,1982.3,611.69,8.0
2022-07-14,LATAM,Apparel,5040.58,688.94,11.0
2023-03-13,EMEA,Sports,15561.8,2593.18,33.0
2022-06-13,APAC,Apparel,826.73,201.61,3.0
2024-01-04,Middle East,Home & Garden,731.01,45.53,3.0
2023-01-21,EMEA,Sports,12532.88,871.77,37.0
2022-08-18,EMEA,Home & Garden,792.11,217.25,5.0
2024-04-03,Middle East,Electronics,14336.0,4350.78,48.0
2022-08-07,LATAM,Apparel,1060.95,329.13,15.0
2023-12-03,North America,Food & Beverage,361.23,32.07,3.0
2023-09-05,Middle East,Electronics,11405.61,1548.86,33.0
2023-06-03,Middle East,Food & Beverage,5183.92,1425.75,43.0
2022-05-16,APAC,Apparel,699.82,97.46,6.0
2024-02-18,EMEA,Food & Beverage,15576.16,854.75,48.0
2024-02-17,EMEA,Home & Garden,3669.28,1020.97,8.0
2023-04-27,APAC,Apparel,5493.21,2051.91,12.0
2022-08-18,EMEA,Electronics,923.98,62.16,12.0
2023-02-05,EMEA,Food & Beverage,5046.27,970.52,36.0
2023-07-28,North America,Electronics,8069.89,690.73,49.0
2024-01-10,LATAM,Sports,2321.24,707.37,38.0
2022-04-10,North America,Home & Garden,5241.69,1282.1,17.0
2022-08-15,APAC,Home & Garden,8221.78,502.67,20.0
2024-08-27,Middle East,Apparel,6279.26,2318.83,16.0
2023-01-25,LATAM,Sports,1946.69,403.87,8.0
2022-10-05,APAC,Sports,1032.68,305.75,26.0
2022-04-18,APAC,Beauty,8507.44,2584.97,27.0
2023-12-25,APAC,Home & Garden,11706.16,1772.51,38.0
2022-06-21,EMEA,Electronics,3310.51,443.48,13.0
2023-07-25,LATAM,Electronics,7439.41,2749.19,38.0
2022-03-19,Middle East,Home & Garden,11638.1,1625.74,36.0
2023-04-11,EMEA,Apparel,15360.7,4043.45,33.0
2024-09-24,Middle East,Home & Garden,6698.33,2423.59,39.0
2023-09-25,Middle East,Apparel,12582.66,3693.54,24.0
2024-04-30,EMEA,Electronics,19326.83,6415.69,38.0
2024-11-22,North America,Food & Beverage,14044.88,1501.59,49.0
2024-08-14,EMEA,Beauty,2961.56,455.44,23.0
2023-03-07,North America,Food & Beverage,9094.12,843.61,30.0
2024-04-03,APAC,Home & Garden,418.56,118.31,2.0
2023-07-20,North America,Apparel,2022.94,372.0,5.0
2023-01-26,Middle East,Food & Beverage,13433.1,1817.4,45.0
2022-02-09,EMEA,Apparel,251.03,36.51,25.0
2023-12-17,LATAM,Sports,14466.83,970.75,31.0
2023-05-05,EMEA,Food & Beverage,6177.93,706.08,43.0
2023-10-04,EMEA,Electronics,332.01,47.3,1.0
2024-06-06,LATAM,Sports,2123.82,299.53,14.0
2023-09-10,EMEA,Apparel,14854.8,2961.09,32.0
2022-10-29,EMEA,Food & Beverage,14290.86,1882.56,41.0
2023-07-27,North America,Home & Garden,17332.29,3763.49,37.0
2022-07-25,Middle East,Sports,12114.42,3589.9,41.0
2022-10-13,Middle East,Beauty,906.63,,2.0
2022-04-11,North America,Home & Garden,3049.38,211.95,7.0
2023-07-30,North America,Beauty,692.14,258.78,27.0
2024-11-10,EMEA,Food & Beverage,491.17,43.01,27.0
2022-01-30,Middle East,Sports,7781.96,1840.93,19.0
2023-07-12,LATAM,Beauty,1276.06,,16.0
2024-08-31,LATAM,Home & Garden,4139.83,1070.51,31.0
2023-10-02,Middle East,Beauty,4782.45,788.93,22.0
2022-07-18,APAC,Beauty,2024.74,398.93,16.0
2024-01-10,Middle East,Electronics,4524.64,613.86,12.0
2024-06-22,EMEA,Beauty,4621.72,1674.12,34.0
2022-04-25,LATAM,Food & Beverage,8263.15,1297.41,21.0
2024-07-19,LATAM,Electronics,821.69,131.47,3.0
2023-08-04,LATAM,Home & Garden,2247.53,242.49,37.0
2023-05-08,Middle East,Beauty,467.94,40.85,1.0
2023-06-10,LATAM,Sports,6853.34,2343.57,20.0
2023-07-18,Middle East,Electronics,8820.34,1440.93,33.0
2022-12-15,EMEA,Home & Garden,11179.11,3774.43,33.0
2024-02-02,North America,Electronics,14350.82,1927.63,44.0
2024-11-24,EMEA,Sports,15151.36,5579.82,37.0
2023-03-18,Middle East,Electronics,3654.67,696.07,14.0
2024-12-29,LATAM,Sports,1974.13,293.16,11.0
2023-10-05,EMEA,Food & Beverage,12252.61,1981.49,37.0
2024-03-04,EMEA,Beauty,3382.76,949.16,25.0
2023-05-04,Middle East,Apparel,492.27,55.36,17.0
2023-05-03,APAC,Apparel,11024.68,1529.79,30.0
2022-11-08,Middle East,Sports,11604.91,3671.96,35.0
2022-08-01,EMEA,Sports,9178.76,1997.05,43.0
2022-05-09,North America,Home & Garden,739.67,175.18,9.0
2022-03-18,North America,Sports,892.47,242.52,2.0
2023-07-04,Middle East,Apparel,2064.02,443.27,27.0
2022-03-21,Middle East,Food & Beverage,1823.04,692.23,7.0
2022-03-19,EMEA,Food & Beverage,13710.37,1438.34,36.0
2022-12-31,Middle East,Electronics,7219.0,873.1,17.0
2024-10-10,APAC,Electronics,12704.05,1157.15,35.0
2023-09-30,APAC,Beauty,1361.49,275.96,32.0
2022-01-16,EMEA,Sports,458.51,76.13,2.0
2024-06-24,LATAM,Apparel,2980.2,337.56,7.0
2023-05-25,North America,Home & Garden,2283.5,302.05,9.0
2024-11-11,APAC,Beauty,553.09,195.84,7.0
2023-06-13,APAC,Food & Beverage,1889.2,352.11,18.0
2022-07-26,APAC,Electronics,2876.32,916.55,26.0
2024-09-26,Middle East,Sports,146.01,39.24,1.0
2024-11-12,North America,Food & Beverage,6046.85,1303.25,15.0
2022-03-08,North America,Apparel,833.01,190.63,4.0
2022-04-29,APAC,Food & Beverage,4991.81,1030.09,17.0
2022-04-20,Middle East,Apparel,3078.29,257.91,48.0
2024-06-28,APAC,Food & Beverage,18411.64,5651.08,48.0
2022-08-07,EMEA,Apparel,1254.52,418.35,12.0
2024-12-15,North America,Beauty,3784.04,783.16,8.0
2024-04-03,APAC,Home & Garden,3695.08,823.17,43.0
2023-03-26,LATAM,Home & Garden,6653.78,419.13,28.0
2024-12-16,LATAM,Home & Garden,2181.84,120.25,13.0
2022-06-26,APAC,Sports,217.79,82.19,10.0
2023-01-05,EMEA,Electronics,21667.12,1877.47,49.0
2023-12-27,EMEA,Home & Garden,3433.03,280.07,13.0
2024-12-17,EMEA,Sports,11769.16,1687.99,47.0
2024-02-06,LATAM,Beauty,4567.3,523.98,11.0
2022-09-09,EMEA,Sports,2097.58,218.91,47.0
2023-11-11,APAC,Beauty,2687.01,718.79,20.0
2024-01-06,LATAM,Sports,9904.79,3408.03,35.0
2024-03-04,Middle East,Electronics,858.82,180.27,14.0
2024-06-13,Middle East,Beauty,2175.98,528.74,12.0
2024-09-27,North America,Electronics,7810.08,1601.04,18.0
2022-01-14,North America,Apparel,2596.82,366.89,44.0
2023-11-30,EMEA,Food & Beverage,3865.15,988.23,36.0
2023-08-26,APAC,Food & Beverage,1422.23,496.57,27.0
2023-09-06,APAC,Apparel,6722.3,1462.62,46.0
2023-04-16,North America,Home & Garden,1248.49,351.02,4.0
2023-06-13,Middle East,Food & Beverage,13378.34,1356.76,45.0
2023-11-25,Middle East,Electronics,6447.49,475.7,23.0
2022-11-07,APAC,Apparel,1875.33,95.69,9.0
2023-10-25,EMEA,Sports,2426.68,466.41,5.0
2022-11-18,EMEA,Food & Beverage,4005.84,683.12,22.0
2023-01-19,LATAM,Home & Garden,,2341.22,34.0
2023-05-05,North America,Home & Garden,5448.24,1385.39,29.0
2023-07-25,Middle East,Sports,9219.84,2141.13,
2022-10-06,Middle East,Sports,10655.42,2237.04,46.0
2023-11-19,North America,Apparel,9640.72,2540.18,31.0
2022-06-05,LATAM,Sports,598.63,153.8,3.0
2022-10-30,North America,Food & Beverage,12323.57,2136.51,49.0
2024-03-08,APAC,Electronics,10807.32,1065.49,29.0
2024-12-20,Middle East,Sports,7141.3,1412.72,15.0
2023-06-03,LATAM,Apparel,6523.76,2203.78,20.0
2023-01-12,North America,Apparel,2747.5,1003.95,30.0
2023-05-03,LATAM,Electronics,1389.21,438.02,3.0
2022-07-26,LATAM,Electronics,7107.39,887.93,19.0
2022-03-16,North America,Home & Garden,1886.76,434.22,15.0
2023-07-13,APAC,Beauty,2827.01,151.12,37.0
2024-07-25,LATAM,Home & Garden,10304.12,2092.82,46.0
2023-09-22,LATAM,Electronics,2005.74,478.25,37.0
2022-10-08,North America,Apparel,362.36,90.86,1.0
2023-05-14,APAC,Sports,20384.94,6282.58,44.0
2022-02-07,APAC,Apparel,3610.31,991.79,21.0
2022-04-09,North America,Food & Beverage,539.02,195.55,1.0
2022-03-28,Middle East,Beauty,2289.43,,21.0
2024-03-09,Middle East,Home & Garden,5695.82,331.35,13.0
2022-05-10,Middle East,Beauty,3527.77,752.83,29.0
2022-07-13,EMEA,Electronics,12111.74,4440.66,34.0
2024-03-17,EMEA,Apparel,22390.02,1309.93,47.0
2024-02-18,APAC,Electronics,1113.34,74.72,10.0
2022-11-07,North America,Apparel,12528.77,883.35,31.0
2023-02-04,North America,Beauty,473.93,159.1,1.0
2023-07-15,APAC,Sports,11725.01,3332.5,34.0
2023-05-28,Middle East,Apparel,21246.06,6521.2,45.0
2024-12-23,LATAM,Sports,597.22,101.23,33.0
2022-06-18,EMEA,Sports,12040.6,3344.01,27.0
2023-06-21,LATAM,Electronics,1651.51,226.73,5.0
2023-01-09,Middle East,Beauty,1817.96,349.22,29.0
2023-01-25,North America,Beauty,8487.63,1513.49,32.0
2022-03-14,North America,Beauty,8374.42,836.48,41.0
2023-12-25,APAC,Apparel,5400.24,1175.75,23.0
2022-10-27,APAC,Food & Beverage,794.58,177.49,2.0
2023-08-18,APAC,Beauty,432.91,26.81,4.0
2023-12-16,North America,Food & Beverage,15891.47,5067.15,33.0
2022-01-21,Middle East,Food & Beverage,12880.41,1147.6,37.0
2022-09-23,North America,Electronics,6108.98,989.39,44.0
2022-09-25,LATAM,Beauty,4819.0,432.98,14.0
2023-05-25,North America,Electronics,13064.61,4961.43,34.0
2023-01-19,APAC,Food & Beverage,3982.59,1062.32,31.0
2022-01-19,EMEA,Sports,4874.55,1433.05,22.0
2022-10-24,LATAM,Apparel,8652.95,644.33,21.0
2024-10-13,North America,Food & Beverage,4182.5,364.54,38.0
2023-01-22,EMEA,Home & Garden,11231.22,3267.88,36.0
2022-12-25,North America,Beauty,284.24,27.26,1.0
2023-05-25,LATAM,Sports,14514.39,4373.7,30.0
2024-11-15,EMEA,Home & Garden,1671.45,189.09,40.0
2022-11-25,EMEA,Electronics,5626.89,1938.18,35.0
2024-09-24,North America,Home & Garden,9377.16,1943.12,31.0
2022-01-17,APAC,Food & Beverage,6699.98,1460.38,28.0
2023-08-21,LATAM,Apparel,2635.05,514.23,10.0
2023-05-10,LATAM,Electronics,1246.81,459.8,3.0
2024-06-09,LATAM,Electronics,595.77,209.01,2.0
2022-12-19,EMEA,Electronics,1018.29,220.5,19.0
2023-07-04,EMEA,Sports,3876.18,807.17,11.0
2022-07-28,APAC,Food & Beverage,1307.11,353.25,22.0
2023-08-31,LATAM,Food & Beverage,5481.88,586.76,18.0
2022-08-30,Middle East,Beauty,20150.76,3630.15,44.0
2024-08-11,Middle East,Home & Garden,200.8,48.91,12.0
2024-07-11,EMEA,Sports,3679.01,266.6,12.0
2023-11-07,Middle East,Home & Garden,7863.0,527.76,26.0
2022-01-14,EMEA,Electronics,4302.4,575.74,46.0
2023-06-06,Middle East,Apparel,3426.73,803.09,20.0
2023-05-24,EMEA,Sports,730.05,121.37,24.0
2024-12-21,APAC,Apparel,2359.54,,40.0
2022-12-28,LATAM,Home & Garden,3362.74,854.97,8.0
2023-04-24,Middle East,Beauty,4043.72,551.66,9.0
2022-04-28,Middle East,Sports,14967.43,4010.82,34.0
2022-02-08,APAC,Apparel,4738.26,237.67,12.0
2022-03-23,North America,Electronics,4322.53,1605.79,35.0
2023-07-09,North America,Electronics,2490.1,572.66,36.0
2022-05-16,Middle East,Home & Garden,695.1,105.6,14.0
2022-07-06,EMEA,Home & Garden,14049.84,2628.86,35.0
2023-08-13,APAC,Sports,1770.32,586.55,12.0
2023-02-13,LATAM,Electronics,2436.16,470.11,10.0
2023-06-06,APAC,Sports,6713.35,1851.63,16.0
2024-08-27,North America,Beauty,2298.94,601.21,34.0
2022-10-28,Middle East,Sports,9381.43,2396.09,32.0
2024-12-03,Middle East,Home & Garden,3356.49,893.92,14.0
2023-01-04,APAC,Sports,8262.92,1659.35,44.0
2024-05-01,APAC,Electronics,4562.4,1469.17,22.0
2022-01-19,EMEA,Sports,19124.79,3849.55,42.0
2023-02-09,APAC,Beauty,3659.34,1312.67,41.0
2022-06-15,North America,Beauty,8151.84,1723.76,19.0
2022-01-22,LATAM,Electronics,5466.34,278.98,38.0
2024-03-07,EMEA,Sports,3922.45,1445.92,14.0
2024-10-25,North America,Sports,18351.23,2279.39,43.0
2023-03-27,EMEA,Beauty,5992.75,1630.64,19.0
2024-03-28,EMEA,Electronics,13898.08,3087.73,27.0
2023-04-24,LATAM,Home & Garden,1240.22,445.63,9.0
2024-11-19,Middle East,Food & Beverage,9805.36,3341.19,31.0
2023-09-15,North America,Sports,13211.89,2569.82,40.0
2022-05-17,LATAM,Sports,37.86,12.92,1.0
2024-01-26,EMEA,Apparel,2749.99,689.58,11.0
2022-10-10,LATAM,Apparel,11769.6,2688.11,44.0
2023-02-18,APAC,Food & Beverage,194.95,36.31,4.0
2023-01-24,APAC,Sports,13266.85,3002.34,43.0
2024-09-25,LATAM,Electronics,1704.43,438.32,34.0
2024-09-26,Middle East,Electronics,11324.85,977.95,37.0
2022-07-09,North America,Food & Beverage,18076.07,1977.18,46.0
2024-02-23,North America,Electronics,1332.17,352.59,30.0
2022-02-25,Middle East,Electronics,3800.68,882.74,10.0
2024-09-30,EMEA,Food & Beverage,782.15,76.43,29.0
2022-06-25,EMEA,Electronics,16514.14,1057.93,49.0
2023-03-02,APAC,Sports,17200.28,6190.89,43.0
2023-07-25,Middle East,Electronics,6353.16,1070.64,17.0
2023-01-27,EMEA,Home & Garden,12758.08,3880.79,30.0
2023-05-03,LATAM,Apparel,9611.29,2846.6,34.0
2022-12-20,APAC,Sports,1410.77,334.31,43.0
2024-12-21,Middle East,Food & Beverage,11274.46,2812.49,23.0
2023-12-25,APAC,Electronics,4720.55,1261.23,11.0
2023-04-10,APAC,Beauty,3760.84,1165.67,18.0
2024-05-26,Middle East,Home & Garden,5684.14,1182.6,12.0
2023-06-20,APAC,Beauty,6771.72,1090.64,20.0
2022-09-05,North America,Food & Beverage,255.98,63.47,2.0
2024-12-22,North America,Apparel,1566.93,529.65,20.0
2024-05-28,Middle East,Food & Beverage,15677.18,4207.2,40.0
2024-01-28,Middle East,Electronics,14086.78,1303.69,39.0
2023-08-20,LATAM,Food & Beverage,16851.48,2091.2,41.0
2023-11-21,North America,Electronics,19006.49,1204.59,39.0
2023-08-07,LATAM,Sports,9871.83,1421.58,23.0
2024-02-22,LATAM,Sports,7808.95,1764.12,40.0
2024-09-21,LATAM,Food & Beverage,1266.25,343.75,8.0
2023-05-21,Middle East,Electronics,2047.58,443.63,6.0
2023-03-26,North America,Electronics,5823.66,371.42,35.0
2022-02-13,North America,Home & Garden,8842.61,1180.61,40.0
2022-05-13,APAC,Beauty,13477.91,708.91,34.0
2023-01-17,APAC,Apparel,75.62,4.77,1.0
2022-05-17,APAC,Beauty,4006.94,312.64,33.0
2023-07-06,APAC,Electronics,3352.39,1146.78,9.0
2022-01-27,LATAM,Food & Beverage,411.79,46.01,2.0
2024-04-05,Middle East,Electronics,6001.21,1775.32,43.0
2023-02-14,EMEA,Sports,5709.57,1735.12,47.0
2023-08-19,APAC,Electronics,4174.72,287.96,27.0
2022-10-15,EMEA,Home & Garden,10835.37,2204.77,39.0
2024-10-28,LATAM,Food & Beverage,6024.02,887.89,17.0
2024-03-03,LATAM,Food & Beverage,180.34,33.82,2.0
2023-05-08,EMEA,Food & Beverage,1614.25,297.36,5.0
2024-01-11,APAC,Home & Garden,3499.32,698.76,37.0
2024-12-21,APAC,Food & Beverage,478.85,151.68,2.0
2022-10-18,APAC,Food & Beverage,10561.49,1491.14,46.0
2023-10-02,APAC,Sports,1279.21,309.83,6.0
2024-06-21,APAC,Beauty,8419.79,2167.59,19.0
2024-07-27,EMEA,Food & Beverage,4130.9,283.32,38.0
2024-02-04,APAC,Electronics,13793.37,5070.63,41.0
2024-08-15,APAC,Beauty,5818.59,1958.52,28.0
2024-09-17,LATAM,Home & Garden,2784.75,442.28,12.0
2023-01-14,North America,Food & Beverage,2649.55,615.61,6.0
2023-07-20,EMEA,Beauty,9803.65,1486.51,19.0
2022-11-21,North America,Apparel,8634.13,1294.49,18.0
2023-05-10,EMEA,Food & Beverage,14424.65,2912.38,49.0
2022-04-18,APAC,Electronics,2543.75,398.15,27.0
2024-04-04,Middle East,Electronics,1882.54,531.46,6.0
2023-07-07,APAC,Food & Beverage,10102.72,1176.32,23.0
2024-03-27,North America,Beauty,6507.0,1683.55,39.0
2023-11-15,LATAM,Electronics,917.24,120.05,28.0
2023-02-23,North America,Apparel,793.01,182.22,2.0
2022-10-15,Middle East,Apparel,366.62,27.74,7.0
2024-05-20,Middle East,Food & Beverage,11650.29,997.91,41.0
2024-08-29,North America,Home & Garden,4545.33,1578.16,29.0
2024-06-10,North America,Apparel,3440.5,1062.85,14.0
2024-06-23,EMEA,Beauty,6229.59,2017.22,14.0
2022-03-20,EMEA,Home & Garden,21582.9,6035.48,48.0
2022-06-12,APAC,Home & Garden,5979.06,1702.39,23.0
2024-03-06,APAC,Electronics,9386.83,2659.69,29.0
2024-08-14,Middle East,Home & Garden,3144.07,179.48,9.0
2022-03-22,EMEA,Sports,7592.59,933.99,15.0
2023-05-08,Middle East,Home & Garden,10855.29,1431.37,39.0
2023-06-24,Middle East,Apparel,2953.88,1063.45,21.0
2024-07-19,North America,Sports,70.3,23.58,5.0
2024-05-21,North America,Food & Beverage,10654.98,1673.16,24.0
2022-04-23,LATAM,Food & Beverage,12593.88,1994.64,48.0
2022-09-04,Middle East,Home & Garden,5353.18,1687.27,36.0
2022-08-02,EMEA,Apparel,368.47,118.76,3.0
2023-01-01,LATAM,Electronics,711.7,172.13,2.0
2024-06-24,APAC,Beauty,7510.35,1999.84,28.0
2024-09-05,APAC,Sports,860.78,323.25,18.0
2022-06-12,Middle East,Food & Beverage,19552.8,6971.48,40.0
2023-06-27,EMEA,Sports,2642.82,320.93,34.0
2023-02-01,LATAM,Sports,1920.02,469.29,12.0
2023-06-10,North America,Apparel,832.24,194.65,2.0
2024-10-31,LATAM,Electronics,10689.15,820.67,27.0
2023-04-30,LATAM,Food & Beverage,8654.87,835.59,30.0
2024-06-11,EMEA,Home & Garden,5539.87,637.94,48.0
2022-11-04,EMEA,Food & Beverage,1039.22,322.31,4.0
2024-03-29,Middle East,Home & Garden,52.99,5.86,1.0
2022-05-02,Middle East,Beauty,93.44,17.86,
2022-03-29,North America,Home & Garden,8742.23,2245.81,22.0
2022-12-30,EMEA,Electronics,1840.29,446.24,16.0
2024-02-17,LATAM,Home & Garden,17276.16,886.52,44.0
2024-07-24,EMEA,Home & Garden,1015.55,192.72,3.0
2022-01-12,EMEA,Sports,784.93,145.26,6.0
2023-03-12,North America,Electronics,3372.33,820.91,26.0
2023-09-08,EMEA,Beauty,19128.57,5785.93,44.0
2024-07-02,EMEA,Beauty,2235.97,424.93,5.0
2023-05-19,North America,Apparel,13271.47,1967.69,45.0
2023-05-21,Middle East,Sports,1498.06,193.4,11.0
2024-08-03,APAC,Sports,11251.28,1067.54,22.0
2022-09-27,Middle East,Food & Beverage,838.67,112.96,10.0
2022-01-11,North America,Apparel,1628.67,420.84,23.0
2022-11-16,North America,Home & Garden,6399.63,2395.89,36.0
2022-12-08,APAC,Electronics,5741.22,1436.4,40.0
2022-02-03,EMEA,Home & Garden,9302.83,2659.12,25.0
2024-11-11,EMEA,Sports,472.67,54.86,13.0
2024-06-28,EMEA,Home & Garden,8915.1,3154.4,23.0
2024-03-24,EMEA,Electronics,5465.54,1964.87,27.0
2023-01-10,Middle East,Apparel,2623.3,743.91,11.0
2022-04-11,North America,Beauty,1377.6,299.88,5.0
2024-04-03,APAC,Food & Beverage,572.93,173.14,7.0
2023-04-14,North America,Electronics,4506.71,968.99,21.0
2024-04-23,APAC,Apparel,514.23,188.58,1.0
2024-01-19,North America,Electronics,1764.67,657.49,23.0
2023-02-10,Middle East,Beauty,4968.53,,31.0
2022-12-15,Middle East,Apparel,2812.52,397.04,10.0
2023-12-20,EMEA,Home & Garden,2448.05,659.64,30.0
2022-06-29,EMEA,Home & Garden,2305.21,329.5,45.0
2024-02-16,North America,Electronics,9110.41,1379.32,41.0
2022-10-28,APAC,Food & Beverage,1558.56,365.95,13.0
2022-02-21,North America,Home & Garden,5064.38,294.71,11.0
2023-06-17,LATAM,Apparel,13618.78,2208.55,27.0
2022-12-09,North America,Electronics,13370.36,931.68,30.0
2023-10-27,LATAM,Apparel,5041.55,521.8,12.0
2023-12-01,North America,Home & Garden,12893.55,1647.32,39.0
2022-09-25,EMEA,Home & Garden,1682.77,537.89,12.0
2022-10-07,LATAM,Beauty,313.65,18.12,12.0
2022-08-11,North America,Apparel,7164.22,1496.6,33.0
2024-11-20,EMEA,Beauty,353.92,94.18,3.0
2022-05-06,APAC,Beauty,1457.34,543.2,6.0
2023-10-11,EMEA,Beauty,16076.06,3712.05,40.0
2023-12-10,LATAM,Home & Garden,304.24,19.37,2.0
2022-06-05,EMEA,Beauty,4594.31,1730.8,19.0
2022-03-11,LATAM,Home & Garden,1795.71,301.01,8.0
2022-01-19,Middle East,Apparel,4782.84,1755.99,39.0
2023-03-13,LATAM,Apparel,10424.13,639.38,20.0
2023-08-09,North America,Electronics,6110.45,2033.59,43.0
2022-10-26,Middle East,Apparel,6957.17,832.44,16.0
2023-12-13,Middle East,Apparel,17954.0,1134.84,45.0
2023-01-07,EMEA,Home & Garden,2281.57,435.62,27.0
2024-09-10,North America,Sports,3166.85,1028.37,17.0
2022-06-13,LATAM,Electronics,15664.96,2105.12,
2023-12-26,LATAM,Electronics,1406.2,404.78,4.0
2024-09-07,Middle East,Food & Beverage,680.12,120.39,23.0
2024-05-21,LATAM,Sports,9383.19,3476.36,18.0
2022-06-21,LATAM,Beauty,13057.69,2026.21,37.0
2023-10-17,EMEA,Electronics,7206.3,1287.52,21.0
2022-04-02,APAC,Electronics,258.61,50.43,6.0
2024-10-13,LATAM,Beauty,3801.17,1236.54,25.0
2022-08-06,LATAM,Electronics,3549.43,258.8,22.0
2023-09-10,North America,Beauty,1511.22,406.32,5.0
2022-06-10,LATAM,Sports,17607.62,3497.72,46.0
2023-05-08,APAC,Food & Beverage,2361.93,679.67,5.0
2022-11-07,LATAM,Beauty,450.41,64.18,9.0
2024-10-03,North America,Beauty,10552.55,1752.21,26.0
2023-12-18,Middle East,Apparel,980.42,247.53,8.0
2023-11-23,EMEA,Electronics,3698.1,313.96,10.0
2024-11-01,LATAM,Home & Garden,12069.28,2095.58,23.0
2023-11-22,APAC,Beauty,7008.12,927.19,17.0
2023-05-12,EMEA,Sports,13822.14,4355.98,35.0
2024-10-17,Middle East,Beauty,17878.58,4366.43,44.0
2024-08-06,Middle East,Beauty,96.32,19.46,4.0
2024-08-08,EMEA,Food & Beverage,7224.61,1742.69,39.0
2022-11-28,APAC,Home & Garden,1495.08,566.58,4.0
2022-04-15,EMEA,Food & Beverage,2169.15,484.48,46.0
2022-09-30,North America,Beauty,1005.32,326.37,6.0
2024-11-28,Middle East,Home & Garden,11560.49,2473.28,28.0
2023-03-05,APAC,Food & Beverage,783.14,188.52,20.0
2022-10-25,Middle East,Apparel,1548.48,482.81,28.0
2024-02-25,APAC,Electronics,12371.5,4415.48,25.0
2024-04-06,APAC,Electronics,144.96,51.47,1.0
2023-12-24,EMEA,Apparel,532.07,63.13,32.0
2024-12-12,APAC,Apparel,2274.38,257.07,13.0
2024-09-04,Middle East,Electronics,5220.22,328.08,21.0
2022-12-27,LATAM,Apparel,15713.56,2060.47,40.0
2022-12-17,Middle East,Apparel,835.11,148.81,3.0
2023-11-01,Middle East,Beauty,4598.26,513.97,21.0
2023-09-15,Middle East,Home & Garden,15818.08,,33.0
2023-10-19,North America,Home & Garden,18350.72,5099.46,43.0
2023-08-29,EMEA,Electronics,14593.91,1027.73,42.0
2024-08-13,North America,Electronics,6871.2,2329.42,49.0
2024-11-21,APAC,Apparel,2760.52,859.36,16.0
2023-11-13,APAC,Beauty,7414.35,1333.96,19.0
2022-03-16,North America,Electronics,10320.25,2562.94,48.0
2023-11-02,APAC,Electronics,3235.79,771.28,20.0
2023-11-26,EMEA,Electronics,7793.68,872.21,32.0
2024-08-20,APAC,Sports,9354.52,1736.65,45.0
2022-01-13,North America,Home & Garden,2108.85,407.84,6.0
2024-10-26,Middle East,Electronics,774.38,100.05,5.0
2023-12-16,LATAM,Apparel,2120.01,243.04,24.0
2024-11-28,North America,Apparel,8888.74,694.61,26.0
2024-04-28,North America,Beauty,193.29,72.23,2.0
2023-02-24,APAC,Beauty,15584.26,3912.66,48.0
2024-10-08,LATAM,Sports,4040.62,901.39,44.0
2024-09-30,North America,Food & Beverage,5520.9,370.96,43.0
2022-12-07,EMEA,Beauty,7253.4,2081.03,28.0
2024-08-27,North America,Beauty,7985.93,1397.53,41.0
2023-03-06,EMEA,Home & Garden,11936.35,1054.76,25.0
2023-02-09,North America,Home & Garden,853.84,176.46,3.0
2024-04-16,Middle East,Electronics,10576.56,685.94,38.0
2023-04-21,North America,Beauty,5735.82,1542.36,17.0
2024-05-03,EMEA,Apparel,1699.89,255.3,5.0
2024-01-19,EMEA,Food & Beverage,5295.64,896.86,15.0
2022-11-23,APAC,Sports,7408.93,1216.31,41.0
2024-03-20,North America,Sports,81.5,15.16,2.0
2022-07-02,Middle East,Sports,1963.73,581.04,23.0
2022-04-03,LATAM,Beauty,1050.06,99.51,3.0
2022-03-24,North America,Food & Beverage,5747.99,939.36,14.0
2023-10-03,LATAM,Apparel,3590.74,1347.65,23.0
2023-05-22,North America,Home & Garden,898.13,89.15,22.0
2024-02-26,EMEA,Sports,586.41,216.18,3.0
2023-10-05,North America,Sports,149.1,35.12,2.0
2022-04-28,Middle East,Apparel,1803.8,476.99,6.0
2022-11-16,EMEA,Beauty,,130.26,1.0
2022-06-12,EMEA,Electronics,4371.15,767.7,39.0
2022-12-18,Middle East,Food & Beverage,2831.47,993.59,6.0
2022-01-16,APAC,Sports,1740.92,380.69,10.0
2022-11-19,APAC,Beauty,10073.71,1448.83,41.0
2023-07-02,Middle East,Sports,5388.9,641.08,33.0
2023-07-20,EMEA,Home & Garden,382.11,98.1,18.0
2023-09-04,EMEA,Electronics,866.54,69.55,4.0
2023-09-05,North America,Electronics,3531.64,191.66,37.0
2023-12-09,EMEA,Home & Garden,2926.19,812.7,
2023-07-09,APAC,Food & Beverage,11800.07,4268.93,38.0
2024-07-25,North America,Electronics,960.66,56.36,45.0
2022-10-10,North America,Apparel,6246.45,409.96,41.0
2022-04-27,EMEA,Electronics,3908.09,714.28,24.0
2024-12-20,LATAM,Home & Garden,2633.07,212.33,7.0
2024-02-24,North America,Beauty,2531.27,523.05,18.0
2024-03-28,North America,Food & Beverage,2020.5,666.96,18.0
2023-12-24,APAC,Electronics,6281.74,1583.37,13.0
2022-12-14,APAC,Beauty,448.64,169.48,23.0
2024-10-27,LATAM,Sports,12260.56,878.07,40.0
2023-10-09,APAC,Food & Beverage,12199.58,615.09,25.0
2023-11-24,LATAM,Electronics,14359.04,4788.47,37.0
2024-01-16,North America,Food & Beverage,10949.37,1894.63,23.0
2023-02-18,North America,Food & Beverage,1846.01,501.29,17.0
2024-10-19,APAC,Electronics,11774.86,755.45,28.0
2024-11-28,EMEA,Beauty,6807.6,1880.08,21.0
2022-05-08,EMEA,Apparel,9381.89,2875.05,23.0
2023-01-22,Middle East,Food & Beverage,3532.12,992.09,13.0
2022-12-11,LATAM,Beauty,1854.31,251.17,16.0
2023-08-02,LATAM,Sports,13122.97,2104.97,38.0
2024-01-07,EMEA,Beauty,10636.57,3603.89,
2024-08-21,North America,Home & Garden,6861.19,1911.75,42.0
2022-10-28,Middle East,Apparel,3214.4,334.75,37.0
2022-04-27,EMEA,Electronics,3760.41,454.38,37.0
2023-10-23,APAC,Sports,675.47,128.66,2.0
2023-04-22,LATAM,Apparel,10299.07,1837.7,22.0
2022-11-23,EMEA,Apparel,725.69,139.9,4.0
2023-09-07,LATAM,Apparel,26057.67,7382.18,49.0
2024-07-20,Middle East,Food & Beverage,4417.17,1085.45,10.0
2022-09-08,LATAM,Home & Garden,13965.59,4827.35,33.0
2023-10-16,Middle East,Apparel,91.84,13.08,6.0
2023-08-01,EMEA,Sports,8708.32,2737.0,30.0
2022-04-23,Middle East,Sports,2747.1,952.14,17.0
2023-05-09,LATAM,Food & Beverage,335.14,113.65,18.0
2022-02-03,North America,Food & Beverage,17284.19,4996.24,49.0
2023-08-13,APAC,Beauty,3543.6,635.4,10.0
2022-12-25,EMEA,Food & Beverage,14068.15,3744.03,43.0
2023-04-09,EMEA,Electronics,11508.82,1318.77,38.0
2023-08-03,North America,Home & Garden,3582.94,1333.81,14.0
2022-03-25,North America,Electronics,8068.95,696.94,35.0
2024-10-06,APAC,Electronics,4753.22,404.94,15.0
2022-08-19,Middle East,Sports,94.05,20.58,1.0
2024-09-02,APAC,Food & Beverage,9192.09,1482.31,40.0
2022-11-08,APAC,Food & Beverage,2011.9,634.43,31.0
2024-05-27,APAC,Food & Beverage,22279.89,3225.34,47.0
2022-05-07,APAC,Sports,4763.38,1715.16,24.0
2022-06-01,North America,Food & Beverage,9913.22,3731.02,47.0
2023-12-02,LATAM,Apparel,9835.92,832.31,39.0
2023-03-15,APAC,Sports,8891.54,1604.95,48.0
2022-10-07,North America,Food & Beverage,6465.34,654.04,35.0
2024-01-27,Middle East,Electronics,279.91,65.6,2.0
2024-06-30,Middle East,Electronics,7924.41,1928.64,46.0
2023-11-11,North America,Beauty,11223.5,1804.86,30.0
2022-06-07,Middle East,Food & Beverage,8430.18,1770.04,30.0
2022-03-04,Middle East,Food & Beverage,4195.47,1257.22,8.0
2024-11-22,North America,Electronics,6595.37,772.37,35.0
2022-01-15,North America,Food & Beverage,14049.24,2997.8,42.0
2023-03-07,APAC,Apparel,1074.69,107.64,10.0
2022-06-06,APAC,Electronics,7963.52,1734.26,18.0
2024-11-02,Middle East,Beauty,9106.26,2988.25,23.0
2023-08-06,EMEA,Food & Beverage,1203.04,429.1,7.0
2022-09-12,LATAM,Electronics,3828.14,,16.0
2023-12-07,Middle East,Sports,891.27,205.7,12.0
2022-07-02,Middle East,Home & Garden,754.08,98.77,3.0
2023-09-29,LATAM,Beauty,7238.99,1297.15,21.0
2022-11-11,APAC,Electronics,1131.72,206.34,4.0
2022-03-19,North America,Electronics,4002.16,476.47,46.0
2022-01-23,APAC,Beauty,2940.58,464.69,19.0
2022-04-22,EMEA,Electronics,10963.17,2559.15,38.0
2023-08-25,Middle East,Home & Garden,5252.28,485.39,13.0
2023-01-02,LATAM,Apparel,11874.27,1614.91,37.0
2023-02-13,LATAM,Food & Beverage,2562.67,626.73,8.0
2024-05-26,EMEA,Beauty,8467.87,2521.66,45.0
2023-12-12,LATAM,Electronics,9726.93,1598.24,28.0
2023-07-31,APAC,Electronics,205.83,78.02,4.0
2023-09-20,EMEA,Food & Beverage,1375.14,395.34,14.0
2023-08-27,LATAM,Beauty,6067.07,1574.4,48.0
2022-12-26,APAC,Beauty,5836.11,1131.79,38.0
2022-09-01,EMEA,Beauty,1900.4,193.1,43.0
2022-10-09,LATAM,Apparel,10318.0,1869.89,28.0
2024-03-17,EMEA,Electronics,628.46,200.35,41.0
2023-07-16,LATAM,Sports,4085.14,1479.48,41.0
2024-03-18,North America,Sports,6315.84,1526.54,43.0
2022-12-02,EMEA,Sports,617.63,189.81,6.0
2022-06-23,EMEA,Sports,875.82,192.96,15.0
2022-04-20,EMEA,Sports,23809.22,8461.89,48.0
2022-08-30,North America,Food & Beverage,17403.91,2937.18,40.0
2023-12-10,LATAM,Food & Beverage,14118.65,2167.77,47.0
2022-02-25,LATAM,Electronics,450.07,109.49,2.0
2022-01-21,North America,Apparel,3921.13,671.5,34.0
2022-06-04,LATAM,Sports,8812.12,1859.6,45.0
2024-06-29,LATAM,Sports,4586.13,1433.46,35.0
2023-11-16,APAC,Beauty,4358.3,789.67,17.0
2024-09-07,APAC,Sports,7858.91,2458.72,18.0
2022-08-05,EMEA,Electronics,16315.05,4160.36,36.0
2024-06-01,EMEA,Home & Garden,4072.67,954.05,16.0
2024-11-28,APAC,Electronics,5727.28,1501.88,
2022-07-09,North America,Beauty,8600.93,1646.87,42.0
2022-07-27,APAC,Home & Garden,5715.24,1536.25,21.0
2024-07-21,EMEA,Beauty,12675.46,2709.38,49.0
2024-06-26,APAC,Electronics,19147.81,7273.94,37.0
2024-12-24,Middle East,Home & Garden,615.1,83.36,9.0
2024-06-17,EMEA,Home & Garden,250.68,59.41,3.0
2023-08-28,North America,Beauty,1540.15,325.52,35.0
2024-01-24,LATAM,Sports,12643.58,2987.99,28.0
2024-02-08,North America,Apparel,15128.04,3875.7,47.0
2023-10-30,LATAM,Sports,512.92,131.09,9.0
2023-08-05,EMEA,Electronics,2659.03,936.05,6.0
2022-12-18,North America,Apparel,15899.8,4221.84,46.0
2023-06-26,North America,Electronics,2849.74,368.96,21.0
2022-12-05,LATAM,Food & Beverage,15215.56,5291.09,34.0
2023-11-02,Middle East,Beauty,7863.72,2508.58,39.0
2023-01-02,North America,Food & Beverage,215.33,15.9,3.0
2023-03-21,Middle East,Electronics,1154.81,338.12,7.0
2023-08-19,Middle East,Food & Beverage,8340.26,3055.79,21.0
2022-06-22,Middle East,Beauty,3894.27,1452.7,8.0
2024-03-25,Middle East,Home & Garden,2650.89,407.06,17.0
2022-08-24,Middle East,Home & Garden,18897.9,2151.22,44.0
2023-06-05,EMEA,Home & Garden,3073.54,708.9,
2022-12-15,LATAM,Electronics,4148.48,236.5,8.0
2023-04-07,LATAM,Apparel,8843.8,2848.86,21.0
2023-04-03,North America,Home & Garden,1441.11,455.79,6.0
2024-01-20,North America,Beauty,7587.06,2689.89,25.0
2023-07-14,North America,Food & Beverage,8458.04,556.37,24.0
2022-09-14,EMEA,Apparel,7652.1,2381.86,26.0
2024-01-11,APAC,Home & Garden,10759.91,855.01,31.0
2022-06-26,LATAM,Beauty,1956.99,367.09,20.0
2023-08-28,EMEA,Sports,3038.06,1112.41,47.0
2022-05-13,North America,Food & Beverage,5424.86,1449.26,35.0
2023-04-19,APAC,Home & Garden,2698.72,531.17,7.0
2023-11-22,EMEA,Sports,1734.9,363.33,9.0
2022-03-04,APAC,Home & Garden,3124.54,663.81,11.0
2024-10-21,Middle East,Apparel,5257.41,1700.15,17.0
2023-08-30,EMEA,Beauty,327.28,33.85,10.0
2022-01-25,EMEA,Electronics,757.46,220.44,33.0
2024-01-16,Middle East,Apparel,19164.66,4059.97,46.0
2024-07-26,APAC,Apparel,9692.62,3041.65,36.0
2022-12-24,North America,Apparel,10114.03,1590.75,42.0
2024-03-23,EMEA,Apparel,6439.2,972.87,19.0
2024-11-29,LATAM,Food & Beverage,4142.41,987.77,38.0
2022-10-20,North America,Beauty,6815.49,2335.38,44.0
2024-06-11,EMEA,Electronics,885.95,211.42,38.0
2022-09-18,APAC,Sports,412.69,75.72,6.0
2024-01-03,APAC,Sports,4013.52,246.66,12.0
2023-03-29,Middle East,Home & Garden,12087.86,2298.19,31.0
2022-01-19,North America,Home & Garden,5438.41,733.62,21.0
2023-12-03,EMEA,Beauty,1558.34,311.57,7.0
2022-01-16,EMEA,Apparel,452.27,126.47,1.0
2022-01-25,North America,Apparel,15259.27,3249.28,44.0
2024-10-23,APAC,Beauty,6295.26,553.62,21.0
2023-12-31,North America,Beauty,488.51,167.7,3.0
2024-05-03,APAC,Sports,4077.69,326.37,40.0
2023-04-24,Middle East,Apparel,8905.75,2951.3,33.0
2024-09-10,LATAM,Home & Garden,90.62,7.85,7.0
2024-08-29,LATAM,Home & Garden,7373.28,743.98,42.0
2022-04-07,LATAM,Food & Beverage,14197.38,,36.0
2023-07-09,APAC,Sports,1005.37,85.8,16.0
2023-05-04,North America,Sports,3947.99,923.36,39.0
2023-04-25,Middle East,Apparel,4566.17,1372.06,45.0
2022-12-05,APAC,Sports,7896.02,2957.15,33.0
2023-09-04,North America,Beauty,11367.19,2950.54,38.0
2024-11-29,EMEA,Electronics,7864.8,1181.67,27.0
2024-12-26,APAC,Electronics,7867.89,2601.81,
2024-05-27,APAC,Sports,9833.82,1411.14,45.0
2024-02-15,Middle East,Food & Beverage,15082.17,1850.62,37.0
2022-02-09,LATAM,Sports,12767.65,3801.84,32.0
2023-04-06,LATAM,Food & Beverage,9246.64,2498.45,38.0
2022-05-17,Middle East,Home & Garden,9962.22,2577.53,21.0
2022-09-04,LATAM,Sports,3414.69,477.07,32.0
2023-04-14,EMEA,Beauty,5184.95,1823.71,38.0
2024-09-14,EMEA,Electronics,2922.91,806.33,30.0
2023-05-04,LATAM,Sports,434.27,58.95,23.0
2024-08-30,APAC,Apparel,5595.65,1207.5,13.0
2022-08-09,Middle East,Beauty,1678.57,369.19,22.0
2024-08-09,North America,Home & Garden,1897.93,550.94,32.0
2024-01-15,Middle East,Beauty,10389.46,3715.37,46.0
2024-02-27,Middle East,Beauty,20391.08,1151.57,44.0
2022-05-10,EMEA,Apparel,13368.7,3312.67,32.0
2023-08-12,Middle East,Beauty,3017.48,904.42,26.0
2024-03-16,APAC,Electronics,8219.65,2562.39,19.0
2022-11-13,APAC,Beauty,10401.67,1293.47,25.0
2024-08-03,Middle East,Beauty,7988.56,2875.39,49.0
2022-04-23,EMEA,Sports,9061.31,3359.02,32.0
2024-03-19,LATAM,Food & Beverage,4157.65,1298.53,40.0
2024-08-24,LATAM,Apparel,738.56,113.82,12.0
2024-09-19,LATAM,Sports,150.72,34.73,15.0
2023-05-13,LATAM,Electronics,1778.3,547.06,4.0
2022-01-20,North America,Beauty,3387.15,359.52,34.0
2023-02-09,North America,Electronics,11068.48,556.92,24.0
2023-05-24,APAC,Electronics,4427.05,1363.3,11.0
2022-07-29,North America,Home & Garden,4606.3,911.76,42.0
2024-08-09,EMEA,Sports,3698.75,1400.1,17.0
2023-01-28,EMEA,Beauty,154.69,28.65,9.0
2022-07-13,APAC,Apparel,318.5,114.57,6.0
2022-02-20,North America,Food & Beverage,2093.46,466.1,7.0
2023-11-08,EMEA,Sports,856.05,99.98,2.0
2024-06-17,APAC,Electronics,10470.34,2623.89,43.0
2022-10-29,North America,Food & Beverage,1597.57,494.22,45.0
2024-08-05,Middle East,Food & Beverage,392.37,146.73,3.0
2024-10-23,North America,Beauty,47.8,12.94,1.0
2022-01-10,LATAM,Sports,1242.04,88.89,12.0
2024-06-04,North America,Beauty,895.09,168.23,7.0
2024-10-23,LATAM,Sports,13986.6,2275.04,45.0
2022-02-05,LATAM,Home & Garden,6312.69,1745.07,18.0
2022-10-11,North America,Apparel,6747.06,1386.05,23.0
2024-07-28,LATAM,Food & Beverage,17948.35,1987.27,42.0
2024-10-15,Middle East,Apparel,3238.7,860.75,20.0
2022-05-04,LATAM,Sports,1802.38,322.97,6.0
2023-09-10,LATAM,Food & Beverage,2399.73,628.47,7.0
2023-02-05,Middle East,Beauty,2149.02,595.59,47.0
2024-09-23,Middle East,Sports,15826.7,4802.98,32.0
2022-04-15,LATAM,Beauty,5405.69,332.79,18.0
2022-07-04,North America,Home & Garden,9401.36,656.95,21.0
2022-09-11,Middle East,Electronics,1116.11,303.1,14.0
2022-06-16,North America,Food & Beverage,16156.83,5650.85,38.0
2023-12-05,Middle East,Beauty,9048.25,2899.42,25.0
2022-05-21,North America,Beauty,8825.23,2108.39,38.0
2022-07-22,LATAM,Beauty,2315.97,376.28,44.0
2024-12-10,EMEA,Sports,9895.37,2134.48,45.0
2024-07-21,EMEA,Apparel,2474.12,570.57,9.0
2023-12-17,Middle East,Sports,243.26,80.77,1.0
2024-12-03,North America,Food & Beverage,9927.31,2246.2,39.0
2023-06-07,APAC,Food & Beverage,4420.28,1646.24,38.0
2024-07-16,North America,Home & Garden,2417.23,285.12,21.0
2022-01-05,APAC,Home & Garden,1569.72,352.02,10.0
2023-07-29,LATAM,Electronics,2319.73,262.08,14.0
2024-03-14,LATAM,Sports,6402.09,2288.02,15.0
2022-10-17,North America,Apparel,3190.95,1040.02,25.0
2024-09-19,LATAM,Food & Beverage,5265.14,284.1,15.0
2022-02-23,APAC,Apparel,10510.38,,35.0
2022-05-01,EMEA,Beauty,4614.11,1486.57,9.0
2024-09-14,LATAM,Apparel,2364.28,521.06,6.0
2023-01-29,North America,Electronics,7774.85,1493.47,16.0
2022-04-14,EMEA,Sports,6210.02,2087.99,
2022-10-11,North America,Electronics,263.42,42.54,1.0
2024-11-25,APAC,Apparel,9011.79,2824.38,48.0
2022-06-03,APAC,Sports,4323.05,731.38,30.0
2024-10-18,North America,Sports,699.75,265.87,8.0
2023-05-29,EMEA,Food & Beverage,5850.14,705.46,19.0
2024-02-26,North America,Food & Beverage,6349.71,1771.35,15.0
2022-05-21,EMEA,Electronics,6585.06,1453.6,21.0
2022-06-10,Middle East,Sports,7365.65,961.95,30.0
2024-08-29,EMEA,Food & Beverage,9580.41,3225.2,35.0
2024-06-07,North America,Home & Garden,2728.56,344.81,12.0
2023-09-13,North America,Electronics,3273.94,876.56,17.0
2023-11-02,LATAM,Electronics,4460.15,895.74,45.0
2022-05-06,EMEA,Electronics,13413.4,4078.93,28.0
2023-10-12,LATAM,Food & Beverage,4436.66,1362.23,8.0
2024-10-13,LATAM,Electronics,5650.44,463.03,14.0
2024-11-28,LATAM,Electronics,783.45,101.41,4.0
2023-07-09,LATAM,Sports,943.58,279.54,6.0
2022-03-09,APAC,Electronics,20.46,7.09,1.0
2024-08-12,EMEA,Apparel,3008.98,699.67,49.0
2024-01-19,APAC,Home & Garden,229.41,48.39,2.0
2022-08-04,APAC,Sports,2635.69,580.68,44.0
2023-11-23,LATAM,Sports,2376.55,268.07,11.0
2024-08-01,APAC,Sports,491.7,130.46,3.0
2023-11-25,EMEA,Beauty,2875.73,852.76,6.0
2023-07-25,LATAM,Apparel,515.81,180.1,7.0
2023-03-03,North America,Apparel,9379.55,1327.54,38.0
2024-04-06,North America,Apparel,4433.96,1068.18,17.0
2024-02-20,LATAM,Food & Beverage,19649.75,2835.57,44.0
2023-01-31,EMEA,Food & Beverage,8430.64,2514.9,48.0
2022-06-13,LATAM,Electronics,19628.16,4649.22,46.0
2024-10-23,North America,Beauty,47.8,12.94,1.0
2022-06-20,Middle East,Food & Beverage,534.43,70.49,37.0
2023-02-12,North America,Sports,5364.19,1623.8,24.0
2024-05-11,LATAM,Electronics,2184.91,,49.0
2024-05-23,EMEA,Electronics,9790.36,2152.28,31.0
2022-06-17,Middle East,Electronics,2414.99,129.12,5.0
2022-10-21,EMEA,Food & Beverage,3119.54,553.46,8.0
2024-10-07,APAC,Sports,2453.85,740.71,45.0
2023-05-22,APAC,Sports,1832.27,143.03,5.0
2023-01-31,North America,Electronics,408.77,114.13,10.0
2024-03-23,North America,Sports,1512.67,556.89,45.0
2023-01-25,APAC,Home & Garden,13549.3,1568.08,36.0
2022-05-16,APAC,Beauty,7246.51,944.63,24.0
2022-09-24,APAC,Electronics,7331.3,1750.39,28.0
2024-03-08,North America,Apparel,8122.01,531.69,16.0
2022-09-09,EMEA,Food & Beverage,1929.78,181.83,8.0
2024-09-22,LATAM,Home & Garden,4751.84,510.31,16.0
2024-10-27,APAC,Sports,4575.07,1448.66,14.0
2023-10-31,APAC,Electronics,10929.22,778.35,35.0
2023-09-10,North America,Electronics,1883.95,470.84,15.0
2023-10-23,LATAM,Sports,15311.97,1007.88,40.0
2023-04-06,North America,Sports,15617.33,1981.68,41.0
2023-06-14,LATAM,Electronics,254.2,85.8,12.0
2024-06-15,North America,Home & Garden,9473.43,3173.63,32.0
2022-03-19,Middle East,Electronics,6720.19,607.75,45.0
2022-12-04,North America,Food & Beverage,4477.69,641.4,11.0
2023-04-09,EMEA,Apparel,6562.52,944.52,35.0
2022-11-30,LATAM,Sports,380.09,131.63,32.0
2023-03-20,LATAM,Home & Garden,1127.06,422.8,3.0
2024-07-15,EMEA,Food & Beverage,1177.47,148.48,24.0
2023-10-15,LATAM,Home & Garden,17048.2,1889.74,47.0
2024-02-26,Middle East,Sports,13796.13,2292.91,40.0
2024-01-15,EMEA,Beauty,3755.38,823.8,32.0
2022-01-05,APAC,Apparel,1882.68,127.58,18.0
2024-10-04,APAC,Sports,10138.08,1676.93,39.0
2023-02-25,LATAM,Apparel,17858.78,4175.78,
2024-01-20,APAC,Food & Beverage,10232.91,1576.74,29.0
2022-02-18,APAC,Beauty,9973.15,3597.57,44.0
2022-10-01,APAC,Electronics,682.28,35.21,26.0
2023-10-06,APAC,Beauty,16936.59,4202.84,33.0
2022-10-29,EMEA,Electronics,3328.55,368.38,19.0
2022-12-20,LATAM,Food & Beverage,9205.96,3067.14,25.0
2023-04-02,North America,Beauty,1872.94,476.19,28.0
2024-06-25,North America,Food & Beverage,561.59,74.45,7.0
2024-06-03,LATAM,Beauty,10089.29,3727.06,33.0
2023-02-07,APAC,Sports,6558.25,1933.3,23.0
2023-02-24,North America,Beauty,649.68,244.34,2.0
2022-11-29,North America,Beauty,1902.81,250.5,4.0
2023-10-22,EMEA,Beauty,7112.69,,19.0
2023-07-10,APAC,Electronics,6521.08,536.06,32.0
2022-08-10,Middle East,Electronics,18274.49,,40.0
2023-03-30,APAC,Sports,2633.8,749.35,44.0
2022-12-27,EMEA,Beauty,1619.01,95.5,23.0
2023-04-06,LATAM,Electronics,6674.44,2182.36,42.0
2024-11-19,LATAM,Sports,1520.39,216.2,10.0
2023-04-22,APAC,Electronics,4378.89,1170.22,32.0
2022-08-11,North America,Sports,10503.33,1085.48,26.0
2024-04-26,APAC,Home & Garden,9688.8,3368.01,26.0
2022-11-10,LATAM,Home & Garden,4410.86,874.13,40.0
2024-08-24,North America,Beauty,20262.06,2516.67,44.0
2022-10-04,APAC,Home & Garden,3686.68,885.14,13.0
2024-02-18,APAC,Electronics,8221.63,659.56,18.0
2024-05-08,APAC,Home & Garden,3252.37,564.32,7.0
2022-02-06,Middle East,Food & Beverage,4992.43,406.33,20.0
2023-05-04,North America,Apparel,1082.65,196.77,26.0
2023-11-16,LATAM,Home & Garden,5679.86,1450.38,12.0
2024-02-21,EMEA,Food & Beverage,5506.3,1742.63,12.0
2024-12-31,LATAM,Home & Garden,983.19,253.22,33.0
2023-02-14,EMEA,Sports,5709.57,1735.12,47.0
2022-06-18,EMEA,Apparel,1141.92,160.89,12.0
2023-07-05,EMEA,Apparel,2917.64,536.88,18.0
2024-05-02,APAC,Food & Beverage,652.62,171.32,18.0
2022-02-05,LATAM,Apparel,1514.76,409.79,29.0
2024-11-06,LATAM,Sports,4446.9,1529.12,15.0
2024-07-01,EMEA,Electronics,6172.46,332.75,19.0
2023-08-03,Middle East,Sports,540.34,35.82,4.0
2022-04-05,LATAM,Food & Beverage,3162.46,1095.88,21.0
2024-05-08,APAC,Beauty,8532.05,3060.54,19.0
2023-10-29,APAC,Food & Beverage,118.31,32.03,2.0
2022-01-23,APAC,Home & Garden,3029.97,647.22,25.0
2023-11-04,North America,Electronics,3378.92,946.71,18.0
2022-01-21,APAC,Sports,2488.58,124.61,12.0
2023-12-12,APAC,Beauty,1533.36,181.19,4.0
2023-11-06,Middle East,Home & Garden,1870.94,419.72,27.0
2023-04-22,LATAM,Electronics,14365.85,3616.76,48.0
2022-02-07,APAC,Sports,14932.4,3318.05,46.0
2023-06-21,Middle East,Sports,20884.51,2156.92,41.0
2024-04-02,North America,Home & Garden,960.61,164.16,2.0
2022-01-06,North America,Apparel,650.27,101.27,7.0
2023-12-20,LATAM,Home & Garden,15805.87,3817.17,44.0
2024-03-25,EMEA,Beauty,4117.5,1458.42,31.0
2024-10-21,North America,Beauty,434.4,151.6,2.0
2023-04-26,LATAM,Sports,5815.98,458.3,25.0
2023-08-23,EMEA,Sports,2538.14,329.01,11.0
2024-03-23,EMEA,Sports,10156.46,1764.07,40.0
2023-02-06,LATAM,Food & Beverage,9543.74,1633.24,25.0
2024-05-09,EMEA,Apparel,4847.97,285.96,46.0
2022-12-04,LATAM,Beauty,789.73,162.87,20.0
2022-01-17,North America,Electronics,3977.93,769.54,10.0
2022-01-23,APAC,Sports,345.25,69.61,3.0
2022-05-21,Middle East,Electronics,14278.82,1896.76,49.0
2022-07-18,Middle East,Electronics,1764.57,233.97,31.0
2024-06-20,EMEA,Apparel,2153.29,369.51,
2023-01-27,North America,Beauty,4776.54,1145.99,33.0
2023-01-08,Middle East,Home & Garden,13506.33,2467.77,38.0
2023-07-20,Middle East,Sports,3979.8,504.31,15.0
2022-10-16,APAC,Electronics,12727.58,3585.75,37.0
2022-05-15,North America,Apparel,2493.11,763.99,34.0
2022-10-20,APAC,Food & Beverage,4642.38,1302.47,13.0
2022-09-08,LATAM,Electronics,4790.3,1256.69,11.0
2023-01-31,LATAM,Home & Garden,10793.74,742.63,33.0
2022-01-30,EMEA,Apparel,3275.67,395.46,13.0
2024-06-04,EMEA,Beauty,4541.27,788.78,37.0
2022-08-19,LATAM,Beauty,8117.62,2605.87,22.0
2024-03-08,LATAM,Apparel,4836.22,1053.46,28.0
2024-10-10,Middle East,Electronics,3166.14,286.4,23.0
2022-05-02,Middle East,Sports,270.94,94.71,
2023-09-14,Middle East,Sports,9826.5,2908.96,21.0
2023-06-12,EMEA,Food & Beverage,11966.98,1145.1,40.0
2024-03-24,EMEA,Food & Beverage,1645.66,255.95,8.0
2024-08-21,EMEA,Sports,7909.77,791.55,42.0
2023-07-27,Middle East,Beauty,16486.05,4338.93,39.0
2024-09-01,North America,Beauty,9026.36,2755.63,30.0
2023-02-06,EMEA,Electronics,,53.82,6.0
2022-08-24,LATAM,Food & Beverage,2254.34,730.87,10.0
2023-08-04,APAC,Sports,2847.46,302.13,20.0
2022-04-26,Middle East,Apparel,756.51,148.93,14.0
2023-03-12,Middle East,Sports,10620.75,1759.7,32.0
2023-08-09,EMEA,Apparel,10573.38,2615.47,21.0
2022-04-07,EMEA,Apparel,15232.71,1934.81,45.0
2023-07-03,North America,Beauty,15356.49,5289.7,32.0
2024-11-02,LATAM,Electronics,8950.13,1866.49,23.0
2022-02-03,North America,Sports,12809.78,4269.64,32.0
2023-10-07,APAC,Home & Garden,4995.16,800.38,11.0
2023-01-12,North America,Electronics,12125.84,3697.04,
2024-11-02,North America,Food & Beverage,4221.93,1366.96,28.0
2022-01-28,EMEA,Electronics,271.91,50.6,4.0
2023-08-08,North America,Beauty,2060.88,281.72,34.0
2022-08-09,EMEA,Sports,17318.48,1046.93,45.0
2023-06-05,LATAM,Sports,10240.94,2928.47,44.0
2023-02-13,EMEA,Food & Beverage,7906.22,1509.41,37.0
2024-03-05,EMEA,Sports,7109.6,1646.71,29.0
2024-08-01,North America,Electronics,15701.49,5954.07,43.0
2024-10-29,Middle East,Home & Garden,4031.32,640.62,35.0
2023-09-21,LATAM,Sports,51.94,3.87,1.0
2024-10-19,APAC,Beauty,708.54,206.11,34.0
2023-05-01,APAC,Apparel,7566.09,1652.48,21.0
2024-07-26,APAC,Food & Beverage,2501.68,,15.0
2022-11-20,EMEA,Food & Beverage,779.73,272.91,17.0
2024-11-19,APAC,Electronics,8550.9,717.59,41.0
2022-08-19,North America,Electronics,6128.83,2018.78,28.0
2022-01-26,EMEA,Home & Garden,2012.29,452.52,6.0
2023-02-10,North America,Home & Garden,5617.39,1362.86,27.0
2022-04-09,LATAM,Electronics,1573.01,463.54,25.0
2022-12-06,APAC,Sports,9222.44,1637.62,33.0
2022-03-28,North America,Apparel,4361.26,1307.42,36.0
2022-03-01,North America,Apparel,5334.65,1193.96,11.0
2023-04-25,APAC,Beauty,4536.66,1023.07,15.0
2023-09-22,APAC,Home & Garden,1151.82,338.95,5.0
2023-05-05,EMEA,Electronics,3782.0,193.82,8.0
2022-11-27,Middle East,Electronics,199.45,55.13,2.0
2023-06-06,Middle East,Beauty,23489.99,7150.76,46.0
2023-01-09,EMEA,Apparel,9424.81,2774.4,27.0
2022-06-20,North America,Apparel,2625.97,674.08,18.0
2024-07-10,LATAM,Home & Garden,1679.18,537.24,37.0
2024-12-24,Middle East,Beauty,2133.32,453.65,4.0
2023-10-20,EMEA,Electronics,16625.29,868.78,39.0
2024-01-12,Middle East,Beauty,7077.95,1650.62,37.0
2024-05-04,APAC,Food & Beverage,1263.07,,8.0
2022-01-29,EMEA,Food & Beverage,1203.54,88.48,5.0
2022-08-07,EMEA,Food & Beverage,684.83,171.15,34.0
2024-06-06,North America,Electronics,64.79,18.35,2.0
2022-04-17,APAC,Home & Garden,17317.57,4451.3,38.0
2024-01-10,North America,Apparel,5357.7,534.17,19.0
2022-04-18,North America,Food & Beverage,10127.1,2951.42,30.0
2024-07-05,Middle East,Sports,8902.75,3267.48,32.0
2022-02-14,APAC,Apparel,179.39,22.79,18.0
2022-08-09,LATAM,Home & Garden,8462.67,2942.25,20.0
2024-10-18,EMEA,Electronics,2008.77,138.04,5.0
2024-06-24,Middle East,Food & Beverage,1842.4,474.47,22.0
2023-05-30,North America,Sports,14558.52,1592.67,38.0
2022-02-09,EMEA,Beauty,1062.49,69.23,26.0
2024-10-17,EMEA,Apparel,5002.38,1214.49,25.0
2023-12-13,Middle East,Sports,3178.53,351.32,13.0
2024-09-04,Middle East,Beauty,4671.85,466.72,36.0
2022-04-03,EMEA,Beauty,7001.66,2520.23,27.0
2023-03-25,APAC,Apparel,2095.62,208.23,28.0
2022-11-22,Middle East,Beauty,12733.45,4010.84,34.0
2023-05-04,APAC,Electronics,1820.34,469.83,40.0
2024-10-12,EMEA,Beauty,1159.76,63.24,20.0
2022-08-28,North America,Food & Beverage,2456.62,278.48,6.0
2022-07-19,APAC,Electronics,286.35,65.73,5.0
2022-10-21,North America,Home & Garden,1160.89,122.97,24.0
2023-05-31,Middle East,Home & Garden,2346.39,585.66,18.0
2023-06-03,North America,Sports,1888.46,664.87,35.0
2024-11-25,LATAM,Food & Beverage,162.73,57.95,1.0
2022-11-03,North America,Sports,13373.37,1284.15,46.0
2024-11-01,Middle East,Apparel,4388.65,557.86,11.0
2023-01-25,Middle East,Sports,456.85,79.25,2.0
2022-04-19,EMEA,Electronics,509.07,168.78,39.0
2022-11-11,Middle East,Home & Garden,2763.41,705.01,10.0
2023-09-22,LATAM,Home & Garden,538.8,163.91,16.0
2022-06-21,EMEA,Apparel,1739.47,218.7,5.0
2023-04-07,North America,Apparel,1988.54,492.12,11.0
2024-03-03,LATAM,Apparel,22175.65,6978.8,47.0
2023-10-10,APAC,Food & Beverage,12948.06,4346.41,30.0
2022-12-30,LATAM,Food & Beverage,2278.41,177.17,36.0
2023-09-02,LATAM,Apparel,11771.05,3439.2,32.0
2024-04-28,APAC,Sports,8288.33,1164.17,40.0
2024-11-16,APAC,Food & Beverage,1987.96,552.35,4.0
2023-06-08,Middle East,Home & Garden,3051.75,246.65,13.0
2023-12-08,APAC,Food & Beverage,410.6,68.82,1.0
2024-09-19,North America,Sports,4033.29,851.25,10.0
2022-01-12,APAC,Food & Beverage,10472.82,1021.13,26.0
2024-12-27,LATAM,Apparel,2762.8,561.0,47.0
2023-01-30,APAC,Electronics,1393.33,114.62,3.0
2023-10-21,APAC,Electronics,19605.25,5580.74,46.0
2022-02-03,LATAM,Beauty,1027.58,256.15,40.0
2023-07-16,Middle East,Apparel,13076.98,1124.9,47.0
2022-12-04,LATAM,Home & Garden,20837.51,3868.61,46.0
2024-02-13,Middle East,Sports,2388.65,651.55,7.0
2022-04-24,LATAM,Home & Garden,3548.55,1269.21,11.0
2023-01-08,Middle East,Food & Beverage,12683.59,1826.21,34.0
2023-07-11,North America,Apparel,688.24,61.7,4.0
2022-11-27,APAC,Beauty,17504.67,1171.03,46.0
2023-04-18,LATAM,Apparel,13503.57,4584.46,32.0
2022-06-20,LATAM,Food & Beverage,8635.43,2713.81,27.0
2023-07-17,APAC,Electronics,818.5,274.38,10.0
2022-09-27,Middle East,Beauty,8016.96,2476.3,15.0
2022-11-13,EMEA,Beauty,3997.42,979.13,
2023-08-29,LATAM,Beauty,16520.0,5003.14,49.0
2024-10-13,LATAM,Home & Garden,7272.44,386.9,23.0
2023-03-27,LATAM,Home & Garden,2479.87,355.03,7.0
2022-02-17,APAC,Sports,2581.42,558.42,32.0
2022-01-08,North America,Food & Beverage,15769.11,856.4,40.0
2024-05-22,APAC,Apparel,10039.76,1594.8,21.0
2023-05-14,North America,Food & Beverage,14711.47,4566.83,38.0
2023-04-12,North America,Food & Beverage,9523.92,3183.79,31.0
2023-03-26,North America,Electronics,5063.86,697.29,13.0
2024-06-24,EMEA,Home & Garden,9911.11,1277.47,23.0
2022-11-27,Middle East,Electronics,3525.54,790.93,24.0
2022-05-05,APAC,Home & Garden,8614.54,1107.5,42.0
2022-10-27,North America,Electronics,14121.79,1367.22,30.0
2024-04-08,EMEA,Apparel,777.48,281.09,13.0
2022-06-30,Middle East,Apparel,3338.95,664.57,45.0
2023-11-20,North America,Sports,149.32,20.87,1.0
2022-03-17,LATAM,Home & Garden,10943.53,593.32,26.0
2022-07-15,North America,Electronics,6838.62,372.16,17.0
2023-06-09,Middle East,Home & Garden,3500.3,799.93,38.0
2022-04-29,LATAM,Beauty,6052.59,1977.33,16.0
2024-04-09,North America,Home & Garden,17260.85,5227.88,46.0
2023-06-04,EMEA,Electronics,567.53,126.15,3.0
2023-09-14,EMEA,Electronics,8323.51,823.26,34.0
2022-05-28,EMEA,Apparel,2837.98,520.89,8.0
2023-06-01,APAC,Beauty,5597.15,1264.39,21.0
2024-05-08,APAC,Food & Beverage,10954.1,3977.48,31.0
2023-12-06,APAC,Apparel,2446.22,521.4,35.0
2023-05-05,LATAM,Beauty,2544.31,716.94,49.0
2024-01-28,LATAM,Sports,3529.23,679.75,20.0
2023-04-02,North America,Apparel,672.71,250.96,4.0
2023-08-15,APAC,Food & Beverage,14762.81,3770.35,35.0
2022-04-06,LATAM,Food & Beverage,7480.28,2681.37,39.0
2023-02-20,LATAM,Electronics,11005.94,,
2024-12-27,APAC,Home & Garden,1654.93,613.66,4.0
2024-06-19,APAC,Electronics,2370.7,479.49,7.0
2022-12-10,EMEA,Sports,6595.04,851.28,23.0
2023-12-15,Middle East,Electronics,4695.22,454.22,38.0
2023-12-08,Middle East,Home & Garden,4449.04,1468.99,9.0
2023-07-26,EMEA,Apparel,4090.84,1108.56,47.0
2023-09-23,Middle East,Sports,6571.0,2360.51,44.0
2023-04-19,EMEA,Beauty,11818.38,1583.43,29.0
2023-08-08,APAC,Beauty,6211.62,1824.68,33.0
2022-06-02,North America,Electronics,1170.98,332.47,5.0
2024-02-24,Middle East,Food & Beverage,20925.58,3455.89,48.0
2023-04-12,North America,Electronics,2712.22,825.0,32.0
2023-09-27,APAC,Electronics,6737.59,1126.05,35.0
2022-12-31,LATAM,Electronics,3191.23,409.47,7.0
2023-11-24,North America,Sports,5223.45,791.87,27.0
2022-07-13,APAC,Home & Garden,3753.54,453.86,10.0
2022-11-11,APAC,Apparel,7585.02,1548.2,23.0
2024-04-28,EMEA,Apparel,2610.95,417.48,29.0
2024-07-27,North America,Food & Beverage,909.59,165.51,5.0
2022-09-19,APAC,Home & Garden,1262.55,218.51,10.0
2024-05-06,APAC,Beauty,1196.91,86.03,7.0
2023-06-08,LATAM,Food & Beverage,1135.73,351.77,25.0
2022-06-07,EMEA,Food & Beverage,6873.13,1822.68,14.0
2024-11-25,LATAM,Sports,2080.58,505.5,10.0
2023-06-10,EMEA,Apparel,338.63,25.58,10.0
2023-04-24,Middle East,Apparel,11754.12,3001.77,35.0
2024-07-22,North America,Electronics,863.96,169.39,22.0
2022-05-30,North America,Electronics,19558.76,3457.93,43.0
2024-02-04,EMEA,Home & Garden,4489.14,1281.23,48.0
2022-09-05,LATAM,Apparel,14181.37,3772.59,32.0
2024-07-31,North America,Home & Garden,14009.04,2854.46,32.0
2023-09-20,APAC,Home & Garden,11554.67,959.35,40.0
2024-08-13,EMEA,Apparel,6288.9,1196.22,27.0
2023-05-09,LATAM,Beauty,263.83,56.77,6.0
2023-05-05,EMEA,Beauty,11694.0,1074.95,35.0
2024-02-07,LATAM,Food & Beverage,16661.02,2451.58,49.0
2023-07-10,LATAM,Electronics,2161.75,772.46,23.0
2024-07-15,Middle East,Sports,22604.89,2333.73,41.0
2024-02-17,EMEA,Sports,1138.54,316.82,6.0
2024-03-06,EMEA,Electronics,4425.11,847.68,
2023-10-11,North America,Food & Beverage,11485.63,747.41,24.0
2022-02-11,EMEA,Electronics,1512.19,434.18,16.0
2022-08-23,LATAM,Electronics,8088.13,971.02,33.0
2022-12-15,LATAM,Food & Beverage,10015.16,1820.48,26.0
2022-03-04,Middle East,Apparel,8688.96,1550.97,37.0
2024-07-25,EMEA,Electronics,496.37,161.19,
2024-08-09,North America,Food & Beverage,3699.38,279.61,13.0
2022-04-09,Middle East,Apparel,1284.68,265.28,27.0
2023-12-27,EMEA,Apparel,16130.49,1794.57,48.0
2022-11-30,APAC,Apparel,7401.06,1853.63,28.0
2023-12-15,Middle East,Food & Beverage,3396.15,643.34,42.0
2024-10-31,EMEA,Sports,4038.42,1442.47,35.0
2023-07-08,APAC,Food & Beverage,19636.78,2213.11,49.0
2022-07-09,EMEA,Home & Garden,1652.63,365.22,4.0
2024-05-11,EMEA,Food & Beverage,6147.65,1035.99,22.0
2023-08-12,APAC,Apparel,4981.46,1651.74,16.0
2024-12-04,North America,Home & Garden,5919.97,2038.66,35.0
2023-01-20,APAC,Home & Garden,358.89,105.02,2.0
2022-05-28,North America,Beauty,3226.29,676.23,10.0
2023-03-06,EMEA,Beauty,1488.07,332.0,10.0
2024-01-26,Middle East,Apparel,5499.81,1936.69,22.0
2024-04-21,EMEA,Food & Beverage,17656.86,5794.27,40.0
2024-04-13,North America,Home & Garden,9162.95,1212.58,38.0
2022-12-29,Middle East,Home & Garden,2514.8,541.6,23.0
2023-02-04,EMEA,Beauty,16405.9,6099.64,44.0
2024-03-29,Middle East,Apparel,5573.58,2107.29,12.0
2022-08-29,LATAM,Food & Beverage,7280.68,902.62,17.0
2022-12-14,LATAM,Apparel,9186.86,2399.06,25.0
2023-09-15,LATAM,Apparel,2603.88,446.17,13.0
2022-02-13,North America,Electronics,6604.06,2077.48,16.0
2023-01-30,LATAM,Home & Garden,6994.75,680.78,35.0
2022-07-23,EMEA,Apparel,8337.13,2146.68,41.0
2023-09-03,EMEA,Home & Garden,289.77,38.5,1.0
2024-02-08,LATAM,Sports,2522.7,681.53,21.0
2023-01-13,LATAM,Food & Beverage,16765.23,3051.87,49.0
2022-04-04,EMEA,Electronics,1424.55,137.4,27.0
2024-03-29,EMEA,Apparel,6552.91,1705.9,35.0
2022-08-09,APAC,Apparel,1556.17,325.97,39.0
2023-01-19,APAC,Food & Beverage,898.84,203.95,3.0
2023-02-21,Middle East,Apparel,12265.0,1403.53,34.0
2023-07-27,LATAM,Sports,11926.76,3173.28,31.0
2022-05-03,EMEA,Sports,2446.02,925.21,6.0
2022-10-01,North America,Beauty,12223.59,4613.61,32.0
2023-03-26,Middle East,Sports,2839.15,290.02,6.0
2022-12-25,APAC,Beauty,3546.3,374.44,11.0
2023-09-27,North America,Food & Beverage,3353.38,649.43,18.0
2023-10-01,APAC,Beauty,653.47,237.29,4.0
2023-10-10,EMEA,Food & Beverage,8878.92,3364.3,26.0
2022-11-25,North America,Electronics,636.68,43.48,3.0
2024-01-08,APAC,Home & Garden,11228.45,806.56,42.0
2024-04-02,EMEA,Sports,5447.01,853.88,18.0
2023-06-09,LATAM,Food & Beverage,2831.9,1052.98,9.0
2023-10-10,APAC,Food & Beverage,12556.51,1028.9,38.0
2022-05-09,LATAM,Apparel,12851.6,4669.89,31.0
2023-09-11,Middle East,Home & Garden,405.13,,18.0
2024-04-10,North America,Apparel,18012.99,2281.44,47.0
2024-09-04,LATAM,Food & Beverage,8770.79,774.68,26.0
2022-01-20,North America,Home & Garden,15456.23,5774.04,38.0
2023-04-16,Middle East,Beauty,8948.63,2456.11,26.0
2023-10-31,North America,Apparel,8889.52,1364.3,21.0
2022-10-27,EMEA,Home & Garden,756.27,,11.0
2024-08-07,North America,Beauty,964.23,285.53,5.0
2022-07-17,North America,Food & Beverage,18648.79,6002.76,47.0
2023-08-13,North America,Electronics,14061.84,3706.18,41.0
2022-09-16,APAC,Electronics,793.77,83.77,6.0
2022-11-27,North America,Apparel,19036.5,3304.23,46.0
2024-05-29,EMEA,Apparel,2053.41,647.32,43.0
2022-09-02,Middle East,Home & Garden,3914.04,391.84,13.0
2024-08-27,North America,Apparel,1309.86,337.8,3.0
2023-05-09,EMEA,Food & Beverage,23358.91,,49.0
2022-09-06,EMEA,Food & Beverage,1721.55,408.53,12.0
2023-02-21,APAC,Apparel,3930.06,298.46,22.0
2022-12-19,LATAM,Apparel,773.0,139.21,5.0
2023-12-28,LATAM,Electronics,8200.09,1874.74,18.0
2024-07-30,APAC,Apparel,9286.5,2532.76,33.0
2023-12-18,APAC,Home & Garden,2348.86,890.84,9.0
2022-12-16,North America,Food & Beverage,14321.32,718.22,35.0
2022-05-23,APAC,Food & Beverage,542.02,83.9,38.0
2024-07-01,Middle East,Beauty,10309.01,789.03,30.0
2023-08-30,APAC,Beauty,288.45,56.58,2.0
2024-02-14,LATAM,Food & Beverage,1062.64,245.08,4.0
2022-08-14,EMEA,Electronics,15301.18,3299.41,45.0
2023-09-21,LATAM,Food & Beverage,2243.06,165.81,10.0
2022-04-17,LATAM,Apparel,15474.84,2184.19,29.0
2022-03-09,EMEA,Apparel,4310.43,668.67,27.0
2022-05-06,LATAM,Food & Beverage,6944.08,1694.67,37.0
2024-01-25,North America,Electronics,1443.92,298.7,39.0
2022-07-30,LATAM,Sports,1604.75,269.75,23.0
2022-04-08,APAC,Home & Garden,4219.74,792.29,33.0
2024-11-04,Middle East,Apparel,12727.08,3076.33,45.0
2023-12-14,LATAM,Beauty,1684.09,359.16,8.0
2024-11-22,APAC,Apparel,7114.88,1752.61,40.0
2024-01-15,EMEA,Electronics,8130.39,2043.19,43.0
2023-04-20,North America,Food & Beverage,7009.14,1709.55,
2024-08-02,Middle East,Apparel,757.92,87.16,3.0
2023-09-25,APAC,Beauty,1488.54,340.3,44.0
2022-12-07,North America,Beauty,9629.95,3489.69,24.0
2024-10-30,LATAM,Food & Beverage,12249.87,937.36,32.0
2024-07-30,APAC,Electronics,11583.94,2321.11,37.0
2022-06-19,North America,Home & Garden,4540.96,1414.6,10.0
2023-12-10,North America,Home & Garden,1022.93,260.82,5.0
2023-09-04,Middle East,Food & Beverage,2552.6,859.65,12.0
2024-10-09,EMEA,Electronics,1510.47,517.09,13.0
2023-09-21,EMEA,Home & Garden,21151.77,2972.03,41.0
2023-08-20,EMEA,Home & Garden,1596.39,320.51,3.0
2024-03-28,Middle East,Beauty,7795.66,416.88,33.0
2022-04-12,LATAM,Apparel,7868.81,1382.91,41.0
2022-07-01,North America,Beauty,13405.05,906.78,47.0
2023-08-03,EMEA,Home & Garden,14038.55,4360.28,40.0
2022-06-07,North America,Apparel,14094.86,3058.82,35.0
2023-10-03,EMEA,Sports,1660.09,208.47,6.0
2023-11-06,North America,Sports,8845.72,2011.58,30.0
2024-08-30,Middle East,Beauty,14767.68,2750.19,44.0
2023-09-22,EMEA,Sports,1853.35,231.67,31.0
2022-03-15,Middle East,Electronics,1878.98,539.6,19.0
2024-05-17,LATAM,Home & Garden,5283.62,1591.56,
2022-11-19,LATAM,Electronics,659.0,123.0,14.0
2023-05-04,APAC,Apparel,1879.05,294.38,10.0
2023-07-25,EMEA,Home & Garden,2316.97,338.45,7.0
2023-10-09,LATAM,Electronics,2615.25,878.58,27.0
2024-12-16,North America,Food & Beverage,1676.81,,8.0
2024-01-13,APAC,Sports,181.47,34.21,1.0
2024-12-11,Middle East,Sports,7761.68,2292.56,42.0
2022-06-01,APAC,Beauty,6396.38,1912.77,21.0
2022-06-24,APAC,Sports,2283.49,316.2,40.0
2024-01-17,North America,Electronics,1942.49,411.12,27.0
2023-01-21,EMEA,Beauty,1690.03,423.85,22.0
2024-08-09,Middle East,Sports,6170.74,1505.28,14.0
2022-03-03,APAC,Beauty,16183.18,4585.33,36.0
2022-05-15,North America,Food & Beverage,2639.36,970.28,17.0
2024-02-19,Middle East,Home & Garden,7940.08,1121.08,22.0
2024-02-21,APAC,Home & Garden,7675.28,1009.3,28.0
2023-12-28,EMEA,Beauty,2313.65,768.8,13.0
2024-04-09,Middle East,Home & Garden,5570.66,1227.45,38.0
2024-01-07,Middle East,Beauty,2852.51,981.53,7.0
2023-06-11,EMEA,Electronics,6849.85,2404.64,16.0
2022-03-30,LATAM,Electronics,538.89,137.39,40.0
2024-07-28,LATAM,Home & Garden,863.91,288.68,26.0
2022-09-29,Middle East,Electronics,2369.59,794.48,44.0
2022-12-28,LATAM,Home & Garden,7240.41,980.31,32.0
2022-08-09,APAC,Beauty,746.65,256.91,14.0
2023-09-13,APAC,Beauty,1782.63,474.56,10.0
2022-03-05,Middle East,Home & Garden,10011.3,2996.59,37.0
2022-01-18,North America,Sports,,156.75,12.0
2022-07-07,LATAM,Food & Beverage,4497.44,,25.0
2022-11-28,APAC,Food & Beverage,9801.1,2247.61,46.0
2023-08-19,LATAM,Beauty,1668.42,300.89,14.0
2024-11-16,Middle East,Apparel,137.15,49.4,13.0
2022-03-01,APAC,Food & Beverage,1680.88,524.61,7.0
2023-03-30,North America,Electronics,15961.18,1385.97,41.0
2022-01-13,North America,Beauty,14728.75,4458.01,38.0
2023-06-05,EMEA,Electronics,2550.71,395.82,26.0
2022-07-21,APAC,Electronics,2044.8,732.67,14.0
2024-08-30,EMEA,Sports,3177.47,,38.0
2024-04-22,LATAM,Home & Garden,2540.48,926.92,38.0
2024-04-04,North America,Home & Garden,2411.36,266.69,24.0
2022-04-25,LATAM,Home & Garden,2755.64,287.52,7.0
2022-06-09,North America,Sports,601.78,41.77,31.0
2022-06-25,EMEA,Food & Beverage,7022.42,1982.9,16.0
2023-10-14,APAC,Food & Beverage,718.0,166.85,13.0
2023-12-22,APAC,Electronics,2491.11,251.67,27.0
2022-06-06,LATAM,Apparel,759.93,228.75,2.0
2022-05-31,Middle East,Home & Garden,4575.88,761.04,41.0
2023-10-29,EMEA,Home & Garden,1992.78,501.08,12.0
2024-08-21,North America,Apparel,5974.38,588.14,34.0
2024-03-02,APAC,Beauty,1769.22,136.41,11.0
2023-04-22,LATAM,Beauty,3411.39,856.31,9.0
2022-10-14,EMEA,Beauty,7007.13,2032.77,26.0
2024-10-03,North America,Electronics,3673.42,1168.88,27.0
2024-07-13,EMEA,Sports,11741.64,2615.55,40.0
2022-07-27,LATAM,Beauty,7396.75,2588.21,15.0
2022-11-09,North America,Electronics,950.71,187.42,9.0
2022-09-13,LATAM,Sports,6288.29,1736.49,18.0
2024-02-05,EMEA,Electronics,3516.66,741.61,15.0
2023-12-26,APAC,Beauty,2342.41,193.39,29.0
2022-09-20,EMEA,Beauty,5592.02,1164.46,32.0
2023-10-26,LATAM,Beauty,3361.7,,11.0
2022-12-22,Middle East,Sports,4318.19,1245.08,40.0
2023-01-09,Middle East,Electronics,210.56,75.57,1.0
2023-07-30,LATAM,Sports,5004.37,1824.42,15.0
2024-10-16,North America,Electronics,2086.38,497.11,23.0
2024-02-26,EMEA,Home & Garden,2268.79,833.43,23.0
2023-08-18,EMEA,Home & Garden,11785.1,803.55,28.0
2024-07-18,Middle East,Beauty,25.27,2.93,1.0
2023-04-28,North America,Electronics,4875.02,978.02,28.0
2022-11-09,Middle East,Sports,2602.79,915.62,20.0
2023-07-04,APAC,Electronics,6569.77,2028.25,15.0
2024-03-03,North America,Home & Garden,5078.66,1858.43,30.0
2023-04-21,North America,Beauty,696.44,257.45,3.0
2023-09-06,APAC,Apparel,24669.28,1460.47,46.0
2023-12-04,Middle East,Electronics,5219.26,830.53,12.0
2022-03-09,Middle East,Apparel,16968.19,2267.8,41.0
2023-04-02,LATAM,Beauty,5347.9,1671.08,15.0
2022-01-15,APAC,Electronics,8261.73,2018.66,32.0
2024-02-02,LATAM,Apparel,3743.33,445.93,9.0
2022-02-07,LATAM,Home & Garden,6946.03,1581.11,22.0
2024-01-29,LATAM,Apparel,133.5,8.18,5.0
2024-03-27,LATAM,Sports,2885.92,957.23,8.0
2023-01-19,EMEA,Food & Beverage,22757.23,2648.54,44.0
2022-02-05,North America,Beauty,1923.33,548.15,27.0
2023-10-27,EMEA,Food & Beverage,7837.74,2709.7,18.0
2024-11-19,LATAM,Apparel,9222.26,1808.01,22.0
2022-11-29,EMEA,Beauty,457.71,67.13,40.0
2022-02-20,North America,Apparel,163.18,47.85,1.0
2023-12-06,APAC,Beauty,637.13,175.17,7.0
2023-05-18,North America,Home & Garden,21127.07,4302.97,49.0
2023-09-08,North America,Sports,5940.17,416.72,37.0
2022-09-07,EMEA,Apparel,13257.81,3325.76,49.0
2023-03-03,EMEA,Electronics,4298.09,709.98,17.0
2024-01-03,LATAM,Sports,164.79,26.98,1.0
2024-05-12,EMEA,Sports,13458.94,4371.1,31.0
2022-06-07,APAC,Food & Beverage,8856.84,2339.27,45.0
2023-08-21,Middle East,Sports,5646.3,420.88,17.0
2022-11-27,LATAM,Apparel,3794.51,386.9,9.0
2022-10-11,North America,Home & Garden,472.27,75.0,2.0
2022-04-28,EMEA,Beauty,9350.5,3018.28,21.0
2023-08-21,EMEA,Home & Garden,4425.24,773.14,26.0
2023-09-11,Middle East,Beauty,8908.68,761.43,31.0
2024-12-02,Middle East,Food & Beverage,3296.94,1244.94,42.0
2024-11-16,APAC,Sports,1398.14,360.3,22.0
2022-03-23,LATAM,Apparel,16258.05,2579.98,42.0
2023-03-04,LATAM,Apparel,1009.26,89.54,4.0
2024-10-07,Middle East,Food & Beverage,10096.02,2770.54,45.0
2024-01-30,Middle East,Sports,7409.05,1423.5,33.0
2022-08-02,Middle East,Home & Garden,8749.42,2639.53,
2022-05-16,Middle East,Food & Beverage,311.43,35.3,25.0
2024-01-05,Middle East,Electronics,5558.42,1465.96,12.0
2024-09-05,Middle East,Food & Beverage,14387.97,4803.82,47.0
2024-12-12,North America,Home & Garden,9459.87,1731.62,43.0
2022-07-11,Middle East,Apparel,452.75,119.46,1.0
2022-06-16,APAC,Home & Garden,2314.58,444.06,36.0
2022-12-13,North America,Food & Beverage,12009.07,1674.32,31.0
2024-01-10,EMEA,Home & Garden,18794.8,1236.34,37.0
2022-08-08,EMEA,Food & Beverage,780.1,201.31,6.0
2022-03-26,EMEA,Sports,2774.84,501.18,30.0
2024-10-31,LATAM,Beauty,5865.01,1033.74,21.0
2024-02-02,LATAM,Home & Garden,542.18,118.83,1.0
2022-11-19,LATAM,Food & Beverage,22096.25,4135.92,46.0
2024-10-03,EMEA,Sports,17181.81,2951.96,38.0
2024-02-09,APAC,Sports,15965.46,5638.49,42.0
2024-04-23,EMEA,Food & Beverage,6868.19,2359.29,27.0
2023-01-24,North America,Home & Garden,3634.51,1106.8,12.0
2022-05-10,North America,Sports,5896.76,633.71,11.0
2024-07-24,Middle East,Beauty,1300.85,133.43,14.0
2022-03-06,EMEA,Apparel,2355.24,282.76,7.0
2022-01-16,North America,Apparel,658.13,44.15,7.0
2023-12-20,Middle East,Electronics,9284.89,2994.67,25.0
2023-08-21,LATAM,Beauty,6039.84,1486.01,14.0
2023-01-24,APAC,Sports,829.83,309.43,7.0
2023-12-07,North America,Food & Beverage,3400.07,351.76,7.0
2024-01-13,LATAM,Apparel,2562.92,696.54,38.0
2024-03-10,EMEA,Food & Beverage,1946.39,630.47,45.0
2023-09-03,Middle East,Electronics,1590.59,215.42,24.0
2023-07-15,LATAM,Sports,468.08,137.88,1.0
2024-01-18,APAC,Home & Garden,490.33,121.95,33.0
2024-10-29,Middle East,Apparel,2417.31,321.02,5.0
2022-09-01,North America,Beauty,6163.69,611.95,13.0
2022-11-09,LATAM,Food & Beverage,4111.57,497.01,15.0
2022-12-17,EMEA,Apparel,1477.49,403.32,34.0
2023-03-17,APAC,Food & Beverage,567.95,52.8,24.0
2022-06-26,APAC,Sports,217.79,82.19,10.0
2024-09-09,Middle East,Sports,1042.29,169.45,15.0
2023-10-25,Middle East,Home & Garden,1034.86,229.27,49.0
2023-03-01,APAC,Food & Beverage,7601.2,780.35,
2024-11-18,EMEA,Beauty,13913.8,2519.61,42.0
2024-05-29,APAC,Beauty,8512.78,3061.86,20.0
2022-03-27,EMEA,Apparel,1720.18,410.13,14.0
2023-03-07,LATAM,Food & Beverage,13569.1,3605.88,34.0
2022-01-06,APAC,Electronics,1668.08,531.64,18.0
2022-05-20,Middle East,Electronics,1126.02,266.94,3.0
2024-07-14,LATAM,Electronics,11181.39,1162.75,40.0
2024-10-24,North America,Apparel,8853.89,2942.89,20.0
2024-11-10,North America,Apparel,9319.25,1299.08,31.0
2023-07-07,North America,Apparel,1258.3,247.88,16.0
2022-01-04,APAC,Electronics,2130.65,129.12,15.0
2023-04-20,LATAM,Home & Garden,6321.04,2319.15,21.0
2023-10-17,Middle East,Apparel,3555.78,1248.11,39.0
2022-05-06,Middle East,Sports,5335.37,897.45,15.0
2024-10-07,APAC,Beauty,4609.75,908.82,12.0
2023-10-24,North America,Food & Beverage,4181.53,938.09,14.0
2024-10-23,LATAM,Apparel,7655.41,1177.89,38.0
2023-05-28,Middle East,Food & Beverage,11681.36,955.18,29.0
2024-05-12,LATAM,Sports,6769.3,1344.82,35.0
2023-01-11,LATAM,Electronics,9311.97,2582.57,30.0
2024-01-13,EMEA,Home & Garden,384.38,87.44,2.0
2022-11-22,APAC,Home & Garden,8415.4,1324.63,17.0
2023-08-27,LATAM,Apparel,3149.75,750.16,28.0
2023-02-23,North America,Sports,4430.57,1496.47,26.0
2024-03-30,Middle East,Home & Garden,14639.37,1484.12,35.0
2024-07-22,North America,Home & Garden,283.02,89.44,12.0
2023-11-23,North America,Beauty,17224.67,915.94,48.0
2023-07-26,APAC,Apparel,1666.36,601.53,8.0
2022-07-23,LATAM,Apparel,9722.8,2861.19,31.0
2023-09-01,North America,Food & Beverage,5452.39,430.75,21.0
2024-07-06,Middle East,Food & Beverage,2404.59,350.27,18.0
2022-08-26,EMEA,Sports,9464.8,3128.82,32.0
2024-04-08,LATAM,Apparel,4201.47,704.91,17.0
2022-03-18,North America,Sports,1168.63,329.44,6.0
2022-01-24,APAC,Electronics,11826.36,1146.7,24.0
2024-10-20,North America,Apparel,2051.78,335.54,5.0
2024-12-10,APAC,Home & Garden,1488.49,230.74,12.0
2023-04-06,EMEA,Apparel,11346.4,4151.04,33.0
2022-03-20,North America,Food & Beverage,177.89,62.91,
2024-07-09,Middle East,Beauty,1952.69,310.03,13.0
2022-10-21,EMEA,Home & Garden,2505.9,936.55,6.0
2023-01-31,LATAM,Food & Beverage,19476.62,3267.37,39.0
2022-09-03,Middle East,Sports,3283.29,314.97,31.0
2024-07-01,LATAM,Electronics,94.97,10.44,5.0
2022-10-01,North America,Beauty,19171.77,3159.93,41.0
2022-03-04,Middle East,Electronics,6041.15,2223.76,33.0
2024-04-19,North America,Sports,1770.92,317.88,21.0
2022-04-16,LATAM,Beauty,12323.5,2078.65,37.0
2022-06-16,North America,Electronics,14116.42,1967.65,33.0
2024-04-16,EMEA,Food & Beverage,14708.07,3114.23,32.0
2023-08-26,LATAM,Home & Garden,16863.32,2507.15,42.0
2023-12-04,Middle East,Food & Beverage,3419.63,443.74,46.0
2023-04-05,APAC,Home & Garden,1466.56,154.55,4.0
2023-03-03,Middle East,Home & Garden,987.16,276.11,2.0
2024-06-17,EMEA,Beauty,8522.69,2023.22,20.0
2022-12-30,LATAM,Food & Beverage,8003.87,1614.66,23.0
2022-08-26,North America,Beauty,933.41,190.26,2.0
2024-01-07,Middle East,Apparel,4619.62,1543.56,49.0
2023-09-30,LATAM,Sports,3523.36,661.54,9.0
2024-07-09,APAC,Sports,3969.94,832.74,45.0
2024-03-02,Middle East,Apparel,2751.41,670.51,17.0
2023-12-05,LATAM,Home & Garden,1125.45,421.76,4.0
2022-03-14,North America,Home & Garden,1133.15,104.91,8.0
2024-04-12,LATAM,Sports,20014.22,,44.0
2024-10-08,North America,Beauty,4405.79,294.63,38.0
2024-03-31,LATAM,Sports,6994.35,664.43,14.0
2023-04-17,APAC,Food & Beverage,16142.09,4364.2,33.0
2024-02-07,Middle East,Apparel,6723.62,1690.41,34.0
2024-07-09,EMEA,Beauty,23997.71,2808.76,48.0
2022-12-07,EMEA,Apparel,1008.76,380.53,8.0
2023-01-20,LATAM,Food & Beverage,2557.58,747.68,16.0
2024-12-11,Middle East,Food & Beverage,129.32,43.06,11.0
2022-06-22,LATAM,Sports,17666.49,2073.94,42.0
2023-07-14,Middle East,Apparel,1497.89,421.0,17.0
2024-09-06,Middle East,Food & Beverage,,179.06,47.0
2024-05-27,Middle East,Apparel,3706.02,308.76,20.0
2023-06-29,APAC,Beauty,921.5,166.13,36.0
2023-02-26,APAC,Sports,447.23,41.02,16.0
2024-07-14,LATAM,Beauty,14197.75,4548.31,39.0
2023-11-11,APAC,Apparel,271.49,101.77,3.0
2023-03-03,EMEA,Apparel,10774.04,2990.71,35.0
2022-11-27,North America,Sports,14911.56,3308.52,32.0
2023-08-04,North America,Electronics,982.37,365.92,7.0
2023-01-22,North America,Apparel,5713.66,1730.31,39.0
2024-04-30,North America,Food & Beverage,5990.17,1086.38,16.0
2024-11-06,APAC,Apparel,4547.36,710.73,19.0
2024-06-25,North America,Sports,7732.24,2485.07,43.0
2023-09-17,EMEA,Electronics,180.69,11.56,8.0
2023-06-02,North America,Beauty,10832.97,2455.96,34.0
2024-03-28,APAC,Electronics,10600.44,1807.56,33.0
2023-12-20,LATAM,Home & Garden,616.2,65.0,2.0
2023-08-15,LATAM,Electronics,8349.42,2613.82,38.0
2022-11-28,Middle East,Electronics,11781.08,3307.06,40.0
2022-09-06,LATAM,Food & Beverage,142.33,31.21,10.0
2023-11-13,North America,Home & Garden,19508.84,5820.82,42.0
2022-12-05,APAC,Home & Garden,1525.04,150.66,44.0
2024-11-18,APAC,Beauty,8863.52,2995.71,26.0
2023-01-09,EMEA,Food & Beverage,3642.68,370.34,8.0
2024-05-01,APAC,Home & Garden,10727.77,2343.18,39.0
2022-11-17,LATAM,Beauty,12257.18,2741.22,40.0
2023-08-31,EMEA,Home & Garden,878.81,227.01,26.0
2023-09-10,EMEA,Food & Beverage,10261.22,3638.15,19.0
2023-03-17,EMEA,Home & Garden,5942.02,938.08,
2023-08-26,EMEA,Food & Beverage,9893.09,2686.28,32.0
2022-08-10,EMEA,Food & Beverage,17214.91,3469.28,46.0
2022-08-26,Middle East,Sports,806.83,146.66,33.0
2023-06-06,Middle East,Sports,14506.31,3430.48,47.0
2024-10-26,EMEA,Food & Beverage,13461.59,3886.99,40.0
2022-08-13,LATAM,Sports,2958.5,765.1,14.0
2023-12-31,Middle East,Apparel,195.06,40.03,1.0
2023-01-22,EMEA,Sports,7817.1,824.2,22.0
2024-07-16,North America,Electronics,17543.05,3132.94,48.0
2024-07-06,APAC,Electronics,2900.68,736.95,27.0
2024-02-12,APAC,Food & Beverage,15419.22,5696.86,33.0
2022-09-30,APAC,Electronics,17968.41,2323.7,45.0
2022-01-25,APAC,Home & Garden,1691.99,135.81,31.0
2023-10-01,North America,Food & Beverage,1344.46,238.36,7.0
2023-08-18,APAC,Sports,12063.91,3607.7,39.0
2024-07-15,North America,Food & Beverage,7355.14,2219.64,18.0
2023-07-29,LATAM,Sports,17147.08,6193.58,35.0
2022-08-13,EMEA,Food & Beverage,2311.14,769.91,22.0
2023-12-20,EMEA,Electronics,6113.21,2114.74,32.0
2022-12-11,LATAM,Electronics,753.43,51.85,23.0
2024-05-23,LATAM,Apparel,4811.58,1668.77,26.0
2023-05-29,LATAM,Food & Beverage,21299.38,5593.02,46.0
2023-05-02,North America,Sports,4792.1,1811.5,27.0
2024-03-09,Middle East,Beauty,4265.88,1355.12,36.0
2023-09-09,North America,Home & Garden,3545.79,292.34,20.0
2024-04-26,Middle East,Sports,9486.9,2887.04,45.0
2023-05-29,LATAM,Food & Beverage,7364.95,1297.76,15.0
2024-12-10,Middle East,Food & Beverage,8233.6,1365.61,20.0
2024-12-19,Middle East,Food & Beverage,2707.87,720.11,18.0
2022-04-08,Middle East,Beauty,897.3,328.08,10.0
2022-05-06,APAC,Food & Beverage,3619.84,537.53,23.0
2024-05-10,APAC,Home & Garden,4770.41,1034.17,15.0
2022-06-05,North America,Beauty,20894.27,3358.27,45.0
2022-02-06,APAC,Apparel,11164.39,1188.01,36.0
2023-03-17,EMEA,Sports,7260.71,2151.25,49.0
2023-11-11,APAC,Beauty,20740.58,5280.15,
2022-03-05,North America,Sports,6033.77,2215.46,14.0
2023-04-28,Middle East,Beauty,3436.32,1283.92,8.0
2023-04-12,EMEA,Food & Beverage,8258.9,778.55,39.0
2022-12-25,North America,Apparel,344.4,74.52,1.0
2023-04-21,APAC,Food & Beverage,11255.93,1770.98,41.0
2022-10-03,LATAM,Food & Beverage,599.55,104.88,2.0
2022-04-19,North America,Sports,12848.02,,29.0
2022-12-19,EMEA,Electronics,11522.54,3349.86,38.0
2023-06-05,EMEA,Home & Garden,4311.79,825.52,11.0
2024-08-25,APAC,Apparel,4815.93,1525.1,44.0
2023-09-10,Middle East,Beauty,1962.15,,4.0
2022-12-30,North America,Food & Beverage,17852.8,2299.54,43.0
2022-09-17,EMEA,Food & Beverage,407.22,79.15,15.0
2022-09-02,North America,Apparel,8192.72,1688.01,17.0
2022-11-24,Middle East,Home & Garden,2574.69,533.41,16.0
2023-12-22,LATAM,Sports,3751.8,582.62,33.0
2023-10-12,North America,Apparel,5292.42,1217.61,31.0
2023-07-01,EMEA,Electronics,2088.38,137.85,11.0
2022-04-04,LATAM,Electronics,16648.12,3182.47,45.0
2023-02-06,LATAM,Electronics,3636.3,447.21,11.0
2024-01-19,APAC,Sports,9339.46,2324.66,23.0
2024-10-13,EMEA,Beauty,11662.45,895.2,29.0
2022-04-16,LATAM,Beauty,3945.69,894.87,26.0
2023-04-07,EMEA,Apparel,7812.73,2775.63,16.0
2022-02-01,North America,Sports,7109.55,1567.76,39.0
2024-09-23,Middle East,Beauty,5783.32,1003.76,16.0
2023-07-28,North America,Beauty,16161.04,2942.32,34.0
2023-01-26,North America,Electronics,2504.59,371.82,17.0
2023-06-02,APAC,Sports,2501.85,804.3,
2022-03-15,North America,Home & Garden,3339.73,864.23,10.0
2024-09-09,LATAM,Sports,6113.56,1142.41,17.0
2024-07-09,Middle East,Home & Garden,3244.82,662.64,43.0
2023-02-25,APAC,Home & Garden,1721.92,299.33,6.0
2022-04-09,EMEA,Home & Garden,737.44,79.19,13.0
2022-07-23,APAC,Electronics,354.44,26.21,6.0
2023-09-14,Middle East,Food & Beverage,4380.57,1630.33,43.0
2022-08-17,Middle East,Beauty,14048.04,2677.9,33.0
2022-08-31,APAC,Electronics,208.44,79.18,16.0
2024-07-12,APAC,Apparel,7754.16,426.95,49.0
2022-06-16,EMEA,Apparel,2367.45,275.77,12.0
2022-09-21,Middle East,Sports,12459.43,3970.8,26.0
2022-10-29,EMEA,Electronics,768.08,125.78,16.0
2023-10-13,LATAM,Food & Beverage,5607.22,958.49,38.0
2022-11-29,LATAM,Home & Garden,4132.62,1107.88,30.0
2023-10-17,LATAM,Apparel,13380.9,1245.76,32.0
2024-04-11,North America,Electronics,3058.43,377.1,40.0
2024-05-28,Middle East,Electronics,1044.25,106.47,21.0
2022-08-04,LATAM,Electronics,6115.4,1597.48,18.0
2022-07-16,LATAM,Home & Garden,1921.21,670.93,48.0
2022-10-28,EMEA,Food & Beverage,6379.41,366.9,22.0
2023-12-19,EMEA,Beauty,7122.73,1550.69,16.0
2023-08-27,North America,Food & Beverage,2735.64,170.98,11.0
2023-08-31,North America,Electronics,7940.18,1631.6,16.0
2022-04-10,APAC,Electronics,9238.48,678.05,23.0
2023-11-24,North America,Beauty,14097.68,2126.55,43.0
2022-02-21,APAC,Food & Beverage,7134.0,408.77,17.0
2022-07-06,APAC,Beauty,14992.9,4295.97,32.0
2022-10-27,APAC,Food & Beverage,14724.87,1235.96,35.0
2024-07-15,EMEA,Electronics,16351.31,3080.19,46.0
2022-06-11,Middle East,Electronics,282.6,62.23,4.0
2023-10-25,APAC,Food & Beverage,10001.5,2583.24,36.0
2022-10-12,Middle East,Electronics,938.18,297.6,5.0
2024-07-17,EMEA,Electronics,9017.77,1098.91,25.0
2022-03-28,LATAM,Electronics,1352.61,287.3,5.0
2022-10-12,LATAM,Electronics,5092.51,1159.78,14.0
2024-03-14,LATAM,Home & Garden,1650.72,100.86,7.0
2022-08-13,Middle East,Beauty,8684.31,1339.67,38.0
2022-02-15,North America,Sports,1802.88,279.98,5.0
2024-08-26,Middle East,Electronics,1790.6,351.64,11.0
2023-10-08,EMEA,Electronics,16950.0,6113.82,44.0
2024-02-06,EMEA,Apparel,8107.8,1530.8,41.0
2023-06-18,Middle East,Food & Beverage,6449.03,2162.88,17.0
2022-01-06,North America,Electronics,10647.74,1709.96,28.0
2024-09-22,EMEA,Beauty,2486.8,867.96,8.0
2022-03-23,LATAM,Apparel,3503.79,501.46,13.0
2023-01-09,LATAM,Beauty,8569.56,1538.31,21.0
2024-05-20,EMEA,Home & Garden,3594.3,1095.96,27.0
2024-02-29,LATAM,Electronics,6227.93,1657.39,15.0
2024-06-22,APAC,Apparel,3428.96,811.31,34.0
2024-01-09,EMEA,Sports,5384.6,1422.78,41.0
2022-02-04,APAC,Food & Beverage,7010.17,1742.68,15.0
2024-12-11,Middle East,Sports,4838.2,730.48,18.0
2024-09-11,North America,Apparel,7602.35,2217.97,24.0
2024-02-13,EMEA,Beauty,9878.63,1813.52,21.0
2024-04-11,North America,Beauty,4090.79,1364.11,29.0
2024-05-21,LATAM,Apparel,4881.84,1387.34,11.0
2024-10-29,EMEA,Apparel,19902.63,2055.42,49.0
2022-04-23,EMEA,Food & Beverage,18262.86,5676.91,42.0
2023-10-02,LATAM,Beauty,1079.72,91.98,16.0
2024-12-11,Middle East,Home & Garden,9267.7,647.43,27.0
2022-03-04,LATAM,Beauty,17220.31,2692.45,43.0
2024-03-20,North America,Sports,3561.37,1263.31,14.0
2024-03-28,North America,Beauty,2310.01,768.57,8.0
2022-09-10,LATAM,Home & Garden,11185.6,2785.08,31.0
2023-09-25,LATAM,Electronics,565.2,171.08,4.0
2024-06-08,LATAM,Electronics,1770.31,509.99,33.0
2022-12-29,Middle East,Home & Garden,18169.49,4540.8,46.0
2023-05-11,LATAM,Food & Beverage,7740.81,2614.65,37.0
2024-04-28,Middle East,Electronics,7460.71,1822.56,42.0
2023-06-05,EMEA,Home & Garden,3824.29,1318.13,49.0
2023-10-29,EMEA,Beauty,13431.88,4518.15,45.0
2022-03-14,APAC,Sports,751.2,115.76,31.0
2024-04-05,EMEA,Food & Beverage,379.44,57.45,2.0
2023-09-09,North America,Sports,6817.64,1677.82,
2024-11-24,LATAM,Beauty,12359.47,3739.83,36.0
2022-09-15,North America,Home & Garden,9615.14,567.74,27.0
2023-07-11,North America,Beauty,916.07,268.45,11.0
2023-05-30,LATAM,Apparel,523.09,93.39,33.0
2022-06-22,APAC,Beauty,3283.33,1195.77,20.0
2024-06-08,North America,Home & Garden,1065.66,382.47,16.0
2024-09-05,LATAM,Sports,2304.53,456.13,7.0
2023-02-11,APAC,Sports,11485.35,3665.34,42.0
2024-11-16,EMEA,Home & Garden,2717.66,982.41,7.0
2024-05-14,APAC,Sports,23767.81,6527.41,48.0
2022-03-27,EMEA,Beauty,4210.19,1084.6,10.0
2024-01-03,LATAM,Food & Beverage,1652.47,270.02,5.0
2023-04-21,EMEA,Electronics,4688.18,343.17,18.0
2023-06-13,North America,Apparel,11709.09,3545.76,40.0
2023-12-26,LATAM,Electronics,8271.97,2001.36,
2024-04-27,LATAM,Food & Beverage,13722.77,949.49,47.0
2022-09-26,EMEA,Apparel,2190.77,184.4,36.0
2022-01-16,LATAM,Sports,6332.77,2088.7,16.0
2023-06-10,APAC,Electronics,3133.46,457.39,21.0
2024-05-07,APAC,Beauty,9864.54,1690.32,49.0
2022-11-14,Middle East,Electronics,13664.94,3747.43,34.0
2022-03-01,EMEA,Beauty,2375.07,693.72,48.0
2022-05-08,North America,Sports,5096.5,1290.29,19.0
2023-07-24,North America,Apparel,6668.64,804.54,35.0
2023-11-12,North America,Sports,12175.71,3118.22,44.0
2023-10-06,EMEA,Apparel,1032.94,113.07,23.0
2023-10-20,APAC,Sports,8010.4,420.89,36.0
2023-11-24,APAC,Apparel,4592.96,249.1,14.0
2023-11-06,APAC,Electronics,20205.09,4141.31,45.0
2023-11-01,EMEA,Home & Garden,7306.39,2422.1,15.0
2024-07-08,North America,Sports,2166.31,412.36,4.0
2023-04-09,Middle East,Electronics,2659.74,746.11,7.0
2023-08-28,North America,Apparel,5731.67,509.43,36.0
2023-11-02,EMEA,Home & Garden,4566.74,1513.63,22.0
2023-09-10,Middle East,Home & Garden,4434.9,731.19,10.0
2022-10-16,EMEA,Apparel,4849.28,703.76,18.0
2022-02-02,APAC,Electronics,13216.82,2801.81,30.0
2023-07-13,EMEA,Home & Garden,24968.55,1740.61,46.0
2022-11-21,North America,Sports,3290.28,263.38,17.0
2024-01-03,Middle East,Electronics,5807.83,1587.43,17.0
2022-03-18,Middle East,Beauty,4240.38,665.08,14.0
2023-01-12,North America,Electronics,1262.19,360.42,46.0
2024-10-29,Middle East,Sports,6271.24,889.92,16.0
2024-04-21,North America,Apparel,6147.88,529.12,26.0
2022-01-21,LATAM,Sports,1952.96,226.77,6.0
2022-08-19,North America,Apparel,5571.83,1928.95,12.0
2024-01-19,North America,Sports,1617.38,603.3,25.0
2023-05-24,Middle East,Apparel,12043.05,2869.69,43.0
2022-04-30,Middle East,Apparel,14094.77,2223.46,40.0
2022-12-18,APAC,Electronics,1235.71,108.8,6.0
2022-08-27,LATAM,Apparel,5712.96,,15.0
2024-08-31,EMEA,Electronics,7562.28,1441.24,30.0
2023-05-25,Middle East,Food & Beverage,18488.11,1916.08,49.0
2024-03-13,EMEA,Electronics,6191.21,2287.62,21.0
2022-12-02,APAC,Home & Garden,,432.16,18.0
2022-10-29,EMEA,Home & Garden,7393.25,1033.09,20.0
2023-05-16,Middle East,Beauty,2843.46,883.49,47.0
2024-12-15,North America,Food & Beverage,19317.7,2816.47,42.0
2023-11-10,North America,Electronics,5585.63,695.51,27.0
2023-04-09,Middle East,Beauty,1333.85,292.35,25.0
2024-04-27,North America,Sports,6235.02,577.03,45.0
2022-04-19,LATAM,Sports,3357.89,703.27,17.0
2023-04-18,LATAM,Beauty,299.2,72.24,25.0
2023-08-06,LATAM,Food & Beverage,15463.28,1768.22,31.0
2022-02-25,EMEA,Electronics,15095.31,3255.99,39.0
2023-11-26,Middle East,Apparel,1789.84,378.74,5.0
2024-02-11,EMEA,Sports,96.68,31.97,1.0
2024-12-18,APAC,Apparel,5895.87,2047.18,21.0
2024-07-24,LATAM,Electronics,2473.8,907.37,14.0
2023-05-07,North America,Apparel,2589.85,652.2,8.0
2022-08-01,North America,Home & Garden,5274.28,408.13,35.0
2024-11-26,EMEA,Beauty,1936.15,265.01,18.0
2023-12-01,LATAM,Apparel,751.03,235.76,6.0
2022-03-06,Middle East,Sports,4989.73,1372.1,23.0
2023-07-13,North America,Beauty,4379.33,1388.92,12.0
2022-02-12,North America,Sports,3666.65,1211.37,31.0
2024-12-23,North America,Sports,12099.54,3678.78,42.0
2024-12-29,EMEA,Food & Beverage,5043.26,1161.27,10.0
2022-09-20,North America,Sports,149.97,36.31,1.0
2022-11-28,LATAM,Apparel,2175.02,394.59,15.0
2024-02-15,Middle East,Home & Garden,74.34,22.48,1.0
2022-07-14,North America,Electronics,142.51,46.84,2.0
2022-12-22,LATAM,Home & Garden,17924.57,1487.2,44.0
2023-09-20,LATAM,Food & Beverage,2772.86,184.49,30.0
2023-04-28,EMEA,Electronics,708.76,153.23,2.0
2022-02-07,APAC,Apparel,1948.75,,14.0
2024-12-26,APAC,Sports,10360.6,1597.4,26.0
2023-11-22,LATAM,Electronics,6433.68,2393.32,47.0
2023-05-09,EMEA,Electronics,19234.25,4333.97,48.0
2024-03-27,APAC,Food & Beverage,2114.56,182.05,25.0
2024-08-25,EMEA,Apparel,102.43,7.77,11.0
2023-10-09,EMEA,Home & Garden,788.1,286.6,4.0
2024-01-30,EMEA,Electronics,1072.28,305.92,45.0
2022-06-05,EMEA,Apparel,23962.26,,49.0
2023-01-04,APAC,Apparel,2207.94,792.75,49.0
2024-09-25,LATAM,Apparel,886.02,227.46,24.0
2023-01-23,APAC,Food & Beverage,8598.88,1585.35,40.0
2022-03-30,APAC,Home & Garden,14415.86,2126.92,34.0
2022-02-08,North America,Food & Beverage,8868.29,967.75,25.0
2023-02-20,Middle East,Beauty,14250.34,3805.94,40.0
2023-04-22,EMEA,Beauty,5350.97,1874.6,19.0
2022-11-27,EMEA,Food & Beverage,2191.75,,4.0
2022-11-19,LATAM,Beauty,18217.87,5085.14,48.0
2022-03-30,EMEA,Beauty,9673.24,1484.69,24.0
2022-09-29,North America,Sports,18862.07,6080.86,42.0
2022-12-22,APAC,Sports,360.2,70.65,4.0
2024-08-19,Middle East,Apparel,5831.79,1733.63,18.0
2024-05-07,Middle East,Apparel,1093.73,226.49,12.0
2022-08-18,EMEA,Apparel,10590.45,3811.32,21.0
2022-10-29,North America,Home & Garden,3187.99,1096.63,12.0
2023-07-05,EMEA,Apparel,9962.01,1886.91,40.0
2024-10-05,EMEA,Food & Beverage,5085.07,1122.52,22.0
2022-03-06,APAC,Electronics,3867.33,391.68,48.0
2022-07-17,APAC,Food & Beverage,13013.34,2981.39,46.0
2022-06-07,APAC,Beauty,1312.89,272.54,4.0
2022-04-23,EMEA,Electronics,7493.51,815.6,41.0
2023-06-15,North America,Sports,1235.94,338.33,9.0
2023-09-22,Middle East,Electronics,6158.35,1670.56,46.0
2022-01-19,Middle East,Food & Beverage,671.13,187.35,12.0
2022-11-14,North America,Food & Beverage,6597.24,1200.67,18.0
2022-08-20,Middle East,Food & Beverage,634.09,211.49,7.0
2023-03-04,North America,Home & Garden,5604.03,1143.46,41.0
2022-04-27,APAC,Food & Beverage,5519.65,1151.44,22.0
2024-05-31,EMEA,Beauty,12299.97,3891.43,27.0
2022-01-27,LATAM,Beauty,1358.66,174.24,14.0
2024-05-14,North America,Sports,12539.76,2373.11,31.0
2022-12-07,APAC,Beauty,2119.01,651.0,37.0
2022-04-13,North America,Sports,7742.13,701.86,22.0
2024-11-12,Middle East,Food & Beverage,1991.61,728.55,41.0
2023-04-14,APAC,Home & Garden,4832.04,1615.63,17.0
2022-09-15,North America,Sports,1392.61,321.13,5.0
2023-02-20,LATAM,Home & Garden,6413.56,350.32,27.0
2024-01-21,EMEA,Food & Beverage,1741.26,529.53,18.0
2024-11-16,APAC,Beauty,1150.37,230.18,3.0
2022-11-09,LATAM,Apparel,201.35,56.64,2.0
2023-02-15,EMEA,Sports,9805.77,2741.38,19.0
2022-08-07,Middle East,Beauty,7007.25,1364.43,29.0
2024-08-02,EMEA,Sports,5870.07,1605.2,16.0
2022-02-04,Middle East,Sports,16086.04,5887.54,39.0
2023-11-12,EMEA,Food & Beverage,19706.91,6237.06,42.0
2024-07-14,North America,Apparel,11549.86,1883.63,44.0
2023-04-06,Middle East,Food & Beverage,6354.46,430.03,17.0
2022-01-14,APAC,Sports,16273.73,4967.01,37.0
2022-11-28,Middle East,Food & Beverage,17267.21,4687.53,46.0
2022-12-11,APAC,Sports,1959.73,455.65,7.0
2024-08-24,APAC,Apparel,1816.84,242.56,4.0
2022-08-26,APAC,Sports,11277.51,1017.77,37.0
2022-05-28,EMEA,Beauty,5659.48,1909.08,27.0
2024-03-04,EMEA,Food & Beverage,14086.5,3416.36,40.0
2024-05-27,LATAM,Beauty,11178.44,3315.15,48.0
2024-07-22,North America,Electronics,10111.93,1706.88,34.0
2024-04-22,EMEA,Beauty,1859.19,290.2,16.0
2023-03-17,APAC,Food & Beverage,6693.08,2016.6,26.0
2023-06-21,APAC,Sports,1863.01,599.12,38.0
2023-02-07,LATAM,Beauty,21712.19,6255.25,46.0
2024-04-25,APAC,Electronics,7235.05,2237.41,21.0
2022-08-10,EMEA,Electronics,184.25,28.89,14.0
2023-05-10,Middle East,Apparel,696.26,42.55,5.0
2024-07-09,Middle East,Electronics,9601.97,736.21,44.0
2024-10-04,APAC,Food & Beverage,4581.15,1324.66,43.0
2024-09-12,North America,Electronics,2487.07,927.9,15.0
2023-04-11,APAC,Electronics,1760.01,603.52,25.0
2023-05-02,LATAM,Home & Garden,8277.71,2867.35,26.0
2024-05-12,APAC,Electronics,8408.79,3188.01,31.0
2023-08-19,LATAM,Home & Garden,114.14,34.17,6.0
2022-08-17,EMEA,Sports,4675.73,1065.62,46.0
2022-06-05,LATAM,Apparel,14104.73,3507.31,49.0
2024-01-26,EMEA,Sports,9357.85,957.14,39.0
2022-04-05,APAC,Apparel,17049.83,2435.34,42.0
2022-11-02,Middle East,Food & Beverage,9391.41,2306.91,47.0
2023-05-10,LATAM,Electronics,7703.12,1412.77,22.0
2022-10-24,EMEA,Home & Garden,9278.05,1606.87,21.0
2022-07-28,LATAM,Food & Beverage,3855.47,1223.88,10.0
2023-05-16,North America,Beauty,4748.2,1091.47,
2024-12-23,Middle East,Beauty,687.52,221.76,2.0
2022-08-05,EMEA,Apparel,501.46,171.68,5.0
2024-01-26,LATAM,Food & Beverage,12169.35,4223.81,45.0
2022-02-26,Middle East,Beauty,9985.86,1198.86,24.0
2022-11-17,LATAM,Apparel,5558.88,559.69,16.0
2023-01-26,North America,Beauty,5066.36,422.39,38.0
2023-02-04,LATAM,Food & Beverage,1104.79,62.93,4.0
2022-07-25,APAC,Food & Beverage,1572.51,404.45,5.0
2024-12-09,Middle East,Sports,5246.6,649.01,26.0
2022-05-20,LATAM,Beauty,1812.31,306.2,4.0
2022-07-27,LATAM,Electronics,16130.94,1842.5,41.0
2024-09-04,EMEA,Home & Garden,4280.81,802.77,39.0
2022-03-29,EMEA,Apparel,5524.38,722.75,29.0
2022-02-21,EMEA,Home & Garden,11716.12,1439.23,42.0
2023-09-08,APAC,Apparel,5434.11,,12.0
2024-03-03,North America,Sports,7856.12,2350.08,16.0
2024-11-17,LATAM,Beauty,3059.57,698.52,9.0
2024-09-16,Middle East,Food & Beverage,4562.6,429.63,11.0
2023-06-28,APAC,Beauty,7462.35,1617.04,16.0
2022-03-17,LATAM,Home & Garden,3455.97,1149.2,13.0
2023-06-25,Middle East,Home & Garden,1000.5,58.61,9.0
2024-04-09,North America,Beauty,309.13,33.48,2.0
2023-02-24,APAC,Home & Garden,718.31,103.69,4.0
2024-07-28,LATAM,Sports,21325.27,2279.55,
2024-05-20,APAC,Beauty,14429.98,4088.62,34.0
2022-05-11,Middle East,Apparel,9042.33,3327.52,22.0
2023-04-18,North America,Beauty,5255.46,770.71,12.0
2022-12-05,North America,Food & Beverage,3853.29,599.96,12.0
2024-11-16,APAC,Electronics,12975.54,3632.55,34.0
2022-08-24,Middle East,Sports,13699.57,1705.49,41.0
2022-08-19,EMEA,Apparel,8780.95,1036.47,39.0
2023-07-26,North America,Sports,5606.84,358.74,32.0
2022-08-30,Middle East,Sports,4689.95,611.99,17.0
2024-07-13,Middle East,Sports,7047.99,1369.37,29.0
2024-08-21,Middle East,Apparel,789.44,273.44,4.0
2023-10-09,North America,Electronics,2578.82,640.49,24.0
2022-09-24,Middle East,Beauty,1096.87,257.04,5.0
2024-09-13,Middle East,Sports,3551.96,1155.2,46.0
2022-11-08,North America,Apparel,2451.1,554.73,8.0
2023-04-10,North America,Beauty,8188.56,1949.53,46.0
2024-04-27,Middle East,Home & Garden,104.29,22.6,2.0
2022-08-20,APAC,Apparel,3901.15,546.43,11.0
2022-04-22,APAC,Home & Garden,5853.04,570.87,19.0
2024-08-14,Middle East,Apparel,5057.14,1283.35,27.0
2022-09-15,APAC,Sports,1344.65,354.61,6.0
2024-02-20,APAC,Beauty,641.66,160.86,34.0
2023-06-19,APAC,Home & Garden,345.55,47.22,2.0
2022-01-15,APAC,Beauty,2496.01,499.25,29.0
2023-04-15,APAC,Electronics,6633.84,910.86,18.0
2023-04-28,North America,Electronics,4875.02,978.02,28.0
2023-08-07,APAC,Beauty,1662.78,537.79,9.0
2023-02-16,North America,Home & Garden,5169.68,1831.91,29.0
2024-05-26,North America,Beauty,16730.15,2364.84,43.0
2024-07-09,EMEA,Home & Garden,5231.36,712.37,11.0
2023-07-24,Middle East,Apparel,7294.19,1198.31,29.0
2023-09-13,LATAM,Beauty,73.1,23.07,1.0
2024-02-25,North America,Electronics,2651.16,951.01,17.0
2022-12-07,Middle East,Food & Beverage,2513.5,938.19,25.0
2023-01-22,Middle East,Beauty,4212.61,1482.02,17.0
2024-01-31,APAC,Home & Garden,354.78,93.86,1.0
2024-03-25,EMEA,Apparel,12757.77,2553.29,41.0
2024-01-16,North America,Apparel,6986.33,1490.63,43.0
2023-12-24,North America,Electronics,7142.04,2027.82,20.0
2022-11-03,EMEA,Home & Garden,186.47,64.43,1.0
2023-01-27,Middle East,Beauty,276.34,75.24,9.0
2023-05-03,North America,Electronics,5959.24,1588.73,42.0
2024-07-07,APAC,Beauty,1884.41,603.04,6.0
2024-09-08,North America,Sports,15381.96,5485.17,49.0
2024-01-15,Middle East,Beauty,12053.29,1467.37,27.0
2022-09-17,EMEA,Home & Garden,4145.76,1306.67,26.0
2024-09-25,APAC,Home & Garden,5985.13,1647.25,15.0
2024-11-09,EMEA,Home & Garden,4022.16,510.42,18.0
2023-01-03,North America,Sports,990.77,142.78,4.0
2024-03-29,LATAM,Food & Beverage,10660.22,727.98,46.0
2023-03-11,APAC,Food & Beverage,6355.86,1449.83,16.0
2023-07-13,LATAM,Apparel,1108.79,247.28,4.0
2024-05-25,EMEA,Apparel,841.77,256.04,
2022-04-25,APAC,Home & Garden,4118.52,323.61,29.0
2022-01-26,Middle East,Beauty,14709.05,2852.68,34.0
2024-01-10,LATAM,Food & Beverage,1233.81,406.7,46.0
2023-04-03,APAC,Beauty,6634.03,1378.86,18.0
2023-07-06,LATAM,Food & Beverage,4826.75,947.48,47.0
2022-04-06,North America,Beauty,6309.35,1288.01,19.0
2024-01-11,LATAM,Electronics,7270.22,1548.5,16.0
2022-07-14,North America,Sports,19346.69,6441.69,49.0
2022-09-02,EMEA,Food & Beverage,9972.69,3412.21,31.0
2023-12-10,North America,Apparel,1858.0,224.46,21.0
2023-04-19,LATAM,Food & Beverage,752.7,202.93,12.0
2022-09-01,Middle East,Beauty,5015.65,1674.82,43.0
2022-12-18,APAC,Electronics,7853.6,1058.07,44.0
2022-12-28,EMEA,Apparel,949.66,183.09,3.0
2022-01-27,North America,Beauty,13046.71,4720.12,35.0
2024-08-02,EMEA,Beauty,1900.92,412.37,5.0
2023-03-16,Middle East,Food & Beverage,2097.11,747.05,39.0
2023-08-25,APAC,Home & Garden,417.96,128.08,17.0
2023-10-13,EMEA,Home & Garden,6577.53,1306.78,49.0
2022-06-18,North America,Beauty,2432.63,644.4,27.0
2023-09-05,Middle East,Electronics,2355.46,543.61,48.0
2024-09-24,APAC,Food & Beverage,14670.84,2186.29,33.0
2023-05-01,Middle East,Apparel,4880.13,633.59,25.0
2024-02-14,LATAM,Beauty,2961.37,1112.05,16.0
2023-03-04,Middle East,Apparel,21981.02,4189.67,43.0
2024-06-19,APAC,Apparel,3087.19,535.19,35.0
2023-01-07,North America,Electronics,1956.02,460.85,31.0
2023-03-19,North America,Apparel,1432.27,313.81,16.0
2022-06-15,EMEA,Electronics,2513.09,917.83,11.0
2023-01-03,LATAM,Apparel,8180.24,2917.79,18.0
2022-08-02,Middle East,Electronics,2740.12,634.4,31.0
2024-01-09,EMEA,Sports,10494.35,1738.35,25.0
2024-08-04,LATAM,Home & Garden,4756.84,994.97,11.0
2024-11-04,APAC,Apparel,4823.27,424.04,15.0
2024-12-01,EMEA,Food & Beverage,6863.79,1183.25,46.0
2022-12-31,APAC,Food & Beverage,14725.15,1552.24,31.0
2024-01-30,LATAM,Electronics,4429.58,708.9,16.0
2022-01-09,EMEA,Apparel,9861.0,2413.69,25.0
2022-10-13,LATAM,Home & Garden,1490.38,238.07,48.0
2023-10-21,Middle East,Apparel,2427.03,779.87,38.0
2023-01-21,LATAM,Electronics,10171.7,741.83,23.0
2022-05-30,APAC,Food & Beverage,8730.55,2813.65,48.0
2023-02-04,LATAM,Beauty,3352.77,,8.0
2024-02-02,EMEA,Apparel,13412.6,832.79,37.0
2024-02-12,North America,Apparel,21239.56,4845.73,47.0
2022-01-24,EMEA,Home & Garden,4387.77,1563.18,40.0
2022-04-18,Middle East,Sports,21330.72,1991.53,45.0
2024-03-14,LATAM,Home & Garden,765.16,179.44,13.0
2024-05-02,APAC,Food & Beverage,2902.91,584.66,35.0
2022-04-20,Middle East,Home & Garden,3041.44,501.35,19.0
2024-10-10,APAC,Home & Garden,16081.91,1545.42,32.0
2022-10-31,Middle East,Electronics,4361.2,1526.49,41.0
2023-05-15,LATAM,Electronics,4024.01,1278.59,11.0
2022-08-25,Middle East,Electronics,2792.87,375.15,34.0
2024-12-08,Middle East,Food & Beverage,17143.15,4201.6,43.0
2022-10-10,North America,Apparel,5806.75,1829.76,11.0
2022-11-24,LATAM,Home & Garden,1209.66,102.31,3.0
2023-06-10,LATAM,Electronics,17985.07,1672.78,49.0
2024-09-04,Middle East,Sports,3624.4,397.22,22.0
2023-05-25,North America,Electronics,13058.74,1681.94,30.0
2024-10-29,EMEA,Home & Garden,2081.92,629.36,9.0
2022-05-04,LATAM,Sports,2656.62,457.01,31.0
2022-01-15,EMEA,Beauty,3057.93,670.52,8.0
2023-01-04,LATAM,Sports,6590.31,2161.17,34.0
2023-12-24,EMEA,Food & Beverage,,650.78,11.0
2024-03-06,EMEA,Sports,734.58,199.32,9.0
2023-10-10,North America,Beauty,10473.56,573.21,24.0
2022-05-25,EMEA,Food & Beverage,7504.83,799.52,24.0
2023-03-01,APAC,Sports,11726.51,1551.46,48.0
2024-09-01,Middle East,Beauty,71.99,16.99,6.0
2023-01-30,Middle East,Electronics,9486.71,3459.72,21.0
2023-06-21,EMEA,Electronics,3341.55,1229.77,24.0
2024-07-07,North America,Sports,2409.09,832.74,6.0
2024-07-02,APAC,Food & Beverage,12538.22,991.1,34.0
2023-08-11,EMEA,Home & Garden,707.08,59.44,17.0
2023-08-07,APAC,Electronics,4735.81,1619.45,12.0
2024-03-05,EMEA,Beauty,11149.79,1508.29,43.0
2024-08-10,LATAM,Apparel,17966.49,6318.71,41.0
2022-10-22,EMEA,Apparel,5119.98,1537.57,10.0
2022-10-05,Middle East,Electronics,13501.74,3471.97,39.0
2022-01-26,APAC,Sports,285.63,43.08,4.0
2023-08-06,LATAM,Food & Beverage,2953.93,873.83,32.0
2023-08-16,LATAM,Food & Beverage,1590.43,552.36,29.0
2022-04-29,LATAM,Home & Garden,5063.76,872.94,
2024-11-21,APAC,Electronics,1663.79,210.67,
2024-06-17,APAC,Home & Garden,18279.94,4697.04,48.0
2024-05-19,EMEA,Apparel,4322.3,1132.38,29.0
2024-08-24,Middle East,Home & Garden,2614.91,259.85,17.0
2024-05-21,APAC,Electronics,7180.04,1387.31,37.0
2023-05-03,LATAM,Food & Beverage,6087.17,1671.52,38.0
2022-09-08,Middle East,Electronics,12386.43,2312.97,44.0
2022-10-20,Middle East,Food & Beverage,1409.67,187.07,22.0
2024-08-18,APAC,Apparel,3099.87,820.23,16.0
2022-05-12,North America,Apparel,10132.88,3761.36,25.0
2022-03-12,EMEA,Apparel,9496.48,559.15,44.0
2022-01-05,North America,Food & Beverage,320.32,30.19,17.0
2024-02-11,EMEA,Apparel,11964.07,3125.86,
2023-01-25,Middle East,Beauty,4617.05,930.38,35.0
2022-08-15,EMEA,Beauty,10659.84,1688.57,36.0
2022-05-10,North America,Electronics,1026.68,168.45,41.0
2023-01-07,North America,Sports,12075.22,2799.06,26.0
2022-09-13,North America,Electronics,16458.69,3289.02,41.0
2023-09-15,EMEA,Home & Garden,619.95,216.67,12.0
2023-04-18,APAC,Electronics,8890.41,2727.56,48.0
2022-11-22,EMEA,Home & Garden,10487.45,3606.47,35.0
2024-05-12,Middle East,Apparel,3674.43,776.3,9.0
2023-02-11,EMEA,Sports,11383.61,1783.01,29.0
2024-12-29,North America,Beauty,2415.34,237.22,37.0
2023-11-27,APAC,Food & Beverage,695.28,199.17,18.0
2024-03-02,North America,Sports,8070.81,554.03,21.0
2022-08-02,EMEA,Electronics,1282.49,155.71,21.0
2023-04-12,APAC,Home & Garden,17391.41,2642.91,47.0
2023-04-01,North America,Electronics,15693.35,4019.98,49.0
2023-01-13,EMEA,Sports,157.12,22.74,9.0
2024-03-02,APAC,Food & Beverage,6786.42,953.15,17.0
2022-03-02,EMEA,Beauty,525.7,34.17,19.0
2024-02-26,LATAM,Sports,19619.38,1784.79,46.0
2022-07-09,LATAM,Electronics,497.61,50.97,2.0
2023-06-13,North America,Food & Beverage,15785.34,966.53,47.0
2022-03-05,APAC,Beauty,9407.25,571.49,47.0
2024-01-09,EMEA,Apparel,12525.12,1515.15,42.0
2024-05-22,LATAM,Sports,4039.99,520.87,20.0
2024-02-01,North America,Apparel,2372.75,549.97,5.0
2022-10-12,Middle East,Food & Beverage,356.83,25.87,26.0
2023-02-12,EMEA,Sports,11151.72,3946.4,41.0
2024-12-31,Middle East,Home & Garden,3864.21,865.67,16.0
2024-04-05,North America,Beauty,6046.29,469.21,38.0
2022-09-26,LATAM,Food & Beverage,798.13,74.54,5.0
2023-11-28,LATAM,Sports,1259.73,219.63,3.0
2023-03-08,APAC,Apparel,7242.69,2146.45,23.0
2024-01-07,LATAM,Beauty,13842.62,3991.58,35.0
2024-12-25,North America,Food & Beverage,3282.37,,6.0
2023-11-24,EMEA,Food & Beverage,9746.23,1937.68,43.0
2022-05-10,Middle East,Electronics,9569.05,2649.31,26.0
2023-09-16,LATAM,Apparel,18630.58,1265.52,49.0
2024-03-06,EMEA,Apparel,563.65,36.72,40.0
2022-01-22,EMEA,Beauty,698.04,148.75,6.0
2022-07-03,APAC,Food & Beverage,921.39,185.93,4.0
2022-01-24,Middle East,Electronics,15686.67,2604.53,47.0
2023-05-12,LATAM,Sports,11608.4,1648.58,34.0
2022-07-18,North America,Beauty,11127.3,2415.56,28.0
2022-11-19,APAC,Electronics,19380.34,2424.55,39.0
2023-01-29,APAC,Apparel,6244.33,525.9,47.0
2023-09-02,North America,Home & Garden,4779.21,459.98,25.0
2022-06-25,Middle East,Electronics,3224.65,713.22,9.0
2022-04-13,APAC,Electronics,2899.01,407.49,13.0
2022-02-01,APAC,Sports,8146.25,1258.57,35.0
2022-02-13,Middle East,Electronics,8915.75,2754.84,28.0
2022-11-14,Middle East,Beauty,1557.5,448.92,46.0
2023-04-08,APAC,Beauty,1717.45,235.61,40.0
2024-06-26,EMEA,Electronics,2616.72,833.81,6.0
2023-05-14,North America,Electronics,1406.4,141.81,7.0
2022-04-23,APAC,Electronics,441.44,158.78,5.0
2022-02-27,Middle East,Apparel,1180.94,413.55,3.0
2023-08-19,LATAM,Apparel,4460.82,1461.71,24.0
2022-02-03,APAC,Electronics,13595.94,4688.57,30.0
2023-11-12,EMEA,Food & Beverage,2059.32,716.73,30.0
2022-03-26,North America,Beauty,11123.95,684.88,37.0
2024-07-17,APAC,Beauty,11587.52,1466.61,27.0
2022-12-13,North America,Electronics,650.82,83.2,43.0
2022-06-01,Middle East,Food & Beverage,19565.45,6698.67,45.0
2024-10-06,APAC,Beauty,2189.12,159.02,45.0
2024-10-17,North America,Food & Beverage,6037.95,1137.82,18.0
2024-10-16,North America,Sports,15604.9,3652.47,48.0
2022-08-06,APAC,Food & Beverage,2259.45,121.27,8.0
2023-09-03,APAC,Sports,5602.48,1974.73,22.0
2023-12-30,EMEA,Electronics,10310.83,877.38,33.0
2024-11-28,LATAM,Food & Beverage,6095.71,466.59,34.0
2022-04-16,LATAM,Food & Beverage,7695.47,748.01,33.0
2022-09-15,APAC,Sports,1109.8,398.3,40.0
2024-08-08,North America,Beauty,13834.84,2537.8,37.0
2023-08-24,North America,Home & Garden,5147.49,,17.0
2024-06-17,EMEA,Electronics,2693.42,,12.0
2024-04-26,APAC,Sports,595.22,115.38,25.0
2022-06-17,Middle East,Food & Beverage,10471.47,986.69,42.0
2024-02-26,EMEA,Electronics,824.84,49.84,18.0
2024-03-12,APAC,Home & Garden,4717.99,1011.79,28.0
2023-05-21,Middle East,Beauty,3786.89,388.23,11.0
2023-03-25,North America,Food & Beverage,13697.82,3697.32,41.0
2022-01-05,Middle East,Apparel,2449.43,404.0,17.0
2023-10-04,Middle East,Sports,19391.57,3498.83,46.0
2023-06-28,North America,Electronics,10167.91,1617.97,37.0
2022-05-04,LATAM,Food & Beverage,2750.27,460.35,16.0
2023-02-19,APAC,Beauty,7105.63,2150.14,27.0
2024-04-07,Middle East,Home & Garden,769.06,168.77,38.0
2024-12-21,LATAM,Sports,9041.94,719.34,39.0
2022-03-01,APAC,Sports,2577.69,821.42,19.0
2024-12-04,LATAM,Home & Garden,478.93,102.38,42.0
2023-04-12,APAC,Home & Garden,5392.26,1607.09,19.0
2022-06-19,LATAM,Food & Beverage,2792.03,961.35,21.0
2023-10-05,North America,Apparel,5723.09,1910.43,25.0
2022-07-08,LATAM,Beauty,12416.84,4089.57,44.0
2022-09-20,Middle East,Beauty,2292.92,694.83,7.0
2022-12-07,APAC,Apparel,10604.24,906.52,36.0
2024-06-02,LATAM,Sports,3572.68,197.85,22.0
2022-10-07,North America,Electronics,7050.99,1462.47,20.0
2023-07-26,North America,Sports,5606.84,358.74,32.0
2022-10-13,Middle East,Food & Beverage,1750.49,324.8,4.0
2023-10-21,LATAM,Beauty,2849.94,1002.37,12.0
2022-02-20,Middle East,Beauty,14660.58,877.07,41.0
2023-08-16,Middle East,Electronics,7385.19,543.14,20.0
2024-07-26,North America,Beauty,9634.02,1002.69,28.0
2024-03-10,APAC,Electronics,8092.91,977.37,42.0
2022-06-29,North America,Sports,3875.44,1011.0,26.0
2022-02-20,LATAM,Food & Beverage,396.71,75.82,5.0
2024-05-22,LATAM,Food & Beverage,3575.34,630.46,11.0
2022-12-28,LATAM,Home & Garden,2111.29,581.29,7.0
2024-10-07,APAC,Home & Garden,7775.51,1995.75,33.0
2022-07-02,EMEA,Sports,7926.43,,20.0
2024-07-19,LATAM,Home & Garden,3900.33,922.91,17.0
2022-06-04,LATAM,Food & Beverage,6367.44,551.02,26.0
2023-10-25,LATAM,Sports,4879.85,693.55,24.0
2024-08-14,North America,Apparel,816.86,165.8,17.0
2022-12-05,LATAM,Food & Beverage,464.44,151.86,6.0
2024-06-20,APAC,Sports,12809.2,2055.09,32.0
2024-06-22,APAC,Electronics,9001.95,2498.88,20.0
2022-11-08,Middle East,Home & Garden,3283.11,355.45,20.0
2022-11-04,North America,Electronics,2373.35,522.78,8.0
2022-02-22,North America,Home & Garden,5520.59,2005.14,15.0
2024-09-10,LATAM,Beauty,2639.26,594.06,47.0
2024-11-23,APAC,Food & Beverage,1527.99,531.41,37.0
2023-05-26,Middle East,Home & Garden,742.44,190.44,36.0
2024-02-05,APAC,Apparel,223.71,49.44,2.0
2024-08-21,APAC,Apparel,6311.93,1252.56,39.0
2023-03-08,APAC,Sports,13865.13,2872.81,33.0
2024-07-10,Middle East,Beauty,1279.75,326.92,14.0
2023-05-18,North America,Home & Garden,21127.07,4302.97,49.0
2022-08-26,LATAM,Food & Beverage,1289.19,240.81,6.0
2024-01-21,EMEA,Home & Garden,7171.85,1529.05,18.0
2023-04-04,Middle East,Food & Beverage,3965.38,694.58,16.0
2022-01-12,Middle East,Home & Garden,7182.26,1908.43,22.0
2022-08-25,North America,Sports,2675.1,137.08,33.0
2023-11-08,North America,Home & Garden,1762.32,650.46,22.0
2022-09-18,EMEA,Electronics,12325.93,3904.92,25.0
2023-03-15,EMEA,Home & Garden,2428.53,219.88,10.0
2022-01-31,APAC,Home & Garden,9841.48,1605.53,30.0
2023-07-10,LATAM,Electronics,8823.8,1401.16,23.0
2022-04-24,EMEA,Apparel,7562.0,1943.91,19.0
2024-10-07,LATAM,Food & Beverage,2112.69,,30.0
2024-11-24,Middle East,Apparel,7196.01,385.4,25.0
2022-11-18,APAC,Electronics,4336.95,688.07,30.0
2023-07-18,North America,Apparel,4388.47,1243.07,26.0
2023-05-10,APAC,Home & Garden,328.78,34.61,2.0
2023-06-12,APAC,Sports,7552.73,1703.22,23.0
2023-05-18,APAC,Food & Beverage,596.17,95.67,4.0
2024-01-04,Middle East,Food & Beverage,15936.24,4405.57,35.0
2024-07-29,LATAM,Apparel,4538.08,1229.33,23.0
2022-11-04,Middle East,Beauty,15777.65,3874.14,38.0
2024-02-28,LATAM,Sports,2457.07,439.84,25.0
2022-03-11,LATAM,Beauty,1614.0,275.26,12.0
2022-08-11,EMEA,Food & Beverage,14428.77,3298.72,37.0
2024-05-27,Middle East,Sports,12227.03,1527.0,
2024-01-29,LATAM,Electronics,25061.86,1669.09,49.0
2023-08-25,APAC,Sports,367.01,33.83,16.0
2024-06-02,LATAM,Sports,6743.07,766.57,39.0
2022-04-03,North America,Electronics,2773.46,1046.04,22.0
2023-12-27,EMEA,Home & Garden,4525.9,565.79,39.0
2023-05-21,North America,Apparel,6352.93,2361.43,32.0
2024-12-10,APAC,Food & Beverage,1443.04,434.79,3.0
2024-03-24,Middle East,Home & Garden,,500.47,6.0
2023-05-05,Middle East,Home & Garden,8116.41,2728.94,37.0
2023-06-01,LATAM,Food & Beverage,16214.71,4743.42,49.0
2024-05-11,Middle East,Apparel,18394.87,1379.16,41.0
2022-01-11,APAC,Apparel,15909.14,2557.63,36.0
2023-10-15,North America,Sports,4077.39,1525.98,11.0
2023-11-21,Middle East,Food & Beverage,2285.49,491.22,5.0
2024-10-07,North America,Food & Beverage,9505.27,2913.75,37.0
2022-08-02,Middle East,Electronics,1365.96,351.63,10.0
2023-03-15,LATAM,Home & Garden,8539.26,2183.59,19.0
2024-10-11,LATAM,Beauty,5627.59,928.06,27.0
2022-04-28,North America,Food & Beverage,4003.55,292.76,30.0
2024-03-12,APAC,Food & Beverage,11345.59,,24.0
2024-10-10,North America,Home & Garden,3957.7,324.85,39.0
2023-07-19,EMEA,Beauty,3442.25,755.75,28.0
2024-10-07,LATAM,Food & Beverage,6467.83,381.65,46.0
2024-10-20,North America,Beauty,13683.71,1339.04,42.0
2022-06-06,LATAM,Apparel,21445.9,5867.24,49.0
2024-04-25,LATAM,Beauty,7367.8,2032.51,45.0
2022-05-16,LATAM,Sports,4450.44,819.41,16.0
2024-10-08,LATAM,Electronics,10048.2,1059.54,32.0
2022-12-28,North America,Apparel,3139.67,1191.6,7.0
2023-03-28,EMEA,Beauty,3989.72,1244.99,42.0
2023-03-11,LATAM,Apparel,8563.41,719.4,29.0
2023-02-18,Middle East,Sports,2823.47,715.2,18.0
2022-11-05,EMEA,Sports,2822.85,998.67,19.0
2022-01-30,APAC,Electronics,497.89,68.41,6.0
2022-04-24,LATAM,Food & Beverage,9646.83,1153.46,20.0
2022-03-27,LATAM,Electronics,17716.89,4493.01,37.0
2024-07-25,North America,Electronics,4841.93,1671.76,28.0
2022-08-29,North America,Home & Garden,1873.64,614.99,26.0
2022-11-16,EMEA,Beauty,657.07,168.93,26.0
2022-10-05,APAC,Food & Beverage,8323.15,2195.29,38.0
2023-09-04,APAC,Food & Beverage,3847.52,1094.52,39.0
2024-08-12,Middle East,Home & Garden,2419.04,524.34,41.0
2022-01-29,Middle East,Electronics,2823.37,283.38,38.0
2024-01-18,EMEA,Sports,2193.07,413.86,8.0
2022-04-15,Middle East,Home & Garden,477.0,178.21,32.0
2023-02-04,North America,Sports,570.25,117.12,49.0
2024-02-12,North America,Beauty,5555.16,2080.17,12.0
2024-06-08,EMEA,Beauty,8049.87,1390.17,22.0
2022-05-06,APAC,Electronics,7832.59,2237.12,39.0
2023-04-11,EMEA,Sports,8732.33,3097.36,45.0
2024-12-19,Middle East,Home & Garden,816.91,288.16,
2024-03-26,EMEA,Food & Beverage,2264.17,582.68,36.0
2022-04-04,EMEA,Sports,4870.11,1641.78,12.0
2024-10-24,APAC,Food & Beverage,4300.4,995.36,32.0
2023-12-30,LATAM,Food & Beverage,4620.43,1106.28,22.0
2024-02-12,North America,Electronics,460.46,66.47,2.0
2024-02-18,Middle East,Apparel,12802.23,1813.39,44.0
2022-12-10,APAC,Food & Beverage,1307.4,481.57,18.0
2023-08-14,APAC,Sports,788.51,89.06,2.0
2024-12-28,APAC,Beauty,314.68,84.11,17.0
2022-09-16,APAC,Electronics,11599.39,2207.52,36.0
2024-03-09,LATAM,Electronics,335.97,45.29,1.0
2024-12-12,APAC,Apparel,523.43,41.47,2.0
2024-07-01,APAC,Home & Garden,8033.21,949.96,18.0
2022-04-07,LATAM,Sports,5712.82,1598.45,26.0
2024-10-21,Middle East,Beauty,5908.87,1457.01,26.0
2022-06-29,APAC,Home & Garden,1557.98,505.28,39.0
2024-08-25,North America,Sports,12203.19,1806.58,26.0
2022-05-24,APAC,Beauty,8402.04,1660.66,42.0
2023-10-11,LATAM,Electronics,2316.46,780.81,17.0
2024-02-19,North America,Sports,4331.91,678.33,15.0
2023-09-04,Middle East,Beauty,18337.11,2267.33,47.0
2024-11-18,APAC,Beauty,,422.48,9.0
2023-01-27,Middle East,Food & Beverage,3235.32,508.84,15.0
2024-06-25,Middle East,Beauty,5116.52,1043.34,19.0
2022-09-03,APAC,Electronics,10177.12,2543.63,35.0
2023-12-25,North America,Sports,3730.72,259.85,21.0
2024-11-15,North America,Food & Beverage,3275.63,1106.35,32.0
2024-01-26,Middle East,Home & Garden,6777.84,1634.56,19.0
2023-11-17,LATAM,Beauty,12860.47,4324.75,34.0
2022-02-14,APAC,Electronics,8047.3,2201.19,25.0
2023-03-04,APAC,Electronics,5679.52,,49.0
2022-05-27,LATAM,Sports,3069.63,355.4,18.0
2022-06-18,North America,Apparel,9666.29,2123.88,29.0
2022-07-26,APAC,Home & Garden,20114.47,4122.59,
2022-11-14,LATAM,Sports,4677.76,608.75,27.0
2024-06-09,LATAM,Apparel,6464.33,2069.44,18.0
2022-03-28,APAC,Sports,19814.57,3351.28,38.0
2022-02-04,APAC,Sports,8027.38,1186.72,26.0
2023-10-18,North America,Home & Garden,9445.77,1783.57,32.0
2022-03-20,North America,Food & Beverage,8939.15,2292.69,22.0
2022-12-24,APAC,Electronics,15703.05,2985.71,48.0
2023-05-13,North America,Food & Beverage,592.09,133.09,24.0
2023-06-05,North America,Beauty,1169.54,116.58,4.0
2023-04-14,Middle East,Electronics,4499.92,490.36,44.0
2022-05-03,LATAM,Sports,2909.48,360.95,6.0
2024-04-16,APAC,Electronics,2386.95,252.86,20.0
2022-11-14,Middle East,Electronics,2400.57,614.74,7.0
2024-01-05,Middle East,Beauty,6139.15,2101.4,23.0
2023-11-23,APAC,Food & Beverage,3725.98,1274.04,10.0
2023-12-04,APAC,Apparel,5165.45,1860.68,23.0
2023-02-14,LATAM,Sports,4526.86,788.5,32.0
2023-03-19,LATAM,Sports,10134.76,1903.89,30.0
2023-03-22,APAC,Food & Beverage,488.19,62.57,9.0
2024-10-31,LATAM,Beauty,2116.96,576.44,13.0
2024-08-19,EMEA,Sports,2885.49,872.29,25.0
2022-10-27,Middle East,Food & Beverage,5539.33,1477.88,24.0
2023-07-29,LATAM,Home & Garden,1315.86,137.31,11.0
2022-12-18,APAC,Sports,13665.63,4450.51,31.0
2023-06-05,LATAM,Food & Beverage,15870.34,3556.46,34.0
2023-04-01,North America,Apparel,624.67,59.58,46.0
2023-01-28,North America,Food & Beverage,4122.21,563.96,23.0
2022-05-04,APAC,Home & Garden,3090.88,394.15,35.0
2022-02-23,APAC,Beauty,6475.14,2260.62,31.0
2022-12-18,Middle East,Food & Beverage,4396.39,988.06,32.0
2024-03-14,LATAM,Home & Garden,138.81,12.85,5.0
2024-09-02,North America,Home & Garden,12287.83,3733.17,48.0
2023-10-08,Middle East,Electronics,18171.35,992.21,37.0
2024-08-28,APAC,Beauty,11982.87,1787.72,31.0
2024-05-08,EMEA,Electronics,7155.22,2169.95,33.0
2022-07-24,EMEA,Apparel,3600.84,710.9,9.0
2024-11-10,Middle East,Food & Beverage,14363.54,3218.53,28.0
2022-04-05,EMEA,Sports,10818.87,1145.53,40.0
2024-07-13,EMEA,Food & Beverage,5026.29,513.47,39.0
2024-05-28,Middle East,Home & Garden,10041.61,3605.98,48.0
2024-10-10,APAC,Food & Beverage,13977.96,,37.0
2023-12-20,APAC,Beauty,4170.09,1306.86,14.0
2022-08-19,EMEA,Sports,20439.24,4394.69,43.0
2024-11-06,EMEA,Food & Beverage,4598.7,744.29,11.0
2022-06-22,North America,Sports,8044.41,2499.28,26.0
2024-03-28,EMEA,Sports,6346.85,664.03,15.0
2022-05-05,EMEA,Electronics,16807.34,6279.14,32.0
2024-10-01,Middle East,Beauty,1790.67,,24.0
2022-09-16,EMEA,Food & Beverage,4215.16,957.11,9.0
2022-09-01,LATAM,Food & Beverage,9598.85,2465.64,30.0
2024-01-01,EMEA,Home & Garden,5609.97,1375.62,15.0
2024-06-08,LATAM,Electronics,,1436.72,26.0
2022-11-30,APAC,Beauty,3353.44,1166.14,10.0
2024-06-15,EMEA,Electronics,185.7,,8.0
2022-03-26,Middle East,Electronics,2991.78,676.21,29.0
2024-09-24,North America,Beauty,16424.04,5480.43,45.0
2023-07-22,North America,Apparel,10270.5,1949.0,37.0
2023-12-27,LATAM,Apparel,2251.99,840.96,16.0
2023-02-12,EMEA,Electronics,6400.39,516.82,17.0
2023-08-30,LATAM,Apparel,16393.77,2099.13,
2023-06-20,Middle East,Food & Beverage,6384.28,1333.82,17.0
2023-06-10,LATAM,Apparel,612.62,152.75,17.0
2024-07-08,EMEA,Home & Garden,10149.17,1802.25,22.0
2022-11-21,LATAM,Food & Beverage,1392.63,165.45,7.0
2023-12-05,APAC,Apparel,4938.14,1249.75,11.0
2024-01-17,Middle East,Apparel,1038.56,238.31,23.0
2024-09-15,North America,Electronics,1139.35,163.12,8.0
2022-11-29,North America,Food & Beverage,1263.42,209.48,6.0
2024-06-09,LATAM,Home & Garden,6521.51,1152.77,33.0
2024-09-29,APAC,Sports,796.4,156.25,8.0
2023-03-07,LATAM,Food & Beverage,3035.41,287.58,8.0
2023-05-24,LATAM,Food & Beverage,4525.67,1714.47,21.0
2022-02-17,North America,Sports,2516.53,506.06,18.0
2023-01-07,APAC,Electronics,1285.94,373.43,10.0
2024-06-17,APAC,Beauty,8721.39,629.83,34.0
2023-01-25,APAC,Sports,7657.59,610.11,22.0
2022-11-11,EMEA,Sports,619.47,230.81,5.0
2023-04-04,North America,Beauty,3919.25,973.79,12.0
2022-07-08,North America,Beauty,6548.59,1969.97,43.0
2024-08-01,North America,Beauty,4113.34,578.33,13.0
2022-07-23,EMEA,Beauty,2051.81,444.1,10.0
2023-09-05,Middle East,Beauty,368.12,41.5,2.0
2024-04-22,APAC,Electronics,3208.32,726.71,22.0
2024-12-09,LATAM,Sports,1677.57,513.59,9.0
2022-12-21,APAC,Sports,6150.32,1872.37,15.0
2024-10-03,North America,Food & Beverage,4433.22,863.19,14.0
2024-08-06,EMEA,Food & Beverage,11867.97,1560.94,26.0
2022-10-16,EMEA,Sports,8702.23,2782.87,17.0
2023-03-18,LATAM,Sports,1932.87,601.29,25.0
2022-11-18,EMEA,Apparel,14121.03,,48.0
2022-12-18,North America,Apparel,539.97,152.11,44.0
2022-12-15,APAC,Electronics,5944.03,802.01,47.0
2022-10-08,EMEA,Food & Beverage,9865.08,2593.53,24.0
2022-08-01,LATAM,Beauty,15329.57,4667.96,32.0
2023-01-01,APAC,Beauty,693.61,132.17,32.0
2022-06-06,Middle East,Home & Garden,15936.4,3003.36,47.0
2023-11-19,North America,Electronics,8335.83,2287.38,24.0
2024-03-08,LATAM,Beauty,6098.88,1762.53,25.0
2023-06-20,LATAM,Sports,19683.16,6955.18,43.0
2024-06-19,North America,Beauty,82.73,30.18,3.0
2022-03-18,EMEA,Home & Garden,15979.83,3897.2,37.0
2022-12-21,EMEA,Electronics,6478.7,1133.92,22.0
2023-01-07,APAC,Food & Beverage,803.72,278.45,3.0
2023-04-18,APAC,Home & Garden,1684.51,449.18,4.0
2024-01-03,LATAM,Electronics,314.13,74.3,2.0
2022-09-06,North America,Apparel,13507.89,4577.27,32.0
2022-07-10,Middle East,Beauty,926.13,181.02,10.0
2023-09-15,North America,Sports,1430.07,498.52,25.0
2024-11-18,APAC,Sports,4990.6,870.74,14.0
2022-02-23,LATAM,Apparel,1252.7,190.66,3.0
2024-12-23,EMEA,Sports,1974.56,368.79,10.0
2023-08-06,LATAM,Food & Beverage,2405.23,663.67,6.0
2023-07-07,North America,Apparel,2274.92,194.76,41.0
2024-11-17,EMEA,Apparel,996.2,351.28,3.0
2024-04-16,EMEA,Apparel,7560.23,1363.5,23.0
2024-03-22,LATAM,Food & Beverage,7485.72,1815.07,19.0
2022-08-18,APAC,Sports,2864.8,1025.99,23.0
2022-03-07,EMEA,Beauty,738.88,180.68,2.0
2024-12-12,APAC,Food & Beverage,11853.83,3330.88,25.0
2023-04-03,LATAM,Electronics,10492.55,1583.69,25.0
2024-02-24,LATAM,Beauty,1138.93,146.8,
2024-02-24,EMEA,Beauty,11952.9,3925.6,27.0
2024-05-31,Middle East,Home & Garden,340.42,114.53,1.0
2024-08-26,LATAM,Beauty,3514.12,512.81,7.0
2024-03-03,North America,Home & Garden,1106.38,406.98,16.0
2022-05-06,APAC,Apparel,72.37,10.2,5.0
2024-07-21,EMEA,Sports,6522.61,2249.9,18.0
2024-07-24,APAC,Sports,2343.93,169.0,15.0
2023-05-10,EMEA,Beauty,6655.48,1986.04,37.0
2022-03-17,LATAM,Home & Garden,4841.21,1216.46,26.0
2023-09-26,EMEA,Home & Garden,215.09,67.29,2.0
2023-08-05,APAC,Food & Beverage,6265.77,1387.86,14.0
2023-09-05,Middle East,Home & Garden,1569.94,542.02,7.0
2024-06-14,EMEA,Apparel,9129.82,1980.23,39.0
2022-01-11,Middle East,Electronics,6338.76,1986.14,34.0
2022-10-05,APAC,Food & Beverage,3735.61,778.3,20.0
2022-02-04,North America,Electronics,14413.26,3733.01,35.0
2024-03-17,EMEA,Beauty,2555.27,559.15,13.0
2022-02-01,APAC,Electronics,2546.35,256.49,26.0
2022-03-01,North America,Electronics,5967.56,1095.5,37.0
2022-01-24,North America,Electronics,3007.31,926.81,33.0
2022-11-07,Middle East,Home & Garden,89.89,33.65,
2024-01-27,EMEA,Beauty,6097.23,812.48,34.0
2023-07-19,Middle East,Electronics,1942.13,692.39,19.0
2023-11-15,LATAM,Beauty,8241.1,890.84,36.0
2024-05-04,APAC,Home & Garden,5415.53,1932.62,24.0
2022-06-14,APAC,Home & Garden,5758.53,872.38,24.0
2022-08-29,EMEA,Beauty,5020.7,552.8,29.0
2024-07-31,EMEA,Apparel,13748.09,4406.38,43.0
2023-07-10,North America,Electronics,231.37,81.42,10.0
2024-10-26,EMEA,Home & Garden,327.69,40.7,12.0
2024-10-31,EMEA,Apparel,1618.59,573.62,49.0
2022-05-29,Middle East,Home & Garden,18084.92,2974.12,47.0
2023-11-07,LATAM,Electronics,1441.8,368.6,10.0
2022-08-02,LATAM,Home & Garden,1438.01,507.98,11.0
2022-03-21,Middle East,Electronics,15129.95,2334.81,36.0
2023-04-22,Middle East,Beauty,2911.48,566.28,14.0
2023-12-21,APAC,Beauty,2735.64,359.97,10.0
2022-09-18,LATAM,Home & Garden,8307.1,914.25,21.0
2023-08-22,EMEA,Sports,1479.81,415.43,19.0
2022-10-14,Middle East,Electronics,361.6,44.46,1.0
2023-04-01,EMEA,Home & Garden,8814.08,3035.22,
2023-11-10,APAC,Beauty,379.78,139.39,1.0
2022-09-29,APAC,Sports,149.75,29.84,1.0
2023-06-17,Middle East,Home & Garden,535.6,75.57,45.0
2022-05-06,Middle East,Home & Garden,17542.68,6520.02,45.0
2023-10-23,North America,Electronics,2849.49,686.28,47.0
2024-10-15,Middle East,Beauty,2734.2,696.4,48.0
2023-06-02,APAC,Sports,5627.22,1815.5,17.0
2023-01-08,APAC,Food & Beverage,2367.35,756.12,6.0
2022-08-27,LATAM,Electronics,3190.65,,16.0
2024-03-12,EMEA,Food & Beverage,732.64,186.95,13.0
2023-10-13,Middle East,Apparel,5165.72,557.85,15.0
2024-02-13,APAC,Sports,688.84,99.99,37.0
2024-06-11,North America,Beauty,2467.17,344.09,20.0
2022-05-02,North America,Home & Garden,1762.53,623.47,6.0
2024-12-29,APAC,Apparel,11784.5,1182.96,25.0
2024-04-10,EMEA,Sports,4981.1,1245.27,37.0
2022-02-21,EMEA,Electronics,6618.19,2373.64,29.0
2024-06-12,EMEA,Food & Beverage,12505.33,4151.91,31.0
2023-09-13,North America,Beauty,644.62,43.79,2.0
2024-07-13,EMEA,Food & Beverage,189.29,46.54,5.0
2023-07-11,APAC,Electronics,12833.56,4731.01,38.0
2024-12-18,North America,Food & Beverage,3307.45,478.29,15.0
2022-08-21,EMEA,Beauty,1057.98,375.68,4.0
2024-05-17,EMEA,Apparel,1702.59,446.16,39.0
2024-12-05,Middle East,Sports,3143.02,1102.69,11.0
2024-03-18,APAC,Beauty,,4835.15,44.0
2022-02-13,North America,Sports,6926.27,911.4,18.0
2024-06-26,Middle East,Food & Beverage,11246.16,1163.82,35.0
2022-05-22,LATAM,Sports,1302.83,405.26,5.0
2022-10-13,EMEA,Food & Beverage,4918.25,550.98,45.0
2023-09-12,North America,Sports,2134.23,276.8,31.0
2022-08-17,APAC,Sports,878.38,,2.0
2023-03-18,North America,Food & Beverage,8022.36,2011.82,40.0
2023-03-08,Middle East,Food & Beverage,2434.06,667.15,41.0
2022-04-07,LATAM,Beauty,9965.47,3610.23,45.0
2024-11-30,APAC,Home & Garden,14960.21,2453.21,27.0
2024-08-19,Middle East,Sports,4299.77,1379.67,21.0
2023-01-23,APAC,Beauty,21006.96,5970.78,47.0
2024-10-16,Middle East,Beauty,3929.09,751.84,17.0
2022-08-30,Middle East,Electronics,5630.66,1334.27,41.0
2023-07-14,Middle East,Sports,13135.98,4510.29,47.0
2022-07-10,Middle East,Electronics,14339.1,3271.53,33.0
2022-11-18,APAC,Sports,18174.44,6326.6,46.0
2022-07-06,LATAM,Home & Garden,14684.11,2325.02,40.0
2023-01-26,EMEA,Sports,3759.25,422.93,7.0
2024-02-01,EMEA,Apparel,1941.67,566.07,5.0
2022-10-16,EMEA,Home & Garden,1229.28,298.22,11.0
2024-06-16,North America,Beauty,1128.73,92.06,18.0
2022-11-01,APAC,Electronics,27.32,8.53,1.0
2023-05-20,LATAM,Food & Beverage,965.29,227.09,2.0
2024-03-27,EMEA,Apparel,3699.32,249.26,29.0
2024-05-25,APAC,Apparel,7612.26,582.32,20.0
2024-08-30,Middle East,Electronics,172.78,65.31,4.0
2024-11-03,Middle East,Sports,1972.27,406.01,31.0
2024-03-28,APAC,Apparel,12460.13,2092.15,34.0
2024-03-29,LATAM,Beauty,560.93,204.84,2.0
2023-10-15,EMEA,Electronics,4419.12,1633.86,9.0
2022-04-08,Middle East,Sports,9293.35,512.49,49.0
2022-01-24,LATAM,Home & Garden,19966.74,6193.73,46.0
2022-08-05,North America,Electronics,12745.08,3243.18,47.0
2022-06-10,APAC,Beauty,4442.19,1614.19,18.0
2024-01-28,EMEA,Electronics,915.48,233.95,12.0
2023-03-31,APAC,Home & Garden,11354.78,4158.13,23.0
2023-10-24,LATAM,Sports,5512.25,1918.29,33.0
2024-01-21,EMEA,Electronics,2355.19,316.45,13.0
2023-05-31,LATAM,Sports,464.31,45.63,11.0
2024-04-02,Middle East,Apparel,734.06,49.77,42.0
2023-09-01,North America,Electronics,1105.23,214.12,24.0
2024-02-07,APAC,Food & Beverage,854.92,124.2,10.0
2024-07-18,LATAM,Electronics,12641.9,2764.03,33.0
2023-10-30,North America,Home & Garden,11564.34,1078.67,22.0
2023-10-15,LATAM,Home & Garden,13337.89,3652.32,37.0
2023-05-22,North America,Sports,20816.08,1090.22,49.0
2023-01-05,EMEA,Home & Garden,2775.87,863.68,17.0
2024-10-22,LATAM,Electronics,1413.1,504.29,7.0
2023-08-25,EMEA,Food & Beverage,21784.84,1509.67,44.0
2023-02-13,APAC,Beauty,1822.07,137.58,18.0
2023-10-13,North America,Electronics,4212.17,965.65,25.0
2022-10-18,EMEA,Sports,890.37,72.27,39.0
2023-08-31,LATAM,Electronics,4915.42,293.52,40.0
2023-11-23,Middle East,Home & Garden,13559.89,3011.97,45.0
2022-10-03,APAC,Beauty,383.53,39.8,19.0
2023-06-14,EMEA,Electronics,11579.03,669.79,38.0
2023-07-03,LATAM,Apparel,3945.72,598.6,15.0
2023-12-17,EMEA,Apparel,3472.59,1044.21,16.0
2023-07-23,North America,Beauty,720.79,,8.0
2023-04-29,LATAM,Sports,4174.01,1190.39,34.0
2022-06-11,Middle East,Apparel,2973.59,896.64,26.0
2023-06-27,Middle East,Food & Beverage,7454.35,2246.11,20.0
2024-01-21,LATAM,Sports,405.55,90.78,41.0
2024-01-13,APAC,Food & Beverage,3385.57,1101.25,27.0
2022-05-14,LATAM,Home & Garden,1784.19,470.29,23.0
2024-04-30,LATAM,Home & Garden,5995.33,2271.7,41.0
2024-12-11,LATAM,Sports,11266.6,1348.49,37.0
2022-05-23,North America,Food & Beverage,3648.62,655.38,36.0
2024-07-27,APAC,Beauty,1278.04,346.34,9.0
2024-07-22,Middle East,Beauty,9027.72,1751.06,25.0
2022-02-16,EMEA,Sports,6195.62,436.64,36.0
2023-02-11,APAC,Food & Beverage,7748.98,858.93,49.0
2024-08-21,Middle East,Electronics,2142.87,735.43,13.0
2023-09-06,APAC,Apparel,15469.59,3441.07,43.0
2024-03-01,North America,Food & Beverage,3173.15,1057.98,40.0
2022-01-04,North America,Home & Garden,5803.59,1311.6,24.0
2024-08-12,North America,Food & Beverage,11166.92,685.13,41.0
2022-05-03,EMEA,Sports,8249.22,1004.6,41.0
2024-02-10,APAC,Sports,5631.2,774.61,24.0
2024-11-28,North America,Electronics,4132.48,288.34,26.0
2024-04-18,APAC,Home & Garden,13232.54,3990.05,41.0
2022-05-08,LATAM,Apparel,5455.75,746.78,17.0
2024-02-17,North America,Apparel,7796.33,1019.94,35.0
2024-08-17,EMEA,Beauty,1610.99,297.24,24.0
2023-06-08,APAC,Apparel,3641.9,798.38,16.0
2024-06-02,LATAM,Electronics,3179.31,801.32,7.0
2024-06-07,APAC,Home & Garden,1528.77,399.48,23.0
2024-05-05,APAC,Food & Beverage,5765.33,623.65,12.0
2023-02-24,LATAM,Sports,1121.06,216.09,9.0
2022-07-15,EMEA,Beauty,18187.61,6207.15,41.0
2024-11-12,LATAM,Apparel,14692.47,1447.86,37.0
2024-11-22,LATAM,Beauty,1458.58,342.54,8.0
2023-07-25,North America,Beauty,15362.18,1868.55,32.0
2023-04-24,Middle East,Electronics,2723.67,690.82,18.0
2024-10-28,Middle East,Electronics,3945.7,262.13,40.0
2023-01-20,North America,Home & Garden,280.35,52.16,28.0
2023-04-27,APAC,Beauty,15494.69,2055.88,33.0
2024-04-18,LATAM,Food & Beverage,4593.69,1617.51,20.0
2023-12-18,EMEA,Beauty,18696.83,5166.97,42.0
2023-02-01,LATAM,Home & Garden,13188.31,3743.93,33.0
2024-08-17,LATAM,Food & Beverage,8549.29,2053.12,46.0
2024-09-20,Middle East,Apparel,11104.08,2995.88,46.0
2024-11-10,Middle East,Electronics,3501.37,704.03,8.0
2023-12-08,EMEA,Food & Beverage,10878.13,1370.6,31.0
2024-12-17,North America,Beauty,6899.47,673.88,36.0
2022-03-06,North America,Beauty,7410.07,2107.26,41.0
2023-11-06,Middle East,Beauty,894.83,146.96,12.0
2022-07-16,EMEA,Apparel,1297.79,324.17,32.0
2023-08-27,LATAM,Sports,2145.28,561.72,5.0
2024-07-28,North America,Apparel,4779.56,1798.5,23.0
2022-01-02,EMEA,Food & Beverage,17480.43,3434.77,42.0
2023-05-18,North America,Electronics,8971.35,630.78,19.0
2023-05-01,APAC,Sports,1466.48,220.23,7.0
2023-06-18,APAC,Food & Beverage,10796.66,1828.88,45.0
2024-08-16,North America,Home & Garden,2730.54,275.41,9.0
2024-06-24,APAC,Home & Garden,15129.96,3195.46,33.0
2023-09-23,LATAM,Home & Garden,4025.18,457.01,44.0
2023-08-07,APAC,Apparel,5325.12,981.94,19.0
2022-05-22,LATAM,Electronics,3120.68,334.67,14.0
2024-11-11,EMEA,Electronics,2611.79,794.01,14.0
2023-02-22,LATAM,Home & Garden,2244.18,780.03,15.0
2024-04-17,LATAM,Sports,7634.97,1213.4,26.0
2024-03-06,LATAM,Food & Beverage,3076.38,776.58,14.0
2022-04-26,Middle East,Beauty,2235.91,395.1,15.0
2022-05-03,LATAM,Sports,2735.8,902.26,12.0
2023-03-23,North America,Sports,1305.86,83.4,4.0
2022-03-08,North America,Sports,3855.44,716.05,11.0
2023-10-20,LATAM,Food & Beverage,5576.31,574.66,45.0
2022-04-10,North America,Apparel,2426.14,790.05,9.0
2022-07-08,North America,Food & Beverage,1386.52,190.18,31.0
2022-02-19,APAC,Food & Beverage,15843.71,3185.17,43.0
2023-11-04,EMEA,Sports,1329.08,420.69,6.0
2024-05-15,EMEA,Sports,11038.23,1721.26,38.0
2023-05-03,Middle East,Beauty,11801.43,1700.02,23.0
2023-10-23,APAC,Electronics,2364.82,264.66,27.0
2022-10-01,Middle East,Food & Beverage,15931.63,5242.84,38.0
2023-01-05,LATAM,Food & Beverage,18120.84,1661.94,44.0
2024-10-04,APAC,Home & Garden,1358.14,293.19,30.0
2024-03-28,Middle East,Food & Beverage,786.43,101.01,12.0
2023-05-28,North America,Sports,3798.1,700.64,17.0
2022-08-22,LATAM,Food & Beverage,856.88,224.65,2.0
2024-05-16,EMEA,Food & Beverage,531.49,85.76,22.0
2024-02-16,APAC,Home & Garden,1062.79,,5.0
2024-05-18,LATAM,Home & Garden,14926.56,1301.75,31.0
2024-03-04,LATAM,Sports,392.18,36.85,13.0
2023-10-03,North America,Food & Beverage,1770.73,627.45,21.0
2022-04-27,Middle East,Beauty,2097.22,187.23,42.0
2024-04-03,LATAM,Sports,4487.75,1495.45,10.0
2023-11-12,Middle East,Apparel,6630.34,1347.55,32.0
2022-12-05,APAC,Home & Garden,5298.05,,15.0
2022-04-13,LATAM,Home & Garden,6607.47,1673.17,32.0
2024-04-13,North America,Sports,828.92,209.15,4.0
2024-12-21,North America,Home & Garden,2603.38,865.75,6.0
2024-08-11,APAC,Home & Garden,2782.74,806.88,22.0
2022-03-28,North America,Sports,20465.43,2958.3,47.0
2022-04-04,North America,Beauty,5839.86,1668.36,28.0
2022-08-03,APAC,Apparel,10702.2,690.86,46.0
2023-02-16,EMEA,Sports,1231.55,384.31,4.0
2024-02-27,LATAM,Beauty,3505.97,499.8,9.0
2024-12-17,North America,Home & Garden,789.64,230.87,49.0
2024-12-10,EMEA,Sports,386.25,96.8,5.0
2022-06-24,EMEA,Sports,6916.86,1025.3,15.0
2022-03-26,EMEA,Home & Garden,5675.3,1981.61,24.0
2024-09-05,North America,Electronics,167.15,44.6,15.0
2023-05-23,North America,Beauty,4561.75,1301.99,14.0
2023-08-09,North America,Apparel,9820.13,1773.51,38.0
2024-03-26,EMEA,Sports,4023.8,411.18,24.0
2023-06-21,LATAM,Sports,7374.06,433.61,20.0
2024-07-16,Middle East,Apparel,17749.93,955.83,42.0
2023-10-14,LATAM,Electronics,3738.45,522.39,20.0
2024-11-27,North America,Sports,3869.42,273.79,47.0
2024-12-06,APAC,Food & Beverage,7060.03,1115.58,22.0
2024-02-21,LATAM,Beauty,13788.26,3983.76,33.0
2023-03-06,EMEA,Apparel,3931.37,1085.77,17.0
2024-03-11,EMEA,Apparel,9168.21,2949.97,21.0
2022-03-26,APAC,Apparel,1111.51,278.01,6.0
2024-03-28,LATAM,Food & Beverage,1229.51,239.66,4.0
2023-07-22,North America,Electronics,5321.72,524.19,26.0
2022-03-13,EMEA,Electronics,2714.93,836.67,42.0
2024-05-06,North America,Food & Beverage,10507.07,1032.96,27.0
2023-03-26,Middle East,Apparel,5509.81,936.67,29.0
2022-03-21,APAC,Food & Beverage,10201.45,3129.95,46.0
2023-05-07,APAC,Home & Garden,426.73,92.85,4.0
2024-10-23,APAC,Apparel,172.48,30.7,4.0
2024-07-13,Middle East,Sports,7047.99,1369.37,29.0
2022-10-10,Middle East,Electronics,10049.03,2231.96,24.0
2022-04-02,LATAM,Beauty,160.29,55.28,2.0
2023-06-07,North America,Food & Beverage,1563.07,378.22,5.0
2023-05-31,Middle East,Sports,4589.52,1325.22,34.0
2023-05-27,Middle East,Home & Garden,266.26,71.28,7.0
2022-04-14,North America,Sports,10842.72,2546.55,28.0
2024-09-20,EMEA,Beauty,1748.64,631.07,9.0
2022-12-24,Middle East,Electronics,2507.36,200.31,30.0
2024-03-21,Middle East,Beauty,6808.9,1255.84,28.0
2022-02-12,North America,Beauty,530.54,138.47,8.0
2022-09-05,EMEA,Beauty,14345.89,1603.0,40.0
2023-05-14,EMEA,Apparel,12455.66,4578.14,44.0
2022-10-12,LATAM,Sports,3622.07,236.97,32.0
2024-02-12,LATAM,Electronics,7383.9,1253.26,29.0
2023-05-15,Middle East,Home & Garden,17832.2,2837.51,49.0
2022-05-31,APAC,Sports,8196.38,1918.17,41.0
2022-07-25,LATAM,Sports,3320.14,1258.32,20.0
2022-04-26,EMEA,Apparel,6869.07,839.94,23.0
2023-03-31,APAC,Beauty,8390.48,1345.78,25.0
2022-01-05,Middle East,Food & Beverage,17403.56,6088.96,45.0
2022-09-03,North America,Food & Beverage,1000.73,351.39,30.0
2022-01-20,EMEA,Home & Garden,6463.24,427.2,34.0
2022-12-06,EMEA,Apparel,213.68,,9.0
2024-04-16,North America,Electronics,5849.9,628.77,28.0
2022-02-27,EMEA,Apparel,5377.22,622.0,46.0
2023-08-24,EMEA,Apparel,5096.93,387.25,14.0
2022-07-13,LATAM,Apparel,11515.65,3439.15,28.0
2024-05-30,Middle East,Sports,3031.12,897.21,11.0
2022-07-22,APAC,Beauty,1743.73,367.12,20.0
2023-08-05,Middle East,Sports,1581.51,360.97,13.0
2024-09-05,North America,Sports,5562.76,2002.68,26.0
2022-01-23,EMEA,Electronics,5374.23,921.99,14.0
2024-05-30,Middle East,Apparel,3442.24,774.66,8.0
2022-09-07,EMEA,Beauty,846.19,316.09,18.0
2022-01-26,APAC,Home & Garden,191.06,56.36,15.0
2023-02-06,APAC,Electronics,4842.78,346.56,19.0
2023-04-19,North America,Home & Garden,4021.53,1413.6,21.0
2024-09-27,APAC,Home & Garden,14655.07,1801.16,49.0
2024-04-27,APAC,Electronics,21379.34,7293.6,43.0
2024-08-19,EMEA,Electronics,4197.04,908.8,48.0
2024-05-23,Middle East,Electronics,4777.19,413.76,13.0
2022-07-12,LATAM,Home & Garden,11144.34,3360.72,27.0
2022-02-12,North America,Apparel,13931.39,2703.04,42.0
2022-06-04,EMEA,Apparel,5363.11,1673.82,29.0
2023-09-28,LATAM,Food & Beverage,1614.39,95.6,36.0
2024-02-03,APAC,Food & Beverage,7578.43,2738.12,29.0
2024-12-05,EMEA,Apparel,4247.82,450.37,40.0
2024-08-28,APAC,Beauty,699.94,72.31,2.0
2024-02-21,APAC,Electronics,917.37,58.93,5.0
2024-03-06,EMEA,Food & Beverage,1490.57,108.12,5.0
2024-05-31,LATAM,Sports,2575.2,972.75,8.0
2023-04-29,EMEA,Sports,6605.32,692.45,24.0
2024-08-26,EMEA,Beauty,1562.35,202.4,18.0
2024-03-27,LATAM,Electronics,8424.39,3099.94,30.0
2024-11-27,Middle East,Apparel,1266.38,217.19,7.0
2022-02-17,Middle East,Food & Beverage,5833.6,1128.92,16.0
2022-03-28,LATAM,Food & Beverage,14680.7,1256.99,34.0
2022-09-17,EMEA,Apparel,1076.93,301.23,7.0
2024-02-29,Middle East,Food & Beverage,4555.57,1178.25,45.0
2024-05-11,Middle East,Home & Garden,12397.08,1977.6,27.0
2022-07-25,EMEA,Electronics,504.68,158.56,29.0
2023-08-22,APAC,Beauty,10102.9,1443.86,42.0
2022-01-11,EMEA,Beauty,10847.72,3384.02,21.0
2024-12-13,LATAM,Apparel,8323.35,1836.2,17.0
2022-04-30,EMEA,Food & Beverage,2436.8,798.98,13.0
2024-06-04,EMEA,Sports,520.63,189.59,5.0
2022-04-30,LATAM,Home & Garden,1964.22,661.32,10.0
2024-10-13,APAC,Electronics,8278.93,,16.0
2022-06-13,North America,Electronics,2085.79,571.63,33.0
2022-01-09,LATAM,Home & Garden,17279.22,3210.32,49.0
2022-03-02,APAC,Food & Beverage,9827.61,2013.72,34.0
2024-07-20,LATAM,Home & Garden,3979.25,954.56,15.0
2024-05-13,Middle East,Food & Beverage,8883.53,2832.64,48.0
2022-02-13,EMEA,Electronics,2723.14,638.07,28.0
2024-09-10,EMEA,Beauty,818.61,152.31,12.0
2024-03-14,Middle East,Beauty,3781.1,427.73,28.0
2022-10-07,LATAM,Apparel,4044.01,1149.37,17.0
2024-07-01,EMEA,Home & Garden,1932.0,258.04,46.0
2023-05-29,EMEA,Sports,2953.24,199.3,6.0
2024-10-19,LATAM,Beauty,1985.01,438.77,5.0
2022-01-26,North America,Beauty,3251.23,525.89,8.0
2023-08-10,Middle East,Sports,4228.07,605.71,8.0
2023-02-07,LATAM,Home & Garden,302.38,60.58,1.0
2022-08-20,North America,Food & Beverage,647.42,73.35,14.0
2022-07-15,LATAM,Sports,751.18,261.99,2.0
2022-01-14,Middle East,Beauty,12680.16,922.03,44.0
2022-09-16,EMEA,Electronics,1567.83,462.39,5.0
2023-05-14,North America,Food & Beverage,6582.55,2327.62,29.0
2022-04-23,APAC,Sports,15515.72,5335.85,38.0
2022-10-22,Middle East,Electronics,23860.19,5900.36,49.0
2022-09-12,Middle East,Electronics,16120.14,4704.07,48.0
2024-12-16,EMEA,Apparel,6157.25,432.38,20.0
2023-05-03,Middle East,Apparel,3493.6,1260.87,8.0
2023-04-30,APAC,Food & Beverage,228.31,49.0,8.0
2022-08-01,EMEA,Electronics,7076.05,807.55,15.0
2023-07-10,Middle East,Beauty,19021.5,1962.15,39.0
2024-06-06,LATAM,Electronics,9651.37,3093.55,24.0
2022-06-22,EMEA,Electronics,106.38,7.55,4.0
2024-09-13,Middle East,Home & Garden,11414.78,3534.31,38.0
2022-06-20,EMEA,Food & Beverage,2389.06,751.0,12.0
2023-11-18,APAC,Home & Garden,4660.45,421.86,15.0
2022-07-11,North America,Food & Beverage,3777.48,1182.33,12.0
2023-01-07,Middle East,Home & Garden,5289.27,1773.85,33.0
2024-07-12,LATAM,Home & Garden,9554.63,2055.39,30.0
2024-02-03,LATAM,Apparel,4952.45,1500.12,14.0
2022-11-12,APAC,Apparel,9816.47,1340.13,31.0
2022-11-29,North America,Home & Garden,1809.54,118.69,4.0
2022-12-08,EMEA,Apparel,928.73,131.06,2.0
2022-11-08,EMEA,Apparel,16738.49,6357.45,35.0
2023-07-13,Middle East,Home & Garden,504.69,93.47,1.0
2023-04-20,APAC,Sports,4096.59,1396.95,22.0
2024-04-15,APAC,Home & Garden,2613.55,239.94,6.0
2023-12-04,APAC,Apparel,950.54,72.42,3.0
2023-02-05,LATAM,Sports,2456.4,473.84,43.0
2023-03-11,LATAM,Beauty,18074.04,4985.59,47.0
2023-12-22,North America,Food & Beverage,2800.84,529.22,8.0
2023-11-14,Middle East,Home & Garden,8222.59,998.34,48.0
2023-02-02,LATAM,Sports,8915.48,2177.89,
2022-11-03,EMEA,Home & Garden,4667.36,1539.31,37.0
2023-02-26,LATAM,Home & Garden,6864.72,2079.93,28.0
2023-07-09,APAC,Home & Garden,1513.27,285.19,20.0
2022-12-18,North America,Home & Garden,3964.55,1071.83,11.0
2024-02-23,LATAM,Sports,1002.37,50.81,2.0
2024-06-28,LATAM,Sports,10881.72,1814.44,47.0
2023-02-14,North America,Home & Garden,2533.02,458.83,19.0
2024-10-18,EMEA,Sports,5506.15,1646.58,34.0
2023-01-21,LATAM,Beauty,1368.75,68.67,14.0
2024-09-20,North America,Electronics,6170.74,576.3,18.0
2023-01-28,APAC,Food & Beverage,12011.47,3643.35,27.0
2024-10-05,Middle East,Apparel,15878.32,5590.76,44.0
2024-10-26,LATAM,Apparel,1379.89,431.46,9.0
2023-01-01,Middle East,Apparel,10845.94,3899.98,30.0
2022-01-09,North America,Sports,4116.61,536.57,40.0
2022-08-20,Middle East,Sports,1123.76,119.07,14.0
2022-03-09,North America,Beauty,1025.88,371.16,2.0
2024-12-26,LATAM,Sports,11930.43,1091.62,29.0
2022-07-06,Middle East,Beauty,504.28,91.49,37.0
2024-03-11,Middle East,Home & Garden,666.32,37.87,13.0
2024-07-05,EMEA,Sports,5829.28,2111.7,16.0
2023-08-31,Middle East,Food & Beverage,1838.79,250.41,28.0
2023-10-22,EMEA,Home & Garden,3079.13,339.49,32.0
2024-07-26,EMEA,Apparel,6926.05,2544.81,34.0
2022-04-02,LATAM,Apparel,1445.34,134.59,9.0
2024-09-25,North America,Electronics,13847.58,2922.19,40.0
2023-04-24,LATAM,Beauty,2259.21,690.22,6.0
2022-06-02,Middle East,Home & Garden,2781.22,787.13,7.0
2023-11-17,LATAM,Electronics,20910.25,5833.38,48.0
2022-03-05,North America,Apparel,1153.05,290.48,6.0
2024-06-27,North America,Home & Garden,6404.08,327.0,44.0
2023-09-01,LATAM,Food & Beverage,151.46,56.89,14.0
2023-08-02,LATAM,Home & Garden,7349.24,,16.0
2024-05-12,LATAM,Home & Garden,1341.89,96.92,24.0
2023-01-25,APAC,Electronics,5896.51,,25.0
2023-04-12,North America,Electronics,633.42,54.32,2.0
2022-12-11,Middle East,Beauty,96.83,7.08,1.0
2022-06-07,EMEA,Sports,3057.87,776.8,13.0
2024-05-21,EMEA,Beauty,3605.14,229.81,12.0
2024-03-23,LATAM,Electronics,12869.53,1859.82,31.0
2024-10-18,APAC,Beauty,13245.73,2558.35,49.0
2022-03-09,APAC,Beauty,1800.36,513.5,47.0
2022-01-16,Middle East,Sports,12289.22,3954.31,31.0
2024-10-17,LATAM,Sports,1877.44,278.47,7.0
2023-05-05,North America,Beauty,3491.67,1285.95,25.0
2022-09-27,APAC,Apparel,2651.87,593.97,6.0
2023-07-19,EMEA,Beauty,3266.0,1082.21,16.0
2022-05-31,North America,Sports,73.83,9.15,1.0
2023-09-10,APAC,Beauty,304.77,104.93,1.0
2024-12-22,APAC,Beauty,9775.25,1756.52,38.0
2023-10-04,APAC,Home & Garden,789.95,57.94,22.0
2022-01-09,Middle East,Sports,4771.01,474.54,12.0
2023-07-13,Middle East,Food & Beverage,11284.87,2324.85,39.0
2022-09-19,LATAM,Apparel,16592.21,4828.44,33.0
2024-05-02,APAC,Home & Garden,13222.54,2355.49,33.0
2022-07-31,LATAM,Apparel,7656.25,2149.2,22.0
2023-10-19,APAC,Food & Beverage,12425.83,2284.81,38.0
2023-06-30,Middle East,Food & Beverage,2902.68,467.65,49.0
2024-10-03,LATAM,Apparel,6601.95,1259.67,47.0
2022-09-22,North America,Beauty,9496.84,3441.83,21.0
2024-02-29,North America,Electronics,14585.16,3455.83,38.0
2023-12-25,APAC,Sports,11429.76,4317.84,28.0
2022-07-28,North America,Beauty,18483.76,1675.56,47.0
2023-08-10,Middle East,Beauty,6827.98,374.35,16.0
2022-12-22,LATAM,Electronics,5795.81,1106.94,33.0
2022-09-01,LATAM,Sports,4729.15,1061.35,41.0
2022-04-18,Middle East,Sports,6583.19,1197.79,18.0
2022-12-30,LATAM,Beauty,8480.5,1105.25,24.0
2023-10-09,APAC,Food & Beverage,2031.57,615.16,46.0
2023-06-06,North America,Electronics,15386.64,1663.62,48.0
2022-12-12,EMEA,Food & Beverage,3619.27,209.6,25.0
2024-04-27,North America,Food & Beverage,1950.98,519.47,8.0
2024-02-28,Middle East,Home & Garden,7550.27,877.56,44.0
2023-09-24,EMEA,Apparel,19891.58,1036.23,44.0
2023-12-30,APAC,Food & Beverage,331.34,27.65,1.0
2024-10-17,Middle East,Apparel,12390.25,662.67,31.0
2023-03-09,North America,Home & Garden,4064.51,,17.0
2024-06-11,EMEA,Home & Garden,4668.35,1424.87,36.0
2024-01-17,LATAM,Apparel,19491.19,7071.13,45.0
2023-09-29,EMEA,Home & Garden,2129.6,426.08,27.0
2023-05-10,North America,Apparel,7227.48,994.17,21.0
2022-07-25,North America,Apparel,8875.73,2179.91,24.0
2023-04-11,APAC,Home & Garden,12308.45,3622.49,44.0
2024-10-24,EMEA,Apparel,3188.5,560.77,25.0
2022-09-01,Middle East,Sports,2081.43,270.44,8.0
2024-06-11,Middle East,Beauty,3289.91,785.04,12.0
2023-12-30,EMEA,Home & Garden,4512.73,1593.23,21.0
2022-05-18,EMEA,Sports,19769.77,4745.68,42.0
2023-01-31,LATAM,Electronics,724.47,115.24,4.0
2022-09-24,LATAM,Home & Garden,5342.05,990.32,20.0
2023-09-19,LATAM,Beauty,1266.37,260.98,14.0
2022-06-08,Middle East,Sports,3901.78,1468.21,10.0
2024-05-19,LATAM,Apparel,3579.75,517.72,32.0
2024-04-01,Middle East,Beauty,1227.24,353.55,11.0
2024-02-15,APAC,Electronics,6351.57,1093.12,42.0
2022-02-10,APAC,Food & Beverage,341.64,21.79,1.0
2024-05-01,APAC,Electronics,104.81,15.27,4.0
2023-08-18,North America,Home & Garden,45.17,2.7,3.0
2023-09-05,APAC,Beauty,10869.74,1445.33,30.0
2023-11-14,North America,Electronics,6294.95,1765.28,32.0
2023-06-20,LATAM,Food & Beverage,3867.01,436.87,25.0
2024-05-04,LATAM,Sports,63.53,6.28,1.0
2023-01-04,North America,Sports,6538.54,1920.63,28.0
2023-05-07,North America,Beauty,1344.78,445.35,4.0
2023-12-24,EMEA,Food & Beverage,14250.84,2998.37,42.0
2024-05-02,Middle East,Food & Beverage,1892.41,242.0,12.0
2024-10-17,LATAM,Food & Beverage,2350.96,499.51,14.0
2022-09-30,EMEA,Beauty,330.1,62.88,1.0
2024-04-23,LATAM,Sports,14220.95,1747.46,46.0
2024-01-28,LATAM,Food & Beverage,2075.31,138.13,22.0
2022-09-25,LATAM,Electronics,14278.7,1065.14,40.0
2023-05-14,APAC,Food & Beverage,1481.45,376.31,13.0
2024-02-25,LATAM,Apparel,3936.25,1122.63,48.0
2022-02-13,APAC,Sports,2647.83,463.99,24.0
2024-02-14,LATAM,Home & Garden,6133.49,865.85,12.0
2023-05-09,EMEA,Food & Beverage,12691.33,4402.27,27.0
2024-08-27,EMEA,Electronics,3530.33,1195.29,49.0
2022-11-10,Middle East,Beauty,10009.15,3345.37,30.0
2022-09-06,North America,Beauty,7329.4,2436.64,38.0
2024-04-26,LATAM,Electronics,5614.35,405.9,20.0
2024-09-05,APAC,Electronics,5659.64,924.66,23.0
2022-11-24,Middle East,Beauty,7098.14,1147.72,35.0
2022-04-23,Middle East,Apparel,7570.41,877.87,29.0
2022-01-30,Middle East,Sports,6952.18,1819.15,30.0
2024-09-15,LATAM,Electronics,6775.17,1802.01,18.0
2022-05-25,North America,Apparel,8191.95,2316.74,42.0
2023-06-08,Middle East,Beauty,4322.39,929.03,37.0
2024-09-01,Middle East,Sports,4094.33,384.75,21.0
2024-01-31,North America,Home & Garden,2217.38,672.47,8.0
2024-10-13,EMEA,Apparel,644.52,222.09,11.0
2023-02-26,Middle East,Electronics,6100.41,363.5,37.0
2024-11-20,APAC,Beauty,2594.74,356.29,19.0
2023-03-08,LATAM,Home & Garden,4103.04,423.09,48.0
2022-06-24,LATAM,Sports,330.93,90.23,1.0
2023-11-18,LATAM,Beauty,2670.51,488.57,13.0
2023-06-29,Middle East,Apparel,12481.34,656.03,45.0
2022-04-28,North America,Electronics,233.79,63.07,4.0
2022-06-15,LATAM,Sports,11471.2,3811.9,48.0
2024-11-01,EMEA,Home & Garden,1608.47,433.27,19.0
2024-08-22,EMEA,Apparel,14794.02,5317.04,43.0
2022-11-14,EMEA,Home & Garden,722.69,219.09,49.0
2023-02-24,Middle East,Sports,7376.71,986.81,25.0
2024-07-17,EMEA,Apparel,8753.69,1049.5,27.0
2022-04-10,North America,Beauty,5208.24,1642.5,42.0
2023-08-09,LATAM,Apparel,5369.95,269.01,19.0
2022-03-15,APAC,Sports,5968.36,476.77,16.0
2022-11-26,APAC,Apparel,3381.79,1127.0,37.0
2022-03-29,LATAM,Food & Beverage,297.89,102.0,2.0
2023-01-26,North America,Beauty,8226.29,2195.74,32.0
2023-06-06,North America,Apparel,3221.22,367.42,13.0
2023-05-04,EMEA,Apparel,14204.06,2011.72,34.0
2023-08-19,APAC,Electronics,4174.72,287.96,27.0
2023-04-28,APAC,Apparel,4146.89,795.58,33.0
2022-10-28,APAC,Food & Beverage,9857.74,2472.56,25.0
2023-04-07,Middle East,Food & Beverage,14162.53,3964.97,32.0
2023-03-28,Middle East,Apparel,14756.72,2503.89,40.0
2023-02-25,LATAM,Sports,441.9,128.41,12.0
2023-02-12,APAC,Apparel,3090.59,422.65,7.0
2023-12-20,EMEA,Home & Garden,2229.77,536.69,8.0
2023-04-01,EMEA,Home & Garden,1657.89,381.84,47.0
2024-10-12,Middle East,Apparel,20261.69,3826.37,46.0
2023-11-15,LATAM,Electronics,4237.63,354.09,13.0
2022-12-28,EMEA,Electronics,9039.58,3323.61,32.0
2022-12-18,LATAM,Beauty,6387.39,2300.29,46.0
2023-11-19,EMEA,Sports,2780.23,546.22,9.0
2024-04-24,Middle East,Beauty,5136.18,931.16,14.0
2023-07-01,LATAM,Sports,3156.46,931.05,28.0
2024-11-30,APAC,Sports,8700.87,825.83,26.0
2023-09-03,LATAM,Home & Garden,7539.56,1455.81,39.0
2024-07-15,Middle East,Sports,8281.98,2999.27,21.0
2023-11-02,North America,Sports,2121.14,362.99,23.0
2023-07-12,LATAM,Home & Garden,5987.95,2195.39,16.0
2024-06-04,EMEA,Food & Beverage,4789.17,,19.0
2022-10-24,EMEA,Sports,11442.52,3225.09,27.0
2023-05-20,EMEA,Beauty,485.77,138.95,3.0
2024-06-12,LATAM,Sports,5761.08,1737.76,24.0
2023-03-25,EMEA,Beauty,3593.1,880.07,10.0
2024-10-19,North America,Apparel,3943.94,307.19,29.0
2022-04-23,LATAM,Food & Beverage,2502.72,286.97,11.0
2023-01-18,APAC,Sports,8458.71,2726.3,36.0
2024-02-09,APAC,Apparel,4904.61,,17.0
2024-05-28,LATAM,Apparel,11809.06,3698.86,27.0
2022-10-01,LATAM,Food & Beverage,3439.37,535.85,9.0
2022-10-15,APAC,Home & Garden,2222.45,694.62,19.0
2024-04-16,EMEA,Electronics,3645.44,968.36,20.0
2024-02-08,Middle East,Apparel,6844.81,1561.52,30.0
2022-05-06,North America,Electronics,1286.58,198.18,46.0
2024-09-24,Middle East,Food & Beverage,12783.92,3171.16,26.0
2022-01-25,LATAM,Sports,5528.44,1573.39,16.0
2023-09-29,North America,Electronics,9978.45,,35.0
2023-07-08,EMEA,Beauty,1176.56,369.77,43.0
2022-11-25,Middle East,Apparel,17220.83,6078.28,47.0
2024-06-27,North America,Home & Garden,2562.74,864.89,6.0
2024-06-29,Middle East,Sports,8148.46,1249.05,18.0
2023-09-20,Middle East,Apparel,14226.23,1171.79,33.0
2023-04-15,EMEA,Sports,3304.53,1099.24,29.0
2024-01-28,APAC,Beauty,1544.11,519.96,17.0
2024-07-26,Middle East,Home & Garden,12594.45,4144.98,28.0
2023-08-17,Middle East,Home & Garden,1940.32,579.86,8.0
2022-05-22,LATAM,Home & Garden,12119.06,2737.54,36.0
2023-05-15,EMEA,Food & Beverage,6787.47,946.09,17.0
2024-05-18,LATAM,Electronics,6604.08,2312.43,32.0
2022-04-26,EMEA,Home & Garden,17019.98,1429.43,38.0
2022-04-03,Middle East,Sports,1498.61,560.78,3.0
2023-09-10,LATAM,Sports,8433.6,2810.23,42.0
2024-07-10,LATAM,Home & Garden,6461.54,1908.97,34.0
2022-07-03,APAC,Food & Beverage,815.97,204.25,3.0
2023-12-01,EMEA,Food & Beverage,6733.42,2274.88,19.0
2023-04-20,APAC,Sports,2611.18,632.58,8.0
2023-06-17,LATAM,Home & Garden,4184.87,1581.13,28.0
2024-08-20,EMEA,Beauty,4536.95,593.07,25.0
2022-01-31,North America,Electronics,178.91,43.9,1.0
2023-11-27,EMEA,Home & Garden,2716.46,515.8,7.0
2024-08-01,EMEA,Beauty,11847.26,3573.37,23.0
2024-10-15,North America,Sports,6919.08,1325.22,27.0
2023-12-06,LATAM,Electronics,8915.1,2481.87,29.0
2022-05-21,LATAM,Electronics,2359.67,219.17,8.0
2022-12-25,LATAM,Beauty,5320.68,499.61,34.0
2022-12-06,APAC,Sports,346.2,21.34,27.0
2024-03-15,LATAM,Beauty,11907.14,837.92,31.0
2024-02-08,EMEA,Electronics,8214.64,2961.47,38.0
2024-07-09,APAC,Food & Beverage,19576.59,5365.87,41.0
2022-06-25,Middle East,Electronics,1159.5,301.3,4.0
2024-09-06,LATAM,Home & Garden,1136.41,237.72,15.0
2024-02-14,LATAM,Apparel,19932.93,5790.07,49.0
2023-11-05,Middle East,Food & Beverage,372.13,140.9,37.0
2023-11-12,EMEA,Electronics,2288.64,153.46,16.0
2023-03-10,North America,Apparel,989.91,177.02,49.0
2022-09-01,LATAM,Sports,7523.59,761.95,17.0
2024-12-07,North America,Food & Beverage,10104.4,748.04,31.0
2024-07-16,EMEA,Beauty,2974.39,225.75,36.0
2024-01-25,Middle East,Beauty,4744.36,468.52,17.0
2023-03-11,North America,Electronics,14191.76,5226.02,40.0
2022-02-28,EMEA,Apparel,4803.11,1434.66,9.0
2023-11-22,Middle East,Apparel,20825.05,4801.29,40.0
2022-11-16,North America,Beauty,1334.42,475.0,9.0
2024-03-14,Middle East,Beauty,3905.52,1137.32,18.0
2022-01-03,APAC,Apparel,2841.09,1027.72,28.0
2022-02-27,APAC,Beauty,3826.93,,33.0
2024-05-11,APAC,Home & Garden,2467.13,362.4,20.0
2023-11-14,APAC,Electronics,11338.22,2204.0,33.0
2022-02-14,EMEA,Home & Garden,3391.52,851.77,8.0
2024-01-29,Middle East,Home & Garden,99.32,12.18,1.0
2022-03-20,Middle East,Electronics,15442.21,3418.3,36.0
2024-09-23,North America,Electronics,6606.1,1392.34,19.0
2022-09-25,North America,Electronics,924.93,258.67,25.0
2023-07-12,APAC,Home & Garden,6964.65,1173.73,47.0
2022-06-06,EMEA,Beauty,4671.5,1292.19,12.0
2023-07-12,APAC,Apparel,9509.02,2454.14,18.0
2024-11-13,Middle East,Beauty,1447.61,101.41,42.0
2024-08-23,North America,Beauty,8340.98,1588.18,31.0
2024-05-25,APAC,Sports,1075.31,233.36,4.0
2022-11-15,APAC,Beauty,9531.5,2991.63,31.0
2024-08-26,Middle East,Electronics,13110.39,3631.98,36.0
2022-04-25,North America,Sports,7600.18,481.93,28.0
2022-12-26,EMEA,Beauty,8855.11,1624.06,30.0
2023-11-24,LATAM,Apparel,2365.84,859.81,39.0
2024-01-30,Middle East,Apparel,11224.39,1741.5,45.0
2022-05-22,Middle East,Sports,17134.2,2141.37,47.0
2024-10-22,Middle East,Apparel,89.98,9.73,4.0
2024-01-17,North America,Apparel,1235.13,394.99,7.0
2022-10-04,Middle East,Food & Beverage,7327.79,786.48,16.0
2024-10-08,Middle East,Electronics,4839.05,1563.39,24.0
2024-06-21,LATAM,Electronics,7880.98,2202.8,38.0
2022-10-10,Middle East,Sports,1032.69,337.64,8.0
2023-07-07,LATAM,Food & Beverage,708.79,175.7,5.0
2022-10-14,APAC,Apparel,3605.88,875.28,8.0
2022-04-28,North America,Sports,3140.71,304.75,8.0
2023-08-26,LATAM,Electronics,17333.32,5760.08,46.0
2024-01-19,Middle East,Apparel,5497.21,740.33,40.0
2024-10-02,EMEA,Apparel,20269.18,6745.95,49.0
2022-11-24,APAC,Apparel,3671.62,1024.52,40.0
2023-02-01,Middle East,Electronics,10804.95,3130.58,25.0
2022-04-15,LATAM,Home & Garden,725.04,239.48,15.0
2023-04-08,LATAM,Home & Garden,1059.49,54.36,20.0
2022-09-10,North America,Home & Garden,14568.53,1467.25,34.0
2024-12-05,LATAM,Home & Garden,3764.53,,12.0
2022-01-03,EMEA,Apparel,252.06,45.8,19.0
2023-03-07,Middle East,Beauty,8160.81,1649.96,46.0
2022-10-18,Middle East,Beauty,2938.4,382.92,10.0
2022-12-17,North America,Sports,682.57,92.37,28.0
2022-11-19,APAC,Electronics,1967.62,411.44,19.0
2024-02-23,Middle East,Sports,12394.67,2381.26,45.0
2022-09-22,North America,Apparel,2744.69,498.42,41.0
2023-11-11,APAC,Home & Garden,318.22,52.04,1.0
2022-05-21,North America,Apparel,3701.33,1031.43,10.0
2023-11-06,North America,Home & Garden,3209.69,445.85,29.0
2024-07-04,LATAM,Electronics,3576.4,990.22,16.0
2023-02-27,Middle East,Beauty,14022.72,4278.11,31.0
2023-07-03,EMEA,Apparel,692.66,145.14,5.0
2023-03-15,EMEA,Apparel,5462.55,,20.0
2024-08-24,APAC,Beauty,2655.59,219.33,24.0
2023-03-19,APAC,Food & Beverage,4718.58,1552.29,15.0
2023-09-26,North America,Electronics,9280.08,3509.08,31.0
2022-11-01,EMEA,Sports,2875.88,562.49,13.0
2022-04-06,EMEA,Beauty,16871.58,2458.5,41.0
2024-02-14,APAC,Beauty,1674.56,193.36,41.0
2022-05-16,North America,Sports,3054.61,372.94,10.0
2022-12-01,North America,Food & Beverage,4431.12,312.52,35.0
2022-07-24,EMEA,Electronics,1770.03,,21.0
2023-12-05,APAC,Food & Beverage,4654.13,1236.04,37.0
2023-03-30,Middle East,Home & Garden,10837.46,3086.1,47.0
2023-05-29,North America,Electronics,1590.45,382.06,14.0
2023-03-06,EMEA,Apparel,2988.32,436.68,22.0
2022-06-23,LATAM,Apparel,285.84,37.66,1.0
2023-03-13,LATAM,Beauty,5637.45,1704.03,17.0
2024-04-10,LATAM,Food & Beverage,5210.85,821.72,13.0
2023-06-29,LATAM,Home & Garden,15863.9,1610.41,36.0
2023-09-13,LATAM,Home & Garden,389.58,78.33,5.0
2022-07-08,LATAM,Beauty,3785.28,1238.08,17.0
2023-12-12,EMEA,Beauty,209.67,19.02,7.0
2023-08-16,EMEA,Apparel,504.53,31.37,17.0
2022-07-04,North America,Home & Garden,6254.24,2109.92,14.0
2023-01-02,Middle East,Food & Beverage,8185.37,1801.98,36.0
2024-04-07,LATAM,Apparel,11449.81,2570.54,38.0
2023-07-09,APAC,Home & Garden,368.03,122.95,21.0
2022-02-15,APAC,Sports,1654.37,224.97,7.0
2024-04-15,LATAM,Sports,1765.55,354.51,22.0
2024-12-26,LATAM,Sports,1950.5,199.65,8.0
2023-09-28,Middle East,Apparel,2768.33,,19.0
2023-12-04,Middle East,Sports,1698.53,394.95,10.0
2024-07-30,North America,Electronics,93.81,35.39,6.0
2022-09-19,North America,Home & Garden,4780.62,431.2,19.0
2022-01-08,APAC,Electronics,1648.74,621.02,25.0
2024-11-26,LATAM,Apparel,2160.59,382.13,32.0
2024-12-12,North America,Sports,1678.37,143.83,5.0
2023-05-06,APAC,Apparel,3841.55,1362.41,12.0
2022-04-15,LATAM,Sports,1365.33,131.17,4.0
2024-09-07,North America,Sports,506.66,187.72,10.0
2022-04-13,Middle East,Apparel,9254.78,2621.48,40.0
2023-05-17,LATAM,Beauty,5316.72,1096.49,23.0
2023-03-24,APAC,Electronics,8742.04,962.92,43.0
2024-06-07,North America,Apparel,2331.73,818.45,38.0
2022-11-01,EMEA,Sports,13998.48,4613.17,32.0
2022-12-08,North America,Beauty,5278.51,719.34,28.0
2022-03-22,Middle East,Electronics,5222.88,1537.55,31.0
2023-12-01,North America,Apparel,557.42,174.2,2.0
2022-10-30,APAC,Sports,3954.64,202.67,46.0
2023-05-14,Middle East,Food & Beverage,9366.12,2915.88,45.0
2024-08-14,Middle East,Food & Beverage,17457.91,2443.54,34.0
2024-10-31,Middle East,Electronics,8250.22,1298.91,45.0
2024-09-21,Middle East,Sports,7158.85,834.51,24.0
2022-01-19,LATAM,Electronics,3331.37,278.9,13.0
2024-08-04,EMEA,Home & Garden,7203.28,2587.88,18.0
2023-03-03,LATAM,Sports,1716.39,455.34,24.0
2023-05-24,LATAM,Sports,6466.77,1159.19,24.0
2023-05-15,LATAM,Apparel,606.69,131.53,4.0
2022-10-27,EMEA,Apparel,8626.92,2781.7,35.0
2023-06-22,LATAM,Food & Beverage,5463.96,483.0,11.0
2024-11-27,North America,Electronics,3619.87,646.18,39.0
2022-02-24,Middle East,Beauty,142.22,25.76,6.0
2022-02-13,LATAM,Electronics,1064.57,175.42,2.0
2024-06-24,Middle East,Beauty,4739.47,1370.95,16.0
2022-04-29,EMEA,Apparel,1010.06,222.76,14.0
2023-05-19,EMEA,Food & Beverage,5030.35,1310.21,10.0
2022-02-16,LATAM,Beauty,6758.87,1894.88,18.0
2024-06-22,LATAM,Sports,4218.33,1134.7,22.0
2023-09-26,North America,Home & Garden,5753.32,1314.66,35.0
2024-06-25,North America,Home & Garden,3961.6,406.1,20.0
2023-07-04,North America,Apparel,7221.91,2033.95,22.0
2024-10-20,APAC,Food & Beverage,1674.63,453.41,17.0
2023-11-21,EMEA,Sports,5739.33,657.38,39.0
2024-10-07,EMEA,Home & Garden,4915.44,762.91,21.0
2022-02-23,APAC,Electronics,1314.53,345.77,9.0
2024-12-17,Middle East,Electronics,849.26,212.05,29.0
2023-12-19,EMEA,Home & Garden,4452.62,820.51,24.0
2024-04-15,Middle East,Food & Beverage,1174.63,424.13,9.0
2022-08-06,Middle East,Home & Garden,3137.46,372.99,29.0
2022-12-24,North America,Electronics,8552.62,2951.01,34.0
2024-10-19,APAC,Apparel,572.12,193.15,5.0
2024-10-10,Middle East,Food & Beverage,339.3,48.27,
2023-12-17,Middle East,Beauty,476.32,,7.0
2024-10-31,Middle East,Sports,1027.93,286.4,13.0
2024-07-28,APAC,Apparel,7686.51,1738.37,22.0
2022-07-03,EMEA,Beauty,21235.36,7850.44,43.0
2023-11-07,Middle East,Sports,8793.53,1607.42,18.0
2023-01-03,Middle East,Food & Beverage,1260.74,445.13,8.0
2024-05-16,Middle East,Sports,11910.79,991.0,39.0
2023-12-16,Middle East,Food & Beverage,2967.79,165.91,17.0
2023-09-24,LATAM,Home & Garden,4731.78,1743.89,16.0
2024-01-22,LATAM,Sports,11087.87,3571.65,33.0
2024-01-01,EMEA,Sports,3278.65,179.0,9.0
2022-09-26,EMEA,Beauty,786.17,211.53,10.0
2024-03-18,APAC,Home & Garden,8888.92,2043.17,33.0
2024-10-07,EMEA,Electronics,651.67,35.05,49.0
2023-08-30,North America,Food & Beverage,6467.44,870.27,37.0
2023-10-19,APAC,Sports,5455.22,710.89,28.0
2023-11-03,EMEA,Electronics,1101.55,370.26,5.0
2022-06-01,LATAM,Electronics,3961.51,1420.38,18.0
2024-09-21,EMEA,Home & Garden,3905.64,369.15,25.0
2024-05-08,LATAM,Beauty,2467.72,490.57,8.0
2024-08-18,LATAM,Home & Garden,21705.94,7465.65,49.0
2022-04-09,APAC,Food & Beverage,486.62,39.98,18.0
2022-10-24,EMEA,Food & Beverage,6521.77,441.44,13.0
2022-12-24,North America,Food & Beverage,16284.73,1530.19,49.0
2022-08-23,LATAM,Electronics,3801.82,834.89,19.0
2023-03-31,Middle East,Electronics,4575.98,241.57,24.0
2023-12-17,EMEA,Home & Garden,9519.02,3558.81,36.0
2023-09-10,North America,Home & Garden,7717.53,,21.0
2024-11-02,LATAM,Food & Beverage,629.99,98.68,48.0
2024-06-19,LATAM,Food & Beverage,9459.39,3562.14,25.0
2023-04-10,Middle East,Home & Garden,71.92,6.05,1.0
2023-08-29,LATAM,Electronics,445.6,81.9,5.0
2023-10-22,Middle East,Beauty,3435.1,1134.83,29.0
2024-07-14,Middle East,Beauty,336.61,92.16,1.0
2024-07-19,Middle East,Food & Beverage,13340.36,3144.89,39.0
2023-02-15,Middle East,Sports,10894.12,836.99,37.0
2024-03-25,North America,Food & Beverage,7417.87,729.18,16.0
2024-03-26,North America,Food & Beverage,7010.88,1301.56,22.0
2022-06-05,North America,Beauty,4204.49,674.45,13.0
2023-05-31,North America,Food & Beverage,9072.29,1622.75,35.0
2024-05-22,APAC,Apparel,1188.57,280.96,18.0
2024-01-26,LATAM,Food & Beverage,1745.5,313.7,9.0
2024-09-08,Middle East,Beauty,21429.97,6129.47,39.0
2024-11-06,North America,Apparel,5787.09,579.69,30.0
2024-11-09,Middle East,Apparel,20722.66,5694.25,48.0
2022-10-31,North America,Food & Beverage,1107.92,198.43,14.0
2022-01-11,Middle East,Home & Garden,3681.22,453.17,46.0
2023-08-27,North America,Apparel,25122.65,8337.83,49.0
2022-08-19,APAC,Sports,896.88,217.15,11.0
2023-12-12,LATAM,Sports,4161.84,577.26,27.0
2024-04-18,Middle East,Food & Beverage,3822.09,517.37,30.0
2024-12-21,North America,Electronics,3919.57,1016.57,9.0
2022-09-29,EMEA,Electronics,2482.08,853.89,40.0
2022-04-13,Middle East,Sports,5854.91,830.07,13.0
2023-07-16,LATAM,Electronics,3379.23,836.68,13.0
2022-08-25,LATAM,Home & Garden,11896.21,2092.61,25.0
2024-05-13,EMEA,Sports,8751.85,2277.75,22.0
2022-10-20,EMEA,Food & Beverage,6083.36,1964.39,21.0
2024-10-26,Middle East,Home & Garden,11011.27,3984.57,29.0
2022-05-18,North America,Food & Beverage,2506.62,784.41,5.0
2024-02-05,EMEA,Sports,13006.53,2026.01,33.0
2022-01-01,EMEA,Apparel,23447.05,2492.64,49.0
2022-08-08,EMEA,Beauty,163.69,33.85,2.0
2024-12-16,APAC,Electronics,5557.99,740.74,30.0
2022-09-13,LATAM,Electronics,2530.19,492.76,26.0
2022-12-14,APAC,Apparel,5288.38,1683.26,16.0
2023-04-03,APAC,Beauty,3542.57,1280.38,9.0
2022-05-11,Middle East,Food & Beverage,19876.87,5852.2,45.0
2024-11-09,EMEA,Food & Beverage,660.14,246.95,4.0
2022-09-19,LATAM,Home & Garden,3115.21,678.93,35.0
2023-03-02,North America,Food & Beverage,8992.87,2244.66,38.0
2022-11-13,Middle East,Apparel,567.91,51.2,4.0
2023-12-20,Middle East,Beauty,2628.1,271.21,9.0
2023-04-03,LATAM,Electronics,2390.29,131.41,10.0
2024-10-13,APAC,Food & Beverage,9346.23,776.98,38.0
2023-07-06,EMEA,Home & Garden,7082.08,1133.85,42.0
2022-05-20,Middle East,Food & Beverage,617.14,174.13,23.0
2023-05-08,LATAM,Sports,1730.18,243.69,10.0
2024-09-16,LATAM,Food & Beverage,308.05,17.86,3.0
2022-11-18,LATAM,Sports,1021.93,142.63,5.0
2024-01-19,APAC,Home & Garden,4657.07,1451.68,22.0
2024-12-29,EMEA,Food & Beverage,6175.98,2177.08,15.0
2023-11-14,APAC,Electronics,4098.83,1238.74,10.0
2023-05-31,LATAM,Beauty,19335.22,6940.58,46.0
2022-09-23,North America,Home & Garden,4685.51,759.55,17.0
2022-04-23,Middle East,Food & Beverage,1075.49,125.72,2.0
2023-07-11,North America,Home & Garden,3012.33,1094.24,24.0
2022-07-25,LATAM,Sports,5742.66,1890.49,37.0
2024-10-22,LATAM,Food & Beverage,2486.15,915.8,43.0
2024-11-20,Middle East,Apparel,784.32,157.42,42.0
2022-04-25,LATAM,Apparel,10245.07,742.75,24.0
2022-08-17,North America,Beauty,922.36,142.39,11.0
2022-06-03,EMEA,Electronics,835.54,203.62,2.0
2023-03-16,EMEA,Apparel,5331.19,1575.52,15.0
2023-09-27,North America,Food & Beverage,5944.07,1229.75,27.0
2022-03-06,EMEA,Food & Beverage,3185.5,518.74,46.0
2022-11-13,North America,Beauty,745.78,112.63,10.0
2022-12-01,Middle East,Beauty,7351.36,,38.0
2022-01-27,Middle East,Apparel,1359.27,223.66,5.0
2023-03-21,APAC,Home & Garden,3763.55,766.74,15.0
2023-10-09,LATAM,Home & Garden,24011.03,6279.8,48.0
2022-08-31,APAC,Food & Beverage,2017.66,182.63,33.0
2022-02-08,Middle East,Home & Garden,16663.52,4796.18,40.0
2024-07-05,APAC,Beauty,424.04,156.6,27.0
2024-08-10,LATAM,Home & Garden,7610.23,2298.68,43.0
2023-04-17,Middle East,Electronics,12471.46,4398.06,45.0
2022-03-18,APAC,Sports,8305.51,1946.55,32.0
2023-10-22,APAC,Food & Beverage,6470.49,1694.67,17.0
2022-11-04,Middle East,Sports,14749.26,3764.74,37.0
2024-07-19,North America,Sports,70.3,23.58,5.0
2023-03-18,APAC,Apparel,13613.94,3734.77,34.0
2024-04-11,Middle East,Beauty,130.54,9.45,1.0
2024-12-21,LATAM,Food & Beverage,8200.54,641.63,32.0
2022-02-25,Middle East,Sports,3177.82,387.01,42.0
2022-05-24,Middle East,Home & Garden,39.83,8.67,1.0
2024-02-29,APAC,Apparel,19245.81,1246.2,43.0
2024-04-19,LATAM,Home & Garden,13248.02,1722.34,45.0
2022-04-22,EMEA,Apparel,4590.29,1601.09,40.0
2022-10-27,LATAM,Electronics,14866.23,2882.06,42.0
2023-10-14,Middle East,Electronics,413.46,24.94,8.0
2022-08-13,EMEA,Electronics,6528.93,741.22,19.0
2024-05-27,Middle East,Apparel,854.35,93.57,13.0
2024-05-12,APAC,Apparel,3068.73,417.9,19.0
2023-11-28,Middle East,Electronics,4297.55,1224.5,34.0
2024-12-30,APAC,Electronics,9317.39,2470.45,22.0
2024-03-20,LATAM,Sports,8920.97,1673.9,41.0
2024-05-26,APAC,Home & Garden,6043.45,1787.16,24.0
2023-08-23,APAC,Home & Garden,3960.43,1382.81,40.0
2022-08-06,EMEA,Beauty,1240.74,245.87,4.0
2024-01-21,EMEA,Sports,1968.29,150.14,19.0
2022-03-04,North America,Home & Garden,5036.86,768.34,14.0
2023-11-20,North America,Beauty,1211.29,329.7,26.0
2022-06-25,EMEA,Home & Garden,843.35,317.19,7.0
2024-07-04,EMEA,Sports,18749.03,2362.88,38.0
2023-02-27,LATAM,Sports,1769.56,241.27,12.0
2023-03-08,APAC,Food & Beverage,4591.81,1127.55,20.0
2024-01-03,North America,Sports,11595.58,1592.94,32.0
2022-03-19,EMEA,Apparel,60.97,3.22,3.0
2024-03-11,Middle East,Food & Beverage,1641.49,363.56,5.0
2023-01-11,LATAM,Beauty,2775.96,418.86,47.0
2024-03-07,North America,Food & Beverage,9777.67,3433.57,24.0
2023-05-16,Middle East,Apparel,,494.33,49.0
2023-05-11,North America,Food & Beverage,2169.39,186.06,8.0
2022-01-30,North America,Food & Beverage,8661.89,1729.24,29.0
2024-03-03,APAC,Apparel,8714.0,713.89,41.0
2022-01-04,LATAM,Electronics,2586.19,762.26,21.0
2024-11-13,EMEA,Apparel,4263.73,1492.95,13.0
2022-11-01,North America,Food & Beverage,7583.5,2429.94,19.0
2023-10-10,EMEA,Home & Garden,6738.39,917.69,23.0
2024-05-13,LATAM,Apparel,4056.38,1181.17,47.0
2024-06-19,North America,Sports,5406.2,884.54,22.0
2022-01-11,Middle East,Sports,115.22,7.09,2.0
2022-07-11,Middle East,Beauty,2510.31,303.77,19.0
2023-05-05,EMEA,Apparel,7971.22,2909.91,22.0
2024-09-16,Middle East,Home & Garden,6507.92,2332.74,35.0
2022-01-25,LATAM,Electronics,466.97,63.81,2.0
2022-06-28,EMEA,Sports,5262.09,1840.45,30.0
2024-12-06,APAC,Home & Garden,1623.47,365.6,5.0
2024-10-03,LATAM,Sports,8590.84,1735.57,27.0
2022-01-13,Middle East,Electronics,6149.87,491.06,34.0
2022-02-24,North America,Sports,4798.08,407.66,13.0
2023-08-11,APAC,Sports,5225.9,682.49,19.0
2023-10-28,APAC,Home & Garden,14993.5,2484.15,45.0
2023-03-30,North America,Food & Beverage,711.34,121.46,36.0
2023-12-06,APAC,Food & Beverage,13494.09,1820.55,43.0
2022-09-27,LATAM,Home & Garden,9641.7,2499.91,41.0
2022-04-07,APAC,Apparel,1778.46,229.25,30.0
2024-11-27,North America,Food & Beverage,616.98,224.69,
2023-01-11,Middle East,Beauty,823.69,179.5,4.0
2023-02-09,LATAM,Food & Beverage,12289.22,3883.77,27.0
2023-11-02,APAC,Food & Beverage,10964.06,3295.09,22.0
2024-08-03,APAC,Home & Garden,3181.25,1164.61,9.0
2023-10-24,Middle East,Apparel,354.83,66.42,4.0
2023-02-16,APAC,Electronics,5579.78,849.85,21.0
2023-08-24,APAC,Beauty,162.5,39.41,3.0
2024-06-04,Middle East,Beauty,15858.31,1853.18,36.0
2023-10-20,North America,Food & Beverage,694.32,123.67,35.0
2024-11-04,EMEA,Home & Garden,7998.13,1388.1,31.0
2024-05-14,APAC,Sports,19776.55,2943.52,44.0
2023-10-18,North America,Beauty,9098.64,2159.61,21.0
2024-09-24,North America,Electronics,4861.96,349.42,31.0
2022-01-29,EMEA,Home & Garden,5881.5,339.14,20.0
2024-01-13,Middle East,Home & Garden,4769.94,607.18,15.0
2022-01-05,Middle East,Apparel,5089.66,,23.0
2024-06-24,APAC,Apparel,1627.87,187.72,18.0
2024-08-05,APAC,Beauty,3039.55,686.75,15.0
2024-01-15,Middle East,Food & Beverage,2197.37,393.52,7.0
2023-04-14,Middle East,Home & Garden,21636.09,4487.33,48.0
2023-07-16,EMEA,Food & Beverage,4357.96,249.52,28.0
2022-05-21,EMEA,Beauty,4790.8,910.65,9.0
2022-02-01,EMEA,Sports,1068.64,114.39,4.0
2024-01-03,EMEA,Sports,914.54,191.3,19.0
2024-05-12,LATAM,Electronics,13114.74,4381.76,29.0
2022-05-26,North America,Home & Garden,2415.42,706.79,30.0
2022-08-24,Middle East,Sports,922.69,111.0,4.0
2024-07-11,LATAM,Food & Beverage,13770.16,5200.22,29.0
2022-07-20,APAC,Beauty,155.36,50.72,5.0
2023-06-09,APAC,Food & Beverage,4958.85,1637.39,33.0
2024-09-17,APAC,Home & Garden,11598.34,3914.37,33.0
2022-04-24,LATAM,Beauty,4242.08,1561.1,23.0
2022-12-28,North America,Apparel,9416.69,969.41,31.0
2023-04-23,APAC,Sports,1249.21,206.5,6.0
2024-08-01,LATAM,Apparel,10180.98,3503.05,34.0
2024-02-16,North America,Apparel,24.15,7.06,1.0
2023-06-03,Middle East,Sports,5376.26,798.13,22.0
2022-01-23,APAC,Home & Garden,688.58,177.25,30.0
2024-07-21,EMEA,Electronics,6549.9,2165.68,32.0
2024-03-16,LATAM,Electronics,1274.8,314.95,26.0
2022-12-15,LATAM,Electronics,5033.46,622.3,10.0
2024-08-08,LATAM,Food & Beverage,15643.39,5144.08,38.0
2024-02-18,LATAM,Sports,7518.51,2029.65,19.0
2022-03-04,Middle East,Beauty,2283.91,474.17,9.0
2022-01-25,EMEA,Electronics,3958.52,1047.29,25.0
2023-11-11,EMEA,Home & Garden,993.69,150.83,4.0
2022-02-15,Middle East,Home & Garden,401.7,94.32,12.0
2022-06-21,EMEA,Electronics,8694.65,2714.57,24.0
2022-10-10,North America,Electronics,936.27,110.33,5.0
2022-09-21,North America,Apparel,18934.37,6340.23,37.0
2024-07-10,APAC,Food & Beverage,5979.21,454.97,19.0
2022-11-08,APAC,Beauty,10248.63,2458.33,41.0
2023-04-19,EMEA,Home & Garden,2794.23,977.05,9.0
2022-09-30,LATAM,Home & Garden,4654.95,1015.59,31.0
2022-04-26,LATAM,Home & Garden,3354.47,1060.01,43.0
2024-08-16,APAC,Food & Beverage,18246.33,4896.28,35.0
2024-04-22,EMEA,Beauty,2139.52,339.18,34.0
2024-06-11,LATAM,Apparel,419.44,142.76,1.0
2022-11-20,LATAM,Beauty,8828.67,2451.46,44.0
2022-07-06,APAC,Electronics,19403.5,,48.0
2023-06-04,Middle East,Sports,16133.44,3500.52,45.0
2023-05-14,EMEA,Sports,3049.37,523.21,26.0
2022-02-02,EMEA,Food & Beverage,4454.13,702.41,16.0
2022-03-10,Middle East,Electronics,1673.65,325.23,33.0
2022-11-09,LATAM,Food & Beverage,7695.4,1423.53,19.0
2022-01-06,APAC,Home & Garden,1392.42,96.21,25.0
2022-08-15,Middle East,Food & Beverage,8021.19,2901.36,41.0
2023-12-09,LATAM,Home & Garden,5365.26,2015.99,37.0
2024-02-08,North America,Home & Garden,12843.8,736.88,47.0
2022-11-14,Middle East,Home & Garden,145.07,45.87,10.0
2024-03-11,LATAM,Apparel,6132.56,1122.56,45.0
2023-12-24,North America,Food & Beverage,4639.33,1155.6,11.0
2022-08-17,EMEA,Electronics,1522.16,324.57,8.0
2023-03-30,EMEA,Sports,513.94,124.1,22.0
2022-11-09,APAC,Food & Beverage,20515.1,,44.0
2022-07-23,Middle East,Home & Garden,14335.67,2959.83,45.0
2023-04-03,LATAM,Sports,504.75,142.5,35.0
2024-12-14,Middle East,Food & Beverage,3155.39,669.06,22.0
2022-07-31,LATAM,Apparel,26.0,5.38,1.0
2024-11-30,North America,Home & Garden,2676.57,863.06,43.0
2023-07-12,Middle East,Electronics,3433.69,890.88,37.0
2022-03-24,EMEA,Home & Garden,12538.06,4423.1,33.0
2022-11-16,North America,Apparel,4094.51,468.18,20.0
2022-09-08,EMEA,Home & Garden,537.81,147.88,6.0
2023-09-27,EMEA,Food & Beverage,492.39,42.65,1.0
2023-12-31,Middle East,Food & Beverage,11445.64,3865.77,25.0
2023-07-22,APAC,Beauty,1467.98,374.27,16.0
2023-02-01,Middle East,Apparel,23.13,7.22,1.0
2023-09-02,EMEA,Food & Beverage,413.43,107.58,40.0
2023-05-28,Middle East,Home & Garden,13172.98,3372.22,38.0
2024-04-08,Middle East,Food & Beverage,11270.47,4026.73,41.0
2022-12-29,EMEA,Apparel,5817.34,521.73,44.0
2022-09-18,LATAM,Electronics,3620.61,1231.88,19.0
2024-08-21,EMEA,Beauty,1405.83,316.53,4.0
2024-05-22,LATAM,Home & Garden,12343.07,850.45,40.0
2023-07-03,North America,Apparel,3742.21,483.4,11.0
2022-05-03,North America,Food & Beverage,19662.58,4706.23,48.0
2024-02-21,North America,Home & Garden,12115.78,3578.55,28.0
2022-02-23,APAC,Home & Garden,7186.16,1528.77,16.0
2023-12-05,LATAM,Sports,5913.62,447.73,16.0
2022-11-20,North America,Electronics,5679.39,310.75,26.0
2023-01-06,APAC,Food & Beverage,1043.34,115.82,16.0
2024-09-16,LATAM,Beauty,1733.51,606.03,31.0
2024-11-24,LATAM,Food & Beverage,17604.88,2832.49,39.0
2023-01-19,North America,Beauty,6273.95,2318.42,33.0
2022-04-25,North America,Food & Beverage,12209.18,2658.72,48.0
2024-12-22,North America,Home & Garden,16825.88,2961.4,43.0
2022-03-07,North America,Electronics,7956.13,,35.0
2023-08-21,LATAM,Sports,17.4,4.31,1.0
2022-10-14,North America,Food & Beverage,2063.24,341.65,12.0
2023-03-30,Middle East,Sports,3193.97,221.61,39.0
2022-05-29,LATAM,Food & Beverage,1873.51,572.11,13.0
2022-03-25,APAC,Electronics,2501.15,436.52,
2023-07-06,LATAM,Apparel,1729.56,500.97,8.0
2023-04-15,North America,Beauty,3847.95,1341.83,15.0
2022-03-27,APAC,Beauty,16594.23,1375.96,36.0
2023-12-31,Middle East,Home & Garden,4671.14,639.06,22.0
2024-10-01,North America,Beauty,10076.62,2754.31,48.0
2023-02-24,North America,Apparel,5649.55,446.17,42.0
2024-03-22,North America,Electronics,1945.02,530.63,15.0
2022-08-13,LATAM,Sports,18681.9,6504.37,45.0
2023-05-25,APAC,Home & Garden,12730.74,2131.42,40.0
2023-06-06,LATAM,Sports,2241.91,640.54,35.0
2023-08-06,LATAM,Home & Garden,5933.06,1491.5,37.0
2022-07-01,LATAM,Home & Garden,12186.64,1695.07,30.0
2024-06-13,Middle East,Home & Garden,5398.07,547.57,18.0
2022-03-22,North America,Apparel,18108.75,6632.57,43.0
2022-12-13,Middle East,Apparel,1560.25,81.44,31.0
2022-06-22,North America,Electronics,11151.01,1560.97,33.0
2023-07-31,LATAM,Sports,1241.05,393.91,5.0
2023-10-23,North America,Apparel,2236.84,238.05,18.0
2022-03-12,LATAM,Food & Beverage,7523.38,1598.95,16.0
2022-04-03,LATAM,Electronics,5757.63,1736.87,12.0
2022-08-25,LATAM,Beauty,14515.17,2122.8,39.0
2022-06-22,LATAM,Apparel,4763.01,1573.34,16.0
2023-05-15,Middle East,Electronics,507.41,190.65,11.0
2022-11-21,Middle East,Sports,3604.74,248.75,9.0
2022-11-25,APAC,Food & Beverage,4239.68,1578.26,22.0
2024-10-04,APAC,Electronics,5147.15,852.22,10.0
2022-05-22,Middle East,Electronics,2392.52,290.18,6.0
2024-11-14,Middle East,Sports,2235.61,209.4,17.0
2022-03-16,APAC,Beauty,823.72,115.27,5.0
2023-02-06,North America,Beauty,12783.6,820.56,42.0
2024-04-16,EMEA,Food & Beverage,7723.27,1020.47,26.0
2022-05-11,North America,Food & Beverage,6920.47,2191.48,18.0
2022-04-13,LATAM,Home & Garden,7345.19,744.47,19.0
2022-04-15,Middle East,Electronics,1731.88,283.26,6.0
2024-07-05,APAC,Beauty,9717.66,2332.43,25.0
2022-07-01,LATAM,Food & Beverage,9998.29,696.86,24.0
2022-01-28,North America,Apparel,2809.55,148.95,34.0
2023-11-17,EMEA,Food & Beverage,564.83,29.55,5.0
2022-09-11,Middle East,Beauty,4192.39,290.27,48.0
2022-09-21,Middle East,Sports,982.36,58.29,12.0
2024-11-03,LATAM,Apparel,6252.84,,31.0
2023-02-14,North America,Home & Garden,2380.73,745.42,39.0
2024-09-04,LATAM,Beauty,829.54,249.21,5.0
2024-03-28,Middle East,Electronics,7173.84,1394.42,16.0
2024-01-23,Middle East,Electronics,9989.88,1844.16,41.0
2024-06-26,North America,Sports,8109.87,1522.09,31.0
2024-11-28,LATAM,Electronics,22281.76,2730.07,49.0
2023-09-08,North America,Sports,6496.06,1802.44,20.0
2024-09-19,Middle East,Electronics,2241.27,604.23,36.0
2022-10-21,LATAM,Electronics,1229.8,368.79,3.0
2022-08-14,LATAM,Home & Garden,4560.57,495.15,34.0
2022-03-07,Middle East,Beauty,3850.67,799.32,11.0
2024-01-14,APAC,Beauty,5255.08,827.46,
2024-12-01,Middle East,Home & Garden,4304.64,220.37,10.0
2023-02-20,LATAM,Sports,3388.07,642.06,25.0
2023-01-31,LATAM,Food & Beverage,1219.2,297.09,6.0
2022-05-14,LATAM,Food & Beverage,9914.73,639.38,35.0
2024-01-15,LATAM,Home & Garden,12315.83,3128.03,25.0
2022-01-08,LATAM,Apparel,10625.49,982.08,26.0
2022-02-17,APAC,Sports,5276.92,1319.04,49.0
2024-12-15,Middle East,Apparel,5486.85,1635.49,25.0
2023-01-24,LATAM,Food & Beverage,16413.04,3013.83,32.0
2022-04-09,Middle East,Home & Garden,3539.38,302.54,22.0
2024-10-03,LATAM,Food & Beverage,5880.08,493.9,27.0
2023-07-31,EMEA,Home & Garden,10674.52,2341.86,34.0
2024-09-24,Middle East,Food & Beverage,10723.84,1559.3,38.0
2022-03-24,LATAM,Food & Beverage,4414.04,1035.44,18.0
2022-11-23,Middle East,Apparel,421.54,98.94,2.0
2023-10-02,LATAM,Food & Beverage,9077.69,1611.53,36.0
2023-08-27,Middle East,Apparel,919.9,89.1,3.0
2024-02-06,Middle East,Food & Beverage,4206.99,1100.11,10.0
2024-12-23,Middle East,Electronics,9610.49,1031.56,46.0
2023-12-23,APAC,Apparel,11846.35,4041.11,23.0
2022-05-21,Middle East,Sports,5076.55,1613.09,19.0
2023-05-23,APAC,Sports,1709.2,581.96,38.0
2022-08-10,North America,Home & Garden,932.43,74.63,11.0
2023-02-04,Middle East,Food & Beverage,3733.81,301.67,16.0
2022-12-26,Middle East,Beauty,18115.32,4245.38,42.0
2022-01-09,North America,Home & Garden,7754.25,664.41,19.0
2024-09-16,LATAM,Sports,18780.09,1494.25,43.0
2022-03-22,Middle East,Home & Garden,1035.63,168.93,7.0
2023-06-05,Middle East,Apparel,7178.25,2540.07,28.0
2024-07-27,LATAM,Food & Beverage,2084.26,105.11,7.0
2022-04-11,APAC,Sports,10692.03,1060.38,31.0
2022-04-19,LATAM,Beauty,1316.21,331.56,6.0
2023-05-13,North America,Electronics,6714.3,2410.77,17.0
2024-05-18,North America,Home & Garden,2091.96,348.4,14.0
2023-07-09,EMEA,Home & Garden,1014.96,226.25,8.0
2024-12-04,North America,Food & Beverage,2013.92,545.01,5.0
2022-10-18,LATAM,Electronics,12324.61,4455.68,39.0
2023-08-11,Middle East,Home & Garden,8654.49,1052.79,32.0
2022-08-16,Middle East,Sports,2025.8,365.39,29.0
2023-05-23,LATAM,Beauty,3220.11,783.81,42.0
2024-04-25,Middle East,Electronics,3084.89,694.61,42.0
2022-11-12,EMEA,Electronics,4474.44,1625.7,36.0
2024-08-26,LATAM,Beauty,10327.08,2416.31,25.0
2022-09-04,North America,Food & Beverage,1837.64,303.66,8.0
2022-05-22,APAC,Beauty,18110.84,5133.62,34.0
2022-09-22,EMEA,Electronics,4436.7,894.28,19.0
2024-06-10,EMEA,Beauty,4089.75,1433.19,9.0
2024-08-04,Middle East,Beauty,922.72,207.25,7.0
2024-11-12,LATAM,Electronics,7530.84,2704.0,43.0
2022-11-10,EMEA,Apparel,2554.62,,25.0
2022-04-22,EMEA,Electronics,1218.13,456.03,12.0
2024-03-18,Middle East,Electronics,3931.29,1090.21,13.0
2022-11-19,North America,Home & Garden,3186.31,1136.58,8.0
2023-05-07,North America,Beauty,9796.7,1250.56,43.0
2023-09-22,APAC,Sports,1553.39,98.91,7.0
2024-02-17,APAC,Apparel,2891.51,458.83,36.0
2023-03-14,North America,Apparel,1023.53,59.18,16.0
2024-08-28,LATAM,Food & Beverage,4371.93,1356.63,41.0
2023-04-04,LATAM,Home & Garden,680.57,128.94,2.0
2022-04-06,LATAM,Food & Beverage,7480.28,2681.37,39.0
2022-03-22,APAC,Apparel,10908.72,3902.81,36.0
2024-08-21,Middle East,Beauty,3504.95,852.34,28.0
2022-03-02,EMEA,Sports,5124.43,892.1,18.0
2022-09-06,Middle East,Electronics,758.87,96.88,11.0
2024-04-01,EMEA,Beauty,5793.82,1253.45,38.0
2022-01-06,EMEA,Food & Beverage,1413.12,416.59,13.0
2023-03-18,APAC,Home & Garden,8140.27,2261.32,28.0
2022-09-27,LATAM,Sports,10395.43,2997.99,33.0
2022-06-03,LATAM,Electronics,1672.14,449.29,22.0
2023-07-09,Middle East,Beauty,20169.07,7210.31,49.0
2022-10-29,North America,Food & Beverage,782.05,191.61,21.0
2023-10-27,North America,Home & Garden,9771.33,2327.66,22.0
2024-04-25,LATAM,Beauty,16872.21,4504.3,46.0
2022-06-20,APAC,Beauty,1416.52,195.55,27.0
2023-03-27,EMEA,Home & Garden,13894.62,2122.32,29.0
2023-07-05,Middle East,Food & Beverage,7002.61,438.15,15.0
2023-04-04,EMEA,Beauty,12918.51,1589.8,24.0
2023-05-12,Middle East,Home & Garden,154.79,47.46,3.0
2023-01-05,APAC,Electronics,2500.99,850.24,9.0
2024-11-26,LATAM,Electronics,14987.26,3303.02,40.0
2023-01-23,LATAM,Food & Beverage,653.23,39.63,2.0
2024-08-24,Middle East,Home & Garden,168.15,23.5,8.0
2023-06-30,LATAM,Food & Beverage,16096.94,998.95,35.0
2024-06-13,APAC,Sports,7943.19,1066.91,19.0
2022-06-29,APAC,Apparel,2367.16,175.42,29.0
2024-10-10,EMEA,Apparel,7203.54,2207.93,16.0
2023-04-26,APAC,Electronics,2316.1,440.19,12.0
2022-10-18,EMEA,Apparel,26.71,,2.0
2022-01-31,North America,Electronics,21129.83,4266.53,44.0
2022-11-16,Middle East,Home & Garden,10594.9,2055.13,37.0
2023-11-19,APAC,Home & Garden,13441.05,4327.72,47.0
2023-01-21,EMEA,Sports,10939.83,2289.79,34.0
2022-05-27,North America,Home & Garden,2013.9,292.77,12.0
2023-08-24,APAC,Electronics,2478.56,,9.0
2022-10-29,LATAM,Electronics,4260.59,217.98,45.0
2023-05-28,LATAM,Home & Garden,18383.9,3543.26,49.0
2024-09-01,APAC,Beauty,11130.22,1122.09,24.0
2024-01-23,APAC,Apparel,13027.7,4159.96,33.0
2022-02-17,Middle East,Beauty,4683.99,497.21,17.0
2022-07-30,EMEA,Apparel,5829.36,2045.53,29.0
2023-11-24,EMEA,Apparel,25032.92,7421.72,48.0
2023-12-16,APAC,Beauty,21099.11,7681.29,49.0
2024-03-13,Middle East,Sports,17594.62,3968.47,41.0
2023-09-23,LATAM,Electronics,12208.69,1139.6,36.0
2023-08-02,North America,Food & Beverage,1088.15,,
2024-03-30,APAC,Electronics,8096.57,2260.43,21.0
2023-07-31,APAC,Home & Garden,1617.52,508.61,26.0
2023-02-06,Middle East,Apparel,15350.03,2238.18,39.0
2024-04-01,APAC,Food & Beverage,8158.44,2788.24,16.0
2023-03-09,LATAM,Sports,3668.54,1157.81,10.0
2023-10-24,North America,Beauty,19208.24,1068.92,49.0
2024-11-17,LATAM,Electronics,22177.37,7814.03,49.0
2022-03-09,Middle East,Home & Garden,2206.6,,19.0
2022-05-06,Middle East,Sports,4156.51,1308.76,39.0
2022-01-19,Middle East,Home & Garden,3872.19,610.54,33.0
2023-11-28,LATAM,Food & Beverage,4479.43,1180.43,13.0
2023-08-30,LATAM,Home & Garden,2201.68,168.2,35.0
2024-08-07,EMEA,Apparel,5596.72,1798.12,27.0
2024-05-08,EMEA,Sports,1617.16,172.25,29.0
2022-06-07,APAC,Beauty,866.69,164.09,5.0
2022-05-03,LATAM,Beauty,1106.1,106.28,21.0
2024-05-23,Middle East,Food & Beverage,381.57,42.89,3.0
2024-03-08,LATAM,Apparel,16529.35,6125.52,48.0
2022-12-27,Middle East,Sports,15123.1,,40.0
2024-12-06,APAC,Home & Garden,1476.22,305.73,14.0
2023-03-10,APAC,Sports,2569.55,369.8,11.0
2024-12-22,EMEA,Sports,420.69,130.99,1.0
2022-05-14,LATAM,Home & Garden,19482.17,6110.24,44.0
2022-06-21,EMEA,Electronics,1259.11,406.59,5.0
2024-01-16,LATAM,Food & Beverage,1709.55,393.75,10.0
2022-10-30,North America,Apparel,1527.66,437.86,48.0
2022-03-03,North America,Beauty,11616.13,1173.51,27.0
2024-03-13,EMEA,Electronics,14246.13,1490.46,34.0
2024-12-19,Middle East,Food & Beverage,8467.78,796.22,19.0
2024-02-28,North America,Apparel,2013.67,119.43,5.0
2022-01-03,LATAM,Food & Beverage,678.08,255.84,15.0
2023-01-05,Middle East,Apparel,10825.0,2028.99,39.0
2023-04-26,North America,Home & Garden,9826.65,3644.31,47.0
2023-05-12,APAC,Home & Garden,585.08,163.51,31.0
2023-08-02,APAC,Home & Garden,6181.35,1133.17,42.0
2024-03-07,LATAM,Home & Garden,18002.57,1812.61,47.0
2024-04-04,North America,Apparel,19070.02,3841.86,49.0
2024-12-04,Middle East,Sports,4537.17,1358.07,39.0
2024-05-07,Middle East,Home & Garden,1290.6,275.52,18.0
2023-04-20,APAC,Beauty,2057.77,305.81,4.0
2023-03-03,APAC,Sports,3246.92,1066.58,15.0
2023-10-04,APAC,Food & Beverage,10516.68,3521.82,21.0
2023-04-12,North America,Beauty,4832.96,1465.87,12.0
2024-10-04,North America,Food & Beverage,639.56,201.12,30.0
2022-05-02,Middle East,Sports,,3717.74,43.0
2023-07-04,APAC,Home & Garden,8824.39,934.6,26.0
2023-09-05,North America,Electronics,3531.64,191.66,37.0
2024-02-15,EMEA,Sports,7658.27,823.47,20.0
2022-11-30,LATAM,Sports,11797.32,3773.37,29.0
2023-04-17,APAC,Sports,1177.29,318.39,16.0
2024-09-09,APAC,Electronics,1109.96,163.59,3.0
2023-03-28,EMEA,Sports,4477.31,1334.85,21.0
2022-08-07,North America,Sports,11742.72,3024.58,25.0
2022-06-04,EMEA,Apparel,1263.5,362.34,3.0
2024-02-18,EMEA,Food & Beverage,7779.07,1875.27,32.0
2023-08-23,Middle East,Apparel,112.42,31.29,
2022-12-28,North America,Beauty,2537.69,916.04,6.0
2023-12-22,LATAM,Apparel,2059.34,721.75,34.0
2023-12-06,Middle East,Sports,2897.02,253.02,11.0
2023-04-09,North America,Food & Beverage,7912.56,2493.92,22.0
2024-12-31,Middle East,Electronics,2854.64,523.96,44.0
2023-12-28,Middle East,Food & Beverage,16929.35,4772.91,46.0
2024-03-04,Middle East,Beauty,2454.24,358.14,7.0
2023-04-21,EMEA,Electronics,16134.15,1764.17,31.0
2022-12-08,APAC,Electronics,111.09,27.88,1.0
2023-07-30,LATAM,Electronics,6653.35,1619.9,43.0
2024-09-30,LATAM,Sports,1266.98,324.76,40.0
2023-03-08,Middle East,Beauty,3610.32,586.45,38.0
2023-01-01,North America,Electronics,5783.57,709.85,15.0
2023-09-03,EMEA,Sports,581.0,118.48,2.0
2023-08-14,EMEA,Beauty,7373.84,2618.23,26.0
2024-07-11,APAC,Home & Garden,8355.82,710.04,20.0
2024-09-05,EMEA,Sports,8771.3,2002.04,31.0
2024-11-27,North America,Electronics,3900.89,693.02,26.0
2024-06-21,Middle East,Home & Garden,490.45,136.78,1.0
2022-10-05,LATAM,Sports,3693.09,324.33,16.0
2023-02-09,APAC,Apparel,3963.77,1154.63,18.0
2024-06-03,North America,Home & Garden,7193.93,1048.09,18.0
2022-11-06,Middle East,Food & Beverage,1352.86,386.62,10.0
2024-12-14,EMEA,Electronics,729.97,47.42,39.0
2022-04-27,Middle East,Beauty,12171.07,4603.87,26.0
2023-06-01,EMEA,Food & Beverage,4176.99,692.16,34.0
2024-07-25,North America,Sports,517.34,110.17,18.0
2024-07-04,Middle East,Electronics,1663.18,429.68,6.0
2024-01-08,North America,Sports,5772.22,1307.58,23.0
2023-10-28,LATAM,Home & Garden,9146.2,1093.69,23.0
2024-09-08,EMEA,Apparel,150.01,45.22,4.0
2022-09-09,APAC,Home & Garden,1976.95,735.06,23.0
2022-06-09,LATAM,Home & Garden,3188.7,472.42,48.0
2024-11-17,APAC,Food & Beverage,8100.18,2074.46,19.0
2024-10-25,North America,Sports,7604.85,1834.99,39.0
2022-01-21,North America,Home & Garden,12529.81,1759.01,24.0
2022-11-25,LATAM,Beauty,3141.59,933.75,28.0
2023-01-15,APAC,Electronics,2909.33,621.64,47.0
2023-11-03,EMEA,Food & Beverage,7103.65,,35.0
2023-12-04,North America,Sports,3289.09,1143.79,21.0
2022-07-19,North America,Food & Beverage,442.09,137.51,4.0
2024-04-27,LATAM,Home & Garden,11173.98,580.35,39.0
2023-12-09,North America,Home & Garden,8912.95,1955.98,25.0
2023-01-23,EMEA,Home & Garden,1369.84,121.59,3.0
2024-01-16,Middle East,Food & Beverage,2801.81,596.41,22.0
2023-12-30,LATAM,Beauty,1951.23,262.55,6.0
2022-10-02,APAC,Electronics,5156.7,337.77,14.0
2024-11-28,Middle East,Beauty,3885.76,1181.79,26.0
2024-11-26,Middle East,Home & Garden,259.78,77.78,1.0
2022-06-24,Middle East,Beauty,17141.21,5122.61,48.0
2022-01-20,North America,Sports,2691.17,296.51,19.0
2023-04-12,EMEA,Electronics,8041.04,2880.26,20.0
2023-06-09,EMEA,Apparel,4213.11,1485.56,37.0
2022-10-01,EMEA,Sports,11812.69,2044.35,27.0
2024-04-10,North America,Beauty,7903.97,904.75,
2023-04-19,EMEA,Beauty,10620.91,984.53,39.0
2022-06-20,North America,Home & Garden,4877.81,1671.35,18.0
2022-06-29,LATAM,Home & Garden,23508.08,3917.35,47.0
2023-04-27,LATAM,Home & Garden,6147.4,520.28,26.0
2023-09-02,North America,Sports,540.68,196.63,3.0
2022-05-11,LATAM,Electronics,2218.54,190.83,9.0
2023-11-24,LATAM,Food & Beverage,6085.63,1567.91,13.0
2023-09-11,Middle East,Electronics,2742.14,838.28,19.0
2022-03-22,APAC,Food & Beverage,4461.03,484.77,41.0
2022-03-05,Middle East,Home & Garden,18015.31,3129.37,42.0
2024-10-14,APAC,Apparel,12896.12,2897.15,39.0
2024-12-03,APAC,Home & Garden,4244.83,1219.98,43.0
2024-02-26,LATAM,Home & Garden,2930.66,384.81,18.0
2023-12-23,Middle East,Apparel,91.58,31.46,2.0
2024-05-21,North America,Food & Beverage,2326.11,657.75,37.0
2022-10-07,North America,Apparel,1068.23,241.7,9.0
2022-09-24,Middle East,Beauty,3362.91,330.99,39.0
2022-06-22,APAC,Apparel,13874.78,3813.63,35.0
2022-09-19,APAC,Home & Garden,4894.37,460.09,32.0
2022-10-27,EMEA,Home & Garden,2168.0,152.66,10.0
2024-12-16,Middle East,Food & Beverage,5087.27,787.72,18.0
2024-12-21,APAC,Sports,9192.03,2495.34,19.0
2024-03-07,EMEA,Sports,2806.71,984.99,37.0
2022-04-25,EMEA,Sports,7239.68,1992.01,15.0
2023-02-12,Middle East,Food & Beverage,3798.32,985.19,31.0
2023-09-09,LATAM,Food & Beverage,3590.48,331.54,11.0
2022-04-06,EMEA,Electronics,1215.48,347.66,28.0
2022-06-30,APAC,Beauty,7175.96,,26.0
2023-05-22,LATAM,Beauty,2748.48,611.64,23.0
2023-05-10,LATAM,Electronics,2979.4,970.43,7.0
2022-12-22,APAC,Apparel,435.66,39.95,1.0
2023-06-07,Middle East,Beauty,240.91,68.19,5.0
2024-09-12,APAC,Beauty,951.16,332.86,3.0
2023-02-18,LATAM,Electronics,9390.19,3531.33,35.0
2022-04-30,EMEA,Sports,4535.6,984.21,33.0
2022-05-29,APAC,Beauty,5481.56,1960.84,13.0
2023-07-16,North America,Food & Beverage,13189.74,4522.99,48.0
2023-12-01,North America,Home & Garden,6856.74,1305.82,18.0
2022-02-13,APAC,Electronics,2469.21,174.85,22.0
2022-03-28,North America,Apparel,15648.36,2390.14,44.0
2022-08-04,EMEA,Electronics,12259.35,3230.23,31.0
2024-07-29,EMEA,Beauty,11544.87,1452.11,44.0
2022-08-23,LATAM,Home & Garden,3607.38,,16.0
2022-08-17,LATAM,Beauty,19575.82,3599.54,42.0
2024-01-30,North America,Home & Garden,2564.6,316.77,49.0
2022-08-17,LATAM,Electronics,1186.71,258.8,6.0
2023-11-28,APAC,Electronics,12719.83,4555.03,45.0
2022-07-22,Middle East,Home & Garden,4412.21,1560.33,15.0
2024-08-26,EMEA,Apparel,21409.89,7959.79,43.0
2023-06-24,APAC,Beauty,667.49,138.44,36.0
2024-09-05,Middle East,Sports,608.95,138.09,14.0
2024-01-03,Middle East,Sports,7362.16,1647.69,34.0
2024-09-17,LATAM,Apparel,,378.87,23.0
2022-05-19,EMEA,Home & Garden,3930.95,983.98,15.0
2023-09-20,LATAM,Beauty,8050.6,2779.48,31.0
2024-01-19,Middle East,Beauty,5829.86,736.28,20.0
2023-10-09,North America,Home & Garden,14778.15,2676.71,36.0
2022-03-28,EMEA,Electronics,11467.55,4283.54,43.0
2024-12-18,North America,Home & Garden,12981.89,4227.71,25.0
2023-06-23,North America,Home & Garden,1139.69,191.05,22.0
2024-09-05,EMEA,Electronics,2180.11,272.23,7.0
2023-01-12,APAC,Apparel,3226.21,908.09,8.0
2022-10-27,APAC,Beauty,4340.9,1627.44,23.0
2023-07-04,EMEA,Beauty,4254.5,1351.92,19.0
2022-12-02,APAC,Food & Beverage,5769.53,2152.74,22.0
2023-01-21,Middle East,Apparel,1696.99,,37.0
2023-07-03,EMEA,Apparel,937.98,248.56,38.0
2024-10-30,Middle East,Food & Beverage,11929.43,1327.79,25.0
2023-07-08,Middle East,Apparel,10368.25,3406.0,42.0
2024-05-04,LATAM,Apparel,2505.04,220.69,47.0
2024-03-29,APAC,Home & Garden,4323.78,,12.0
2023-11-11,LATAM,Apparel,5521.05,1228.45,22.0
2024-08-05,Middle East,Apparel,4661.91,863.18,41.0
2022-10-14,APAC,Home & Garden,6709.65,1521.21,15.0
2022-06-21,APAC,Electronics,1258.09,398.22,29.0
2024-09-01,North America,Beauty,824.29,224.86,37.0
2024-05-09,APAC,Sports,6544.74,1398.66,19.0
2024-04-16,EMEA,Sports,5691.2,957.9,17.0
2022-04-19,North America,Beauty,4162.84,1301.77,26.0
2023-08-06,Middle East,Beauty,5168.08,1444.38,46.0
2022-05-30,APAC,Apparel,3209.43,614.76,34.0
2022-06-17,Middle East,Electronics,17552.5,3989.67,46.0
2024-05-01,LATAM,Beauty,2149.07,,15.0
2023-11-02,EMEA,Home & Garden,17055.27,6367.76,44.0
2022-02-02,North America,Food & Beverage,1168.22,66.28,30.0
2023-03-04,LATAM,Home & Garden,8219.9,2330.69,29.0
2024-03-26,LATAM,Electronics,14525.98,3310.37,30.0
2022-01-02,Middle East,Electronics,4750.4,1075.08,39.0
2023-05-23,North America,Sports,13095.59,709.74,47.0
2022-03-14,APAC,Food & Beverage,1265.8,406.57,21.0
2022-03-13,LATAM,Sports,159.41,17.25,1.0
2023-09-15,APAC,Apparel,14983.95,3473.11,41.0
2022-04-25,North America,Electronics,11701.4,3393.11,26.0
2022-06-03,LATAM,Apparel,4045.84,1033.93,21.0
2022-09-20,North America,Food & Beverage,9512.06,853.76,40.0
2022-09-23,Middle East,Sports,1753.01,267.39,7.0
2023-12-18,EMEA,Apparel,9667.84,,20.0
2022-04-24,Middle East,Food & Beverage,5653.08,1023.39,11.0
2024-04-06,North America,Sports,4299.16,908.89,23.0
2023-03-18,APAC,Apparel,810.13,232.48,4.0
2023-01-23,North America,Apparel,2625.64,162.5,5.0
2024-08-21,EMEA,Electronics,1361.17,197.61,7.0
2024-12-26,APAC,Beauty,1580.68,493.7,18.0
2023-06-12,EMEA,Apparel,13384.37,2296.59,29.0
2023-01-22,EMEA,Electronics,2088.1,611.83,10.0
2022-09-16,North America,Food & Beverage,6898.95,2219.77,29.0
2023-12-05,APAC,Sports,5051.55,1087.87,38.0
2023-09-26,North America,Electronics,12061.05,2737.54,27.0
2022-12-03,APAC,Food & Beverage,3728.22,992.36,12.0
2024-06-13,APAC,Home & Garden,12859.4,4281.86,30.0
2024-03-20,EMEA,Electronics,7657.5,1821.62,18.0
2023-08-07,Middle East,Home & Garden,9483.37,1822.64,34.0
2022-01-18,APAC,Apparel,6590.16,1252.72,21.0
2022-03-16,LATAM,Home & Garden,1807.68,501.62,47.0
2023-12-30,North America,Home & Garden,4580.13,715.63,11.0
2023-08-25,North America,Beauty,9218.19,775.61,41.0
2022-02-21,EMEA,Beauty,7091.06,2463.84,22.0
2023-05-17,APAC,Beauty,13610.12,736.67,35.0
2023-12-26,LATAM,Electronics,6936.13,509.44,28.0
2024-11-02,APAC,Electronics,518.64,63.4,43.0
2022-06-10,APAC,Beauty,16515.73,5158.4,45.0
2023-06-15,Middle East,Sports,724.7,46.13,4.0
2022-03-05,North America,Food & Beverage,1540.71,373.59,8.0
2024-11-07,EMEA,Beauty,13690.64,3318.61,48.0
2024-02-21,EMEA,Beauty,8298.3,1775.24,22.0
2022-02-14,Middle East,Food & Beverage,2004.81,593.29,8.0
2023-04-28,LATAM,Food & Beverage,10826.61,686.33,27.0
2024-05-12,EMEA,Sports,996.3,163.48,3.0
2022-04-27,North America,Food & Beverage,4046.65,502.12,48.0
2024-10-25,EMEA,Beauty,5951.35,1837.6,12.0
2022-06-18,North America,Food & Beverage,1006.96,135.34,4.0
2022-09-19,North America,Beauty,6930.05,1934.46,17.0
2023-03-05,North America,Home & Garden,1927.55,382.06,21.0
2022-05-31,North America,Apparel,2773.14,310.89,33.0
2023-11-27,EMEA,Home & Garden,659.84,209.55,22.0
2024-06-14,EMEA,Home & Garden,55.55,3.01,1.0
2024-03-24,North America,Apparel,1670.42,303.49,33.0
2023-09-13,EMEA,Home & Garden,2932.74,180.52,35.0
2022-06-08,APAC,Home & Garden,1609.48,229.84,20.0
2022-11-13,LATAM,Electronics,1383.49,438.7,8.0
2024-11-05,Middle East,Sports,20823.89,6349.59,46.0
2023-12-09,EMEA,Electronics,1620.98,352.93,7.0
2024-11-16,LATAM,Food & Beverage,11729.68,3235.2,23.0
2023-05-31,LATAM,Beauty,11348.06,3576.77,44.0
2024-02-11,LATAM,Sports,9857.45,1635.71,47.0
2022-06-25,EMEA,Home & Garden,2878.6,317.83,6.0
2022-02-13,EMEA,Home & Garden,18589.65,6260.94,36.0
2024-02-25,North America,Apparel,14973.06,1936.58,37.0
2024-09-26,Middle East,Electronics,861.2,186.05,12.0
2023-05-23,EMEA,Beauty,22.97,5.13,2.0
2023-08-17,APAC,Apparel,3534.04,918.89,20.0
2024-09-03,APAC,Apparel,19812.01,4505.33,40.0
2024-11-13,LATAM,Electronics,16475.57,4970.39,39.0
2023-09-08,APAC,Apparel,5434.11,,12.0
2022-09-01,EMEA,Beauty,8172.15,1430.18,43.0
2023-05-01,LATAM,Beauty,1932.42,145.46,30.0
2023-07-30,LATAM,Sports,3935.15,275.47,34.0
2023-10-23,Middle East,Apparel,9640.63,2745.18,41.0
2024-02-19,EMEA,Beauty,4008.16,1516.23,24.0
2022-07-10,Middle East,Home & Garden,20351.63,2106.1,40.0
2023-11-25,North America,Beauty,,312.66,6.0
2022-03-06,APAC,Sports,12666.79,4261.52,30.0
2024-06-25,Middle East,Food & Beverage,3386.69,183.13,8.0
2022-09-18,North America,Home & Garden,4771.37,678.75,43.0
2024-06-25,APAC,Home & Garden,3113.67,261.59,26.0
2023-06-25,North America,Home & Garden,4629.45,370.01,10.0
2022-10-06,Middle East,Beauty,15104.51,2142.25,37.0
2023-03-20,North America,Electronics,15854.47,3567.25,37.0
2022-04-06,Middle East,Apparel,2606.14,212.59,6.0
2022-10-01,APAC,Electronics,3049.95,201.49,16.0
2023-08-23,APAC,Home & Garden,1504.96,,22.0
2024-02-18,EMEA,Electronics,9831.77,2877.49,31.0
2024-01-19,Middle East,Food & Beverage,4066.52,1268.51,14.0
2023-12-13,LATAM,Electronics,6926.97,1197.24,22.0
2022-04-16,North America,Beauty,5745.03,1736.59,15.0
2022-05-03,North America,Apparel,5630.11,1640.52,37.0
2023-03-01,Middle East,Beauty,9447.8,1466.25,49.0
2023-03-12,EMEA,Sports,1905.11,449.11,20.0
2024-03-31,APAC,Electronics,11125.6,2033.87,29.0
2022-03-13,APAC,Apparel,3072.0,202.23,10.0
2022-10-11,LATAM,Food & Beverage,1695.2,491.37,41.0
2024-08-27,North America,Beauty,580.07,76.71,11.0
2023-07-11,EMEA,Apparel,13122.83,2446.67,44.0
2024-04-08,EMEA,Beauty,7836.29,1769.64,32.0
2022-11-10,Middle East,Home & Garden,17990.0,6493.34,38.0
2023-03-15,Middle East,Beauty,2552.07,502.3,7.0
2023-03-13,LATAM,Beauty,666.93,210.56,24.0
2023-02-23,EMEA,Sports,1992.48,125.47,22.0
2024-09-30,EMEA,Sports,10724.89,967.42,42.0
2022-11-25,North America,Food & Beverage,728.75,39.71,36.0
2023-01-07,LATAM,Beauty,2605.41,763.87,44.0
2023-02-26,EMEA,Food & Beverage,3272.79,1053.94,9.0
2022-03-05,Middle East,Apparel,931.29,153.78,
2022-06-13,North America,Food & Beverage,1269.14,285.33,8.0
2023-01-18,LATAM,Beauty,9304.23,1718.46,28.0
2023-10-08,North America,Apparel,4523.51,285.04,42.0
2024-11-05,Middle East,Electronics,5571.95,1337.77,18.0
2023-03-29,North America,Electronics,1126.61,206.84,18.0
2024-05-22,LATAM,Food & Beverage,2301.13,282.14,6.0
2022-08-04,EMEA,Food & Beverage,3715.48,1083.14,18.0
2024-06-04,North America,Electronics,7059.66,359.65,49.0
2024-05-29,EMEA,Beauty,4724.5,554.59,9.0
2022-05-10,Middle East,Electronics,9249.38,3057.59,31.0
2022-12-17,APAC,Food & Beverage,3104.52,470.68,23.0
2022-06-21,North America,Electronics,1597.99,497.15,41.0
2024-03-26,EMEA,Beauty,6455.22,552.65,27.0
2023-04-18,North America,Sports,3206.13,874.91,10.0
2023-11-07,North America,Sports,24017.56,5504.07,47.0
2022-10-04,APAC,Sports,1682.78,480.41,16.0
2024-09-04,LATAM,Home & Garden,17070.49,6171.14,47.0
2024-07-29,North America,Beauty,2433.47,186.18,36.0
2024-09-16,EMEA,Sports,11694.78,4350.95,34.0
2024-02-05,EMEA,Sports,2658.58,819.13,34.0
2022-01-28,EMEA,Sports,3601.1,943.6,23.0
2024-11-28,North America,Electronics,1635.51,496.35,18.0
2023-05-17,EMEA,Electronics,10362.52,1294.6,30.0
2024-07-16,LATAM,Beauty,7701.49,1198.84,41.0
2023-03-25,EMEA,Apparel,10230.58,1749.01,34.0
2024-07-07,EMEA,Apparel,11407.58,,43.0
2023-11-12,LATAM,Electronics,8166.78,824.52,21.0
2024-12-18,EMEA,Food & Beverage,54.56,9.53,2.0
2022-12-24,APAC,Electronics,899.88,132.28,37.0
2023-02-13,LATAM,Apparel,3915.25,398.89,9.0
2024-12-30,North America,Apparel,4664.55,1001.13,45.0
2022-05-28,EMEA,Home & Garden,4032.51,750.31,22.0
2022-02-06,EMEA,Sports,9283.16,2301.85,30.0
2022-02-08,APAC,Apparel,296.46,24.01,15.0
2024-04-14,Middle East,Beauty,16892.61,3705.65,48.0
2022-01-10,Middle East,Sports,20218.51,1063.87,46.0
2024-09-02,APAC,Electronics,3854.07,319.19,23.0
2022-04-30,Middle East,Sports,8044.82,2452.05,27.0
2024-12-26,LATAM,Electronics,7635.73,1915.99,41.0
2023-06-14,EMEA,Food & Beverage,10013.21,660.02,22.0
2022-03-01,EMEA,Beauty,1831.02,146.41,21.0
2024-12-31,LATAM,Home & Garden,6077.18,2281.23,43.0
2024-08-12,LATAM,Food & Beverage,12301.89,771.09,38.0
2022-01-09,LATAM,Electronics,1327.1,328.21,29.0
2024-01-22,North America,Beauty,847.53,82.82,20.0
2022-08-24,LATAM,Beauty,430.85,70.18,48.0
2023-12-14,EMEA,Food & Beverage,8858.42,1437.89,27.0
2024-04-05,Middle East,Electronics,22178.62,3685.95,48.0
2022-02-23,North America,Home & Garden,3165.6,553.73,13.0
2023-04-21,LATAM,Apparel,14379.73,4267.11,40.0
2022-02-07,Middle East,Electronics,3676.82,657.8,12.0
2022-06-19,Middle East,Beauty,5526.83,2059.0,12.0
2022-10-05,Middle East,Beauty,5633.51,1139.29,24.0
2023-05-07,APAC,Home & Garden,993.14,54.73,34.0
2024-11-13,EMEA,Apparel,10617.57,989.22,35.0
2022-05-23,APAC,Apparel,148.6,41.58,2.0
2024-12-22,EMEA,Beauty,4482.74,1070.56,49.0
2022-08-08,Middle East,Beauty,3259.36,1191.7,23.0
2024-03-23,LATAM,Beauty,7267.54,2471.81,46.0
2023-01-27,APAC,Electronics,3477.95,665.18,33.0
2023-08-22,North America,Apparel,4805.51,1445.86,46.0
2023-01-11,Middle East,Home & Garden,1640.17,274.94,9.0
2022-03-06,APAC,Home & Garden,2266.44,139.16,9.0
2024-06-13,Middle East,Apparel,951.79,233.91,8.0
2024-01-09,EMEA,Food & Beverage,7443.02,1907.53,16.0
2023-01-17,Middle East,Beauty,18030.74,4690.59,42.0
2022-03-04,Middle East,Apparel,7510.18,969.65,48.0
2024-06-27,APAC,Home & Garden,56.34,8.72,4.0
2023-02-24,Middle East,Home & Garden,4746.15,,27.0
2023-02-19,North America,Sports,10661.51,543.0,30.0
2023-07-10,Middle East,Beauty,1392.32,271.25,34.0
2023-07-22,LATAM,Electronics,747.98,109.39,19.0
2023-11-24,Middle East,Home & Garden,20763.64,5121.4,44.0
2023-06-23,APAC,Food & Beverage,1783.07,630.59,9.0
2022-12-20,LATAM,Apparel,12405.05,,23.0
2022-04-11,Middle East,Beauty,3727.41,318.74,42.0
2024-09-15,LATAM,Home & Garden,5581.81,1601.85,22.0
2023-12-06,EMEA,Beauty,120.37,,12.0
2023-08-29,North America,Home & Garden,10462.03,3624.34,36.0
2022-06-12,Middle East,Food & Beverage,4877.93,1407.81,19.0
2024-12-23,Middle East,Apparel,17829.29,4033.6,48.0
2023-03-01,LATAM,Beauty,14625.65,5490.79,42.0
2023-11-22,APAC,Food & Beverage,7703.66,614.37,44.0
2022-10-16,North America,Home & Garden,13197.15,4593.7,31.0
2024-08-20,Middle East,Beauty,9995.24,2325.31,24.0
2022-09-14,Middle East,Apparel,5747.98,1919.7,37.0
2024-01-30,EMEA,Home & Garden,250.6,30.12,1.0
2024-05-25,EMEA,Beauty,19074.44,4533.37,46.0
2024-05-16,North America,Electronics,5493.5,673.35,29.0
2022-03-26,EMEA,Food & Beverage,821.01,249.25,14.0
2023-01-24,Middle East,Food & Beverage,20279.92,3836.49,43.0
2022-05-20,North America,Home & Garden,8889.62,1741.8,22.0
2023-01-31,LATAM,Beauty,1886.26,352.3,4.0
2023-11-11,APAC,Sports,676.27,38.34,34.0
2023-04-28,North America,Food & Beverage,3303.96,363.87,8.0
2024-02-19,LATAM,Apparel,431.12,73.99,16.0
2024-02-25,LATAM,Food & Beverage,21037.33,5633.33,48.0
2024-03-08,North America,Electronics,899.45,161.6,17.0
2024-04-20,Middle East,Beauty,13023.03,825.6,35.0
2022-04-15,LATAM,Sports,5359.06,1814.87,20.0
2023-08-07,North America,Sports,819.92,87.11,26.0
2023-04-27,Middle East,Apparel,13599.23,2849.29,32.0
2022-12-18,North America,Beauty,12001.81,4246.47,24.0
2024-08-04,Middle East,Sports,872.41,257.38,4.0
2023-01-16,Middle East,Sports,8688.99,1810.12,28.0
2022-08-31,Middle East,Home & Garden,11834.28,2539.65,39.0
2023-02-03,Middle East,Electronics,6468.87,1517.66,18.0
2024-03-23,Middle East,Food & Beverage,14503.43,5056.77,47.0
2023-07-22,EMEA,Electronics,320.11,36.72,2.0
2024-09-03,North America,Electronics,8252.95,2572.92,24.0
2023-10-09,Middle East,Food & Beverage,3844.33,689.16,13.0
2022-07-15,LATAM,Beauty,1041.23,196.46,31.0
2022-05-26,LATAM,Electronics,3277.23,1096.22,11.0
2024-10-07,LATAM,Apparel,11241.74,2917.13,27.0
2023-04-25,North America,Food & Beverage,7775.54,2912.56,18.0
2024-12-01,Middle East,Food & Beverage,8606.46,,30.0
2022-06-20,LATAM,Home & Garden,3557.28,1336.83,21.0
2024-11-30,Middle East,Home & Garden,5076.93,1664.4,26.0
2023-04-19,Middle East,Home & Garden,18833.07,5849.79,37.0
2023-03-09,Middle East,Food & Beverage,6842.16,2003.47,41.0
2023-06-23,LATAM,Home & Garden,2563.83,254.8,20.0
2024-01-20,APAC,Electronics,916.31,215.19,20.0
2022-08-10,EMEA,Home & Garden,5846.43,2136.12,27.0
2023-10-13,EMEA,Beauty,9194.41,1160.24,43.0
2024-10-24,LATAM,Apparel,2301.96,778.86,9.0
2023-02-01,LATAM,Sports,887.22,222.5,3.0
2024-02-05,EMEA,Home & Garden,1258.16,73.22,10.0
2024-11-17,APAC,Sports,6121.3,391.28,16.0
2024-12-12,LATAM,Food & Beverage,1248.6,293.26,14.0
2024-04-21,North America,Electronics,9256.38,889.61,35.0
2023-12-09,Middle East,Electronics,6053.21,1232.1,36.0
2024-08-17,North America,Electronics,9177.56,2213.41,33.0
2022-06-12,North America,Home & Garden,10044.86,1073.0,23.0
2022-01-12,APAC,Food & Beverage,5649.85,580.32,12.0
2022-04-05,Middle East,Beauty,676.0,94.2,7.0
2022-12-17,Middle East,Sports,11705.57,929.84,37.0
2022-01-10,EMEA,Apparel,2372.34,406.9,18.0
2022-09-19,EMEA,Apparel,2200.09,710.37,28.0
2023-06-21,North America,Food & Beverage,15267.08,4479.3,43.0
2022-08-10,APAC,Sports,2401.04,407.23,14.0
2024-08-21,EMEA,Sports,7909.77,791.55,42.0
2024-01-03,Middle East,Electronics,4092.8,1255.25,10.0
2022-11-29,Middle East,Electronics,5869.63,1405.85,20.0
2024-10-17,LATAM,Electronics,1287.87,371.41,9.0
2024-10-15,LATAM,Apparel,12567.41,3910.61,46.0
2024-07-11,EMEA,Sports,7011.91,1329.89,23.0
2024-08-16,APAC,Apparel,23284.88,5692.27,47.0
2022-01-10,EMEA,Sports,16122.51,3399.35,40.0
2022-06-06,EMEA,Beauty,15322.23,2011.6,39.0
2022-05-28,APAC,Food & Beverage,4399.9,504.11,46.0
2022-10-17,Middle East,Sports,227.63,68.34,11.0
2022-02-10,LATAM,Food & Beverage,24578.86,1865.3,47.0
2024-08-16,North America,Beauty,781.89,215.89,32.0
2023-05-04,LATAM,Home & Garden,4052.96,790.92,31.0
2024-04-20,LATAM,Food & Beverage,10641.84,2578.4,42.0
2022-08-26,North America,Apparel,10869.43,970.81,24.0
2024-05-25,North America,Home & Garden,7136.07,,
2022-04-25,LATAM,Beauty,12172.02,3226.88,32.0
2024-03-29,EMEA,Sports,11034.69,2042.3,26.0
2024-03-03,Middle East,Sports,3805.83,360.12,45.0
2023-12-03,LATAM,Home & Garden,11882.39,3088.56,36.0
2022-12-13,LATAM,Sports,3445.05,750.34,27.0
2024-05-28,EMEA,Sports,2964.89,309.53,9.0
2022-04-06,EMEA,Home & Garden,7021.01,2373.87,13.0
2023-02-28,LATAM,Apparel,4549.33,880.29,11.0
2024-05-31,APAC,Electronics,15997.83,4297.36,36.0
2023-08-15,Middle East,Sports,5570.38,1136.58,13.0
2022-12-21,APAC,Food & Beverage,21381.92,4416.01,49.0
2023-03-03,LATAM,Sports,19471.94,4153.63,44.0
2023-06-14,Middle East,Food & Beverage,436.97,39.67,28.0
2023-11-20,EMEA,Home & Garden,5126.29,847.89,25.0
2023-06-25,LATAM,Apparel,4990.44,1717.86,10.0
2023-02-04,LATAM,Electronics,2976.06,414.21,9.0
2023-01-03,Middle East,Food & Beverage,2767.15,850.85,29.0
2022-06-06,Middle East,Food & Beverage,3803.13,672.66,13.0
2023-12-29,Middle East,Home & Garden,8992.57,2932.66,38.0
2024-07-04,North America,Apparel,5898.7,1094.74,19.0
2022-01-17,Middle East,Electronics,13322.86,3904.54,49.0
2024-08-19,LATAM,Beauty,3779.77,1101.36,35.0
2023-12-25,EMEA,Sports,11501.0,3675.53,26.0
2023-06-13,Middle East,Beauty,11058.36,3541.05,47.0
2023-10-14,Middle East,Electronics,2965.78,239.13,26.0
2023-10-10,APAC,Beauty,13782.49,1766.21,34.0
2024-06-21,EMEA,Beauty,11240.14,1972.61,28.0
2022-02-03,North America,Food & Beverage,2011.08,202.24,5.0
2023-12-12,Middle East,Sports,4624.98,1062.9,11.0
2024-03-17,North America,Apparel,869.24,182.85,37.0
2022-09-12,LATAM,Beauty,8334.61,1930.48,44.0
2023-05-11,LATAM,Home & Garden,9403.94,3227.0,20.0
2024-12-29,North America,Home & Garden,17967.71,5147.91,44.0
2022-06-01,EMEA,Electronics,1228.88,145.16,5.0
2022-01-23,EMEA,Electronics,5608.2,600.71,20.0
2024-07-28,North America,Beauty,705.22,49.86,28.0
2024-12-22,North America,Home & Garden,3455.05,417.41,27.0
2024-01-20,APAC,Apparel,10199.69,2267.59,44.0
2022-08-09,EMEA,Home & Garden,5691.76,1898.31,18.0
2022-01-20,LATAM,Electronics,5207.49,753.84,33.0
2022-07-21,North America,Apparel,14608.87,4931.48,40.0
2023-10-27,EMEA,Home & Garden,8004.19,1684.32,17.0
2023-04-16,EMEA,Sports,1417.88,111.51,12.0
2022-07-04,EMEA,Food & Beverage,11111.63,3567.27,44.0
2022-08-21,LATAM,Sports,5110.82,1174.77,49.0
2022-05-22,LATAM,Apparel,5930.06,1379.55,19.0
2024-07-25,North America,Apparel,11702.53,4088.37,31.0
2022-02-08,EMEA,Electronics,7564.17,1857.43,47.0
2023-10-07,Middle East,Electronics,1392.64,168.3,23.0
2023-07-10,LATAM,Electronics,13426.8,2846.94,41.0
2023-01-25,Middle East,Food & Beverage,21242.19,7827.45,45.0
2022-11-01,EMEA,Beauty,136.4,26.71,2.0
2023-12-22,LATAM,Beauty,1719.88,555.23,5.0
2023-05-25,LATAM,Sports,16472.49,4242.28,40.0
2023-10-24,North America,Sports,2105.74,768.27,27.0
2022-08-20,LATAM,Home & Garden,1606.46,238.58,3.0
2024-03-31,APAC,Food & Beverage,2351.91,325.83,37.0
2022-02-25,APAC,Sports,5939.56,787.41,41.0
2024-06-02,North America,Electronics,4197.0,1488.21,41.0
2024-03-12,LATAM,Sports,2167.98,,40.0
2024-05-08,Middle East,Sports,2730.75,390.37,8.0
2023-05-29,North America,Sports,4596.32,1718.82,36.0
2024-09-11,Middle East,Home & Garden,4702.73,1344.49,15.0
2023-04-17,APAC,Food & Beverage,251.05,93.38,3.0
2024-06-19,LATAM,Electronics,5457.75,347.63,29.0
2022-02-25,North America,Home & Garden,9823.39,2986.55,24.0
2023-08-17,APAC,Apparel,472.65,76.84,2.0
2022-01-18,APAC,Electronics,10296.16,3502.21,21.0
2023-10-07,Middle East,Sports,766.59,58.14,14.0
2024-06-03,EMEA,Electronics,3526.93,1129.7,15.0
2024-01-09,EMEA,Beauty,1323.15,327.3,4.0
2023-09-10,North America,Apparel,2769.58,851.11,6.0
2022-03-30,LATAM,Sports,1981.73,226.43,48.0
2023-04-10,EMEA,Electronics,1505.62,297.54,5.0
2023-05-04,Middle East,Beauty,15580.59,3230.05,37.0
2024-09-09,Middle East,Electronics,244.61,43.66,11.0
2024-02-24,EMEA,Home & Garden,15677.4,2721.21,45.0
2023-10-16,LATAM,Home & Garden,1662.73,538.35,32.0
2022-04-27,APAC,Home & Garden,4015.65,1162.61,39.0
2024-05-25,EMEA,Electronics,2607.62,761.84,14.0
2024-11-19,LATAM,Home & Garden,8618.78,2439.29,18.0
2024-03-19,APAC,Home & Garden,13192.05,2282.42,38.0
2024-01-02,Middle East,Beauty,3325.34,845.09,15.0
2023-12-01,LATAM,Electronics,5897.87,1671.24,39.0
2022-11-20,APAC,Food & Beverage,5101.33,1504.13,13.0
2023-01-07,Middle East,Apparel,2768.1,391.08,9.0
2022-04-18,LATAM,Sports,3389.64,912.8,31.0
2022-01-04,LATAM,Beauty,4524.26,857.19,26.0
2022-03-19,Middle East,Food & Beverage,1773.07,303.21,17.0
2023-07-27,EMEA,Apparel,1670.89,266.33,12.0
2024-08-30,LATAM,Electronics,4096.33,304.07,24.0
2024-11-30,Middle East,Sports,3960.58,344.93,15.0
2023-05-30,EMEA,Beauty,956.89,152.2,40.0
2022-11-10,EMEA,Sports,3172.99,394.53,19.0
2022-05-11,LATAM,Beauty,12104.34,4411.1,36.0
2024-03-12,EMEA,Food & Beverage,11570.61,4043.84,29.0
2024-10-06,Middle East,Food & Beverage,4961.13,1730.81,12.0
2023-04-27,APAC,Electronics,4011.9,781.6,9.0
2023-12-18,Middle East,Beauty,1451.68,399.02,3.0
2024-02-06,Middle East,Home & Garden,15565.76,3162.89,45.0
2022-06-26,LATAM,Sports,6032.21,2124.57,26.0
2022-12-01,Middle East,Food & Beverage,412.85,28.85,2.0
2024-11-01,Middle East,Apparel,4469.13,780.9,40.0
2023-05-04,Middle East,Beauty,5883.82,1018.52,13.0
2022-11-04,APAC,Sports,10059.91,1940.74,45.0
2022-12-29,Middle East,Sports,1056.52,243.67,13.0
2022-07-07,EMEA,Food & Beverage,11303.71,1807.36,38.0
2022-11-23,APAC,Electronics,57.71,6.62,4.0
2024-04-13,EMEA,Food & Beverage,15856.6,5185.34,29.0
2023-09-04,APAC,Beauty,10805.31,1412.54,28.0
2022-04-04,Middle East,Electronics,7704.34,1487.18,38.0
2022-02-03,North America,Home & Garden,1048.03,203.3,3.0
2022-07-08,EMEA,Food & Beverage,8054.66,863.99,18.0
2023-05-07,Middle East,Home & Garden,8677.11,866.52,43.0
2022-10-17,Middle East,Electronics,823.91,226.88,2.0
2024-10-11,North America,Beauty,5672.94,1788.15,14.0
2022-01-03,APAC,Beauty,4557.53,1083.96,28.0
2024-10-23,LATAM,Beauty,1242.11,120.48,6.0
2023-02-10,LATAM,Electronics,16443.93,,32.0
2024-02-11,Middle East,Electronics,1995.99,458.81,11.0
2023-01-16,North America,Beauty,896.05,297.97,19.0
2024-03-19,EMEA,Food & Beverage,13074.07,4154.13,35.0
2023-06-21,LATAM,Beauty,2772.51,303.17,13.0
2024-02-10,APAC,Home & Garden,6406.01,456.82,24.0
2023-12-10,LATAM,Apparel,1978.12,606.31,11.0
2024-10-30,Middle East,Home & Garden,570.66,165.17,2.0
2023-07-23,Middle East,Electronics,19944.13,1161.85,48.0
2024-02-11,North America,Apparel,7617.92,2054.52,44.0
2023-07-13,APAC,Apparel,6556.52,2260.89,36.0
2022-01-22,North America,Electronics,5656.09,1998.26,21.0
2022-05-10,EMEA,Sports,2685.16,1004.15,13.0
2022-09-15,EMEA,Home & Garden,4459.76,1024.33,31.0
2023-04-06,LATAM,Sports,2717.71,841.23,25.0
2023-12-10,North America,Beauty,19055.67,5382.54,46.0
2023-07-05,North America,Beauty,11382.66,1116.56,37.0
2022-11-03,North America,Sports,5032.22,493.13,23.0
2022-07-08,APAC,Electronics,7687.47,2676.02,48.0
2023-06-18,EMEA,Electronics,3990.72,1036.05,20.0
2024-12-21,APAC,Electronics,3626.38,864.04,15.0
2023-02-12,LATAM,Beauty,550.25,199.55,9.0
2023-09-01,North America,Food & Beverage,3961.17,522.33,36.0
2024-05-21,APAC,Apparel,6058.11,1328.35,38.0
2024-12-30,Middle East,Beauty,4634.59,729.4,32.0
2023-07-16,Middle East,Home & Garden,1459.83,420.79,9.0
2023-04-30,LATAM,Sports,9432.11,829.81,36.0
2024-08-24,LATAM,Apparel,498.34,111.05,6.0
2024-05-31,LATAM,Electronics,1595.9,497.94,17.0
2022-10-25,EMEA,Food & Beverage,6926.21,700.72,17.0
2024-05-14,Middle East,Sports,507.27,135.67,1.0
2023-05-25,EMEA,Electronics,1556.94,208.51,10.0
2022-11-20,Middle East,Home & Garden,2246.74,160.62,6.0
2022-12-18,EMEA,Sports,673.97,122.39,20.0
2022-04-03,Middle East,Sports,9565.9,2268.85,23.0
2022-06-11,Middle East,Electronics,2956.74,638.17,18.0
2022-09-23,EMEA,Home & Garden,5235.88,1918.96,11.0
2023-11-15,LATAM,Electronics,1929.6,197.2,12.0
2023-12-25,EMEA,Apparel,3015.96,328.66,48.0
2024-03-07,North America,Beauty,6728.58,760.41,39.0
2023-05-21,APAC,Home & Garden,10945.83,2368.75,26.0
2023-01-30,APAC,Home & Garden,5135.43,1203.27,23.0
2024-05-13,North America,Food & Beverage,10880.92,3041.37,34.0
2022-06-19,EMEA,Home & Garden,5130.88,1020.08,13.0
2022-12-03,APAC,Apparel,3410.51,234.14,12.0
2023-03-02,APAC,Sports,8178.78,908.17,46.0
2024-05-06,Middle East,Food & Beverage,9393.03,3216.61,18.0
2023-12-13,APAC,Beauty,19369.98,2361.55,41.0
2024-10-15,LATAM,Home & Garden,6421.66,869.61,15.0
2024-11-22,LATAM,Beauty,3382.8,497.4,8.0
2022-03-10,LATAM,Beauty,6010.3,1126.38,21.0
2024-06-17,North America,Home & Garden,221.72,59.01,6.0
2022-11-18,Middle East,Apparel,1145.27,434.84,3.0
2023-05-08,EMEA,Sports,4322.08,1213.28,15.0
2022-09-16,APAC,Beauty,5433.69,485.89,35.0
2022-08-31,LATAM,Home & Garden,1075.35,369.44,45.0
2022-04-12,APAC,Sports,9188.17,1970.81,40.0
2023-10-19,EMEA,Food & Beverage,5835.19,930.68,34.0
2024-09-23,APAC,Sports,21095.99,4924.49,40.0
2023-08-11,Middle East,Apparel,6540.97,2145.99,49.0
2024-12-21,LATAM,Home & Garden,9646.66,748.51,46.0
2023-06-30,Middle East,Apparel,1699.53,134.23,16.0
2024-05-10,Middle East,Home & Garden,11794.84,927.43,22.0
2022-08-09,Middle East,Home & Garden,5419.67,333.62,12.0
2022-03-04,Middle East,Food & Beverage,1591.77,498.63,40.0
2022-12-17,APAC,Beauty,5104.69,1435.39,23.0
2024-09-04,North America,Home & Garden,406.84,36.29,1.0
2023-01-01,North America,Home & Garden,6069.77,1350.52,15.0
2022-09-22,LATAM,Food & Beverage,3668.53,231.02,45.0
2022-09-06,North America,Electronics,4350.26,557.48,37.0
2022-02-12,Middle East,Beauty,6260.71,1871.17,16.0
2022-12-24,LATAM,Electronics,13435.85,3178.78,32.0
2022-04-13,APAC,Sports,8914.83,1029.21,33.0
2024-02-28,LATAM,Home & Garden,8473.95,2867.53,24.0
2022-09-28,APAC,Food & Beverage,5738.11,1205.04,25.0
2024-11-23,EMEA,Beauty,907.28,81.65,12.0
2023-12-30,LATAM,Food & Beverage,12725.91,3901.64,40.0
2023-04-02,EMEA,Sports,5318.87,1184.99,38.0
2022-03-18,Middle East,Home & Garden,8893.73,2411.33,35.0
2023-10-18,LATAM,Apparel,2517.21,468.78,14.0
2023-09-23,EMEA,Electronics,1039.07,317.07,3.0
2023-11-10,APAC,Food & Beverage,5041.4,379.57,17.0
2023-01-19,North America,Home & Garden,11695.06,1556.58,24.0
2024-04-16,APAC,Home & Garden,15277.48,3037.96,33.0
2023-11-11,Middle East,Home & Garden,325.05,114.29,28.0
2023-09-12,Middle East,Electronics,20889.05,4665.07,48.0
2022-10-23,North America,Apparel,13434.38,3003.78,34.0
2022-12-31,LATAM,Apparel,362.84,70.51,11.0
2024-01-10,LATAM,Apparel,7772.87,2416.16,25.0
2023-10-26,EMEA,Electronics,6813.9,2549.8,34.0
2023-09-08,North America,Beauty,921.94,97.18,2.0
2023-01-24,EMEA,Beauty,6228.88,2160.84,13.0
2022-05-21,Middle East,Sports,3121.13,842.13,14.0
2024-10-12,LATAM,Beauty,1274.14,188.15,4.0
2024-07-16,North America,Sports,7022.8,1902.27,26.0
2022-06-29,LATAM,Food & Beverage,8170.8,2561.36,26.0
2022-03-08,APAC,Beauty,1296.54,195.9,11.0
2024-04-11,APAC,Beauty,8555.69,1267.8,45.0
2024-11-22,APAC,Apparel,4458.92,,25.0
2023-10-30,Middle East,Food & Beverage,5091.11,677.09,33.0
2024-07-05,North America,Electronics,9124.27,2581.17,38.0
2024-11-17,EMEA,Food & Beverage,9356.63,3534.4,41.0
2022-05-09,LATAM,Apparel,8513.76,2070.34,27.0
2022-12-20,Middle East,Food & Beverage,3526.43,435.03,27.0
2024-01-07,Middle East,Electronics,1652.64,97.07,25.0
2022-05-17,North America,Food & Beverage,7096.19,560.62,
2022-01-04,North America,Food & Beverage,8642.18,683.38,41.0
2023-12-17,LATAM,Food & Beverage,7876.84,600.75,27.0
2022-10-07,North America,Electronics,5836.39,1181.17,15.0
2024-06-22,LATAM,Home & Garden,4244.35,527.32,20.0
2022-11-14,APAC,Beauty,3031.08,221.36,10.0
2023-06-20,LATAM,Sports,3845.11,1356.48,36.0
2022-12-03,EMEA,Home & Garden,2872.92,605.08,30.0
2024-06-14,Middle East,Home & Garden,90.54,22.55,1.0
2023-10-19,EMEA,Beauty,785.63,230.25,27.0
2024-11-07,LATAM,Home & Garden,12795.73,2550.9,29.0
2024-04-03,LATAM,Sports,2962.38,157.55,12.0
2022-05-01,Middle East,Electronics,4020.52,1395.4,10.0
2023-10-27,Middle East,Food & Beverage,15704.74,4351.31,32.0
2024-09-20,North America,Beauty,1634.66,193.69,11.0
2022-04-03,North America,Beauty,6817.37,2145.24,20.0
2023-05-23,EMEA,Beauty,12338.39,2587.05,32.0
2024-05-18,North America,Food & Beverage,13615.77,2454.09,32.0
2022-01-29,EMEA,Beauty,1797.89,469.13,5.0
2023-07-30,EMEA,Beauty,20073.54,2341.81,48.0
2023-07-29,EMEA,Electronics,1193.87,94.1,44.0
2022-10-17,Middle East,Apparel,12258.76,1624.41,40.0
2022-07-05,EMEA,Electronics,2557.84,951.93,25.0
2024-07-31,LATAM,Food & Beverage,17258.81,3266.77,46.0
2023-08-31,North America,Food & Beverage,22052.87,6296.02,46.0
2024-10-24,APAC,Apparel,547.82,32.37,2.0
2023-08-30,APAC,Food & Beverage,5749.23,1596.17,26.0
2023-12-14,APAC,Beauty,5540.33,643.75,13.0
2023-01-22,EMEA,Apparel,1370.75,108.84,9.0
2024-11-27,Middle East,Food & Beverage,13566.87,1095.36,32.0
2023-06-13,EMEA,Sports,4406.39,1250.17,9.0
2024-04-15,LATAM,Electronics,1341.54,156.98,29.0
2023-12-19,Middle East,Apparel,5149.84,368.86,17.0
2024-01-06,EMEA,Home & Garden,1196.35,278.18,6.0
2022-03-08,Middle East,Electronics,17782.5,6321.86,41.0
2022-12-31,LATAM,Beauty,5218.51,1106.09,32.0
2024-04-29,North America,Electronics,15807.9,,46.0
2024-11-15,LATAM,Apparel,573.39,202.26,5.0
2024-09-30,Middle East,Sports,929.59,351.29,25.0
2023-01-30,North America,Electronics,242.9,27.64,7.0
2024-07-25,North America,Food & Beverage,6643.13,854.02,16.0
2022-06-21,APAC,Sports,1311.06,267.85,6.0
2023-05-02,LATAM,Sports,2286.33,629.06,9.0
2024-09-06,Middle East,Apparel,1999.04,334.32,6.0
2024-10-09,Middle East,Food & Beverage,3253.37,403.44,27.0
2024-09-16,APAC,Home & Garden,8020.08,2764.05,28.0
2022-09-12,Middle East,Beauty,9338.19,1425.08,34.0
2023-11-08,EMEA,Sports,13141.42,3101.28,27.0
2022-06-18,Middle East,Sports,8258.89,2013.5,38.0
2023-01-14,EMEA,Sports,7523.63,476.62,19.0
2023-06-06,EMEA,Beauty,12178.53,1542.44,24.0
2024-06-13,EMEA,Home & Garden,2828.61,836.56,19.0
2022-01-09,North America,Apparel,9263.08,1092.54,24.0
2022-03-16,LATAM,Home & Garden,1996.67,238.19,14.0
2024-10-12,Middle East,Home & Garden,12700.59,1141.45,28.0
2023-12-27,LATAM,Apparel,24872.64,4530.08,47.0
2022-09-11,Middle East,Electronics,8214.9,1158.55,21.0
2023-02-18,Middle East,Beauty,1115.45,124.41,3.0
2024-04-09,Middle East,Home & Garden,1620.51,588.55,20.0
2023-02-19,Middle East,Electronics,7399.3,1303.02,18.0
2023-08-19,North America,Home & Garden,2790.63,795.26,7.0
2023-05-20,Middle East,Electronics,1904.97,568.29,23.0
2023-11-02,North America,Food & Beverage,595.61,33.23,4.0
2023-05-20,EMEA,Electronics,3833.91,395.7,16.0
2022-02-16,Middle East,Beauty,14146.94,3054.6,46.0
2023-01-01,APAC,Beauty,10245.47,2820.69,29.0
2023-04-04,Middle East,Sports,1194.8,425.61,14.0
2022-12-18,APAC,Beauty,848.12,322.23,20.0
2024-04-17,APAC,Food & Beverage,292.74,16.15,12.0
2022-08-04,LATAM,Beauty,2466.24,674.86,10.0
2024-03-16,Middle East,Food & Beverage,16240.28,5588.74,44.0
2024-04-05,North America,Home & Garden,4018.48,1002.65,10.0
2022-08-05,Middle East,Home & Garden,5263.31,1023.15,39.0
2023-10-01,APAC,Apparel,8699.82,1522.26,33.0
2024-06-05,EMEA,Sports,11826.64,792.42,37.0
2022-03-06,North America,Sports,4448.96,1524.08,26.0
2023-10-24,LATAM,Beauty,9691.04,970.01,21.0
2022-12-16,EMEA,Food & Beverage,4814.85,1750.29,24.0
2023-07-10,Middle East,Food & Beverage,6266.73,,31.0
2024-03-26,LATAM,Food & Beverage,1231.67,351.36,3.0
2022-07-17,North America,Beauty,3130.56,966.83,9.0
2022-02-18,Middle East,Electronics,316.5,26.39,10.0
2024-06-01,Middle East,Sports,2868.68,276.83,17.0
2023-01-10,North America,Beauty,14598.7,903.62,37.0
2023-12-12,Middle East,Electronics,13968.94,1349.19,26.0
2023-11-06,APAC,Apparel,6647.3,1434.2,40.0
2023-08-02,EMEA,Home & Garden,442.05,98.75,8.0
2024-04-04,North America,Beauty,1872.06,646.37,15.0
2022-06-24,APAC,Sports,7239.84,1808.5,28.0
2023-12-15,EMEA,Home & Garden,5431.42,580.58,13.0
2023-04-02,EMEA,Beauty,4990.23,419.36,49.0
2023-11-25,Middle East,Apparel,442.82,112.34,2.0
2023-03-24,Middle East,Sports,3237.42,936.65,7.0
2022-10-10,North America,Electronics,936.27,110.33,5.0
2022-10-07,EMEA,Beauty,5672.47,2005.7,22.0
2023-10-17,LATAM,Electronics,1342.56,199.52,6.0
2023-04-27,North America,Food & Beverage,15146.26,3804.45,41.0
2024-02-12,Middle East,Home & Garden,12314.31,916.35,44.0
2024-09-04,Middle East,Electronics,12279.89,3638.92,36.0
2022-10-13,LATAM,Apparel,1683.27,310.3,13.0
2024-11-19,EMEA,Sports,2886.68,772.41,23.0
2024-10-08,LATAM,Sports,12643.38,3258.34,39.0
2023-06-07,EMEA,Beauty,1628.61,507.26,7.0
2023-08-25,North America,Food & Beverage,3833.52,635.7,44.0
2022-02-13,EMEA,Food & Beverage,4303.61,726.41,44.0
2024-05-22,Middle East,Home & Garden,3938.55,657.48,10.0
2022-05-25,EMEA,Electronics,2986.64,507.22,17.0
2024-10-10,EMEA,Electronics,1533.78,172.14,21.0
2024-08-24,LATAM,Sports,10004.99,3756.05,20.0
2023-11-03,North America,Food & Beverage,3651.09,496.61,12.0
2022-04-21,Middle East,Sports,11633.55,2935.65,28.0
2023-01-01,Middle East,Sports,4019.03,924.64,9.0
2024-09-25,LATAM,Apparel,2762.1,656.54,15.0
2022-01-28,APAC,Electronics,14731.37,1409.59,35.0
2024-07-12,North America,Sports,23378.05,3965.91,49.0
2024-05-08,APAC,Apparel,4058.19,374.51,36.0
2022-08-02,North America,Home & Garden,8653.61,2536.93,35.0
2024-04-20,LATAM,Beauty,259.74,91.2,17.0
2022-10-19,North America,Apparel,5353.89,1211.52,19.0
2024-04-12,APAC,Food & Beverage,1165.07,192.2,9.0
2022-10-07,North America,Electronics,8545.35,2405.28,20.0
2024-10-12,LATAM,Home & Garden,11087.45,1839.59,26.0
2022-09-17,Middle East,Food & Beverage,6839.32,1775.0,31.0
2023-05-08,LATAM,Food & Beverage,2370.16,149.01,10.0
2022-10-27,APAC,Beauty,2817.31,1042.58,6.0
2023-11-25,North America,Electronics,13090.25,4282.95,32.0
2022-12-25,APAC,Sports,5503.88,1916.14,17.0
2024-07-21,EMEA,Home & Garden,7736.05,2265.44,28.0
2023-10-27,EMEA,Beauty,3606.64,703.45,15.0
2022-10-21,Middle East,Food & Beverage,271.05,74.58,2.0
2022-11-17,APAC,Sports,389.02,37.37,5.0
2022-05-09,North America,Home & Garden,3391.14,819.89,13.0
2024-05-31,Middle East,Home & Garden,6266.62,1949.16,27.0
2024-02-07,Middle East,Beauty,3881.47,1034.74,24.0
2024-11-21,EMEA,Sports,7966.8,2005.57,23.0
2022-05-26,Middle East,Sports,5684.92,1213.01,15.0
2024-03-16,LATAM,Apparel,1389.78,173.56,26.0
2024-04-23,LATAM,Sports,13743.57,5215.66,29.0
2023-08-23,APAC,Beauty,7382.92,2710.73,33.0
2024-05-23,North America,Home & Garden,872.71,153.03,37.0
2023-11-13,LATAM,Sports,18252.6,4536.2,45.0
2024-04-15,LATAM,Food & Beverage,1612.27,603.76,10.0
2023-10-31,North America,Apparel,8294.51,2445.22,45.0
2022-01-20,LATAM,Home & Garden,2285.99,835.55,5.0
2024-04-27,North America,Sports,15061.24,4301.91,40.0
2022-12-11,LATAM,Beauty,6254.96,1783.29,21.0
2022-12-07,LATAM,Sports,5699.56,1801.25,35.0
2022-06-06,LATAM,Food & Beverage,6140.28,1661.75,12.0
2023-12-18,Middle East,Apparel,2908.29,537.64,17.0
2022-02-21,North America,Beauty,3999.93,1137.66,10.0
2024-12-20,LATAM,Electronics,16925.2,4522.08,36.0
2022-06-28,North America,Food & Beverage,7142.4,697.42,24.0
2024-11-11,EMEA,Beauty,5344.62,488.36,36.0
2024-10-26,EMEA,Home & Garden,12874.3,1173.44,41.0
2024-03-19,Middle East,Food & Beverage,8506.46,2951.75,25.0
2023-04-10,EMEA,Sports,5308.23,761.63,36.0
2023-09-29,Middle East,Home & Garden,5973.78,2132.26,44.0
2023-02-26,APAC,Electronics,3936.7,764.68,19.0
2022-02-28,LATAM,Electronics,476.72,56.1,4.0
2023-01-30,LATAM,Beauty,1793.03,519.58,14.0
2024-09-26,Middle East,Sports,20.72,4.11,2.0
2023-04-19,LATAM,Beauty,5298.57,369.31,37.0
2022-12-14,APAC,Sports,8024.44,2873.33,16.0
2024-07-05,APAC,Beauty,10578.62,1626.37,37.0
2022-04-04,APAC,Beauty,14372.24,966.84,47.0
2024-10-01,LATAM,Apparel,7369.14,757.87,16.0
2024-02-28,EMEA,Electronics,2489.14,417.44,12.0
2023-09-25,Middle East,Food & Beverage,10242.59,3775.83,27.0
2024-11-20,North America,Beauty,9805.4,886.64,32.0
2022-02-20,Middle East,Home & Garden,1153.02,415.34,3.0
2024-10-21,APAC,Apparel,745.86,143.69,8.0
2024-11-15,APAC,Sports,760.82,127.93,2.0
2023-09-14,North America,Home & Garden,14879.51,988.54,33.0
2022-11-24,APAC,Electronics,371.01,70.09,19.0
2023-11-14,EMEA,Electronics,1998.29,437.91,31.0
2024-09-15,LATAM,Beauty,8959.36,1912.27,30.0
2024-08-15,Middle East,Sports,1164.36,400.24,35.0
2022-12-20,APAC,Sports,1377.91,472.46,4.0
2024-10-06,LATAM,Home & Garden,4615.04,326.22,25.0
2023-05-17,APAC,Food & Beverage,4363.1,665.53,49.0
2022-01-12,EMEA,Apparel,2967.4,1074.86,31.0
2024-02-27,LATAM,Sports,3411.02,599.48,46.0
2023-10-28,APAC,Home & Garden,1850.05,479.81,18.0
2022-04-09,LATAM,Home & Garden,15561.0,3746.2,37.0
2023-02-04,EMEA,Food & Beverage,11791.56,3143.9,44.0
2024-02-19,North America,Food & Beverage,552.62,108.35,7.0
2023-03-09,North America,Food & Beverage,8171.9,847.22,26.0
2023-02-16,LATAM,Electronics,707.66,183.17,3.0
2022-12-31,LATAM,Apparel,1266.33,328.9,8.0
2023-07-12,North America,Electronics,520.5,115.99,38.0
2024-03-29,EMEA,Food & Beverage,565.94,142.18,13.0
2024-09-24,Middle East,Apparel,3657.74,661.47,12.0
2023-01-17,APAC,Home & Garden,1657.35,286.43,4.0
2024-02-20,EMEA,Electronics,1392.09,153.66,5.0
2023-06-10,LATAM,Home & Garden,7799.04,666.34,23.0
2022-09-11,LATAM,Home & Garden,10488.02,2315.72,28.0
2023-02-19,APAC,Home & Garden,306.83,30.2,3.0
2023-10-07,APAC,Apparel,5398.66,294.12,41.0
2024-03-09,EMEA,Home & Garden,3415.37,490.93,15.0
2023-02-05,Middle East,Home & Garden,7556.07,2598.96,18.0
2022-12-28,LATAM,Electronics,16593.1,4553.44,34.0
2022-07-29,Middle East,Apparel,3668.15,1087.22,12.0
2022-07-16,Middle East,Beauty,8178.99,2645.95,16.0
2024-05-23,APAC,Food & Beverage,65.25,12.73,1.0
2022-08-29,APAC,Beauty,6855.05,2508.14,34.0
2023-08-02,North America,Beauty,10412.0,1140.28,46.0
2022-09-26,LATAM,Food & Beverage,6382.63,971.48,39.0
2023-01-29,Middle East,Electronics,3429.57,665.37,25.0
2022-01-20,APAC,Apparel,23588.71,3932.27,48.0
2024-10-25,LATAM,Food & Beverage,4827.29,946.47,12.0
2023-12-26,Middle East,Beauty,7919.37,2297.88,38.0
2024-09-23,LATAM,Apparel,16505.94,5191.93,38.0
2023-03-01,APAC,Electronics,775.75,174.57,2.0
2023-08-02,North America,Sports,408.13,39.07,1.0
2022-04-26,LATAM,Electronics,3011.6,291.32,13.0
2023-10-27,North America,Electronics,228.37,68.2,21.0
2023-05-08,Middle East,Food & Beverage,7267.52,767.7,27.0
2022-05-05,APAC,Sports,1592.44,104.37,28.0
2022-08-22,APAC,Sports,22871.93,2152.82,49.0
2022-06-25,EMEA,Beauty,9152.89,852.26,21.0
2023-07-02,LATAM,Electronics,15992.39,5252.69,36.0
2023-01-12,APAC,Home & Garden,2672.16,406.46,19.0
2022-04-18,LATAM,Apparel,1239.03,264.28,29.0
2024-11-16,North America,Apparel,4446.75,593.21,39.0
2022-08-14,North America,Sports,3439.35,552.22,13.0
2024-01-31,APAC,Beauty,14213.74,2882.52,39.0
2023-09-01,Middle East,Sports,7144.35,1546.48,
2023-11-05,APAC,Home & Garden,9413.03,2019.72,31.0
2023-11-02,Middle East,Sports,241.99,85.91,3.0
2022-01-17,APAC,Food & Beverage,641.22,93.87,27.0
2023-06-04,EMEA,Beauty,3308.01,744.22,7.0
2022-05-03,Middle East,Beauty,7474.45,,14.0
2023-09-03,Middle East,Apparel,1597.59,390.48,21.0
2023-03-29,EMEA,Beauty,19214.12,4173.77,43.0
2023-03-26,APAC,Home & Garden,6706.5,833.1,39.0
2024-12-30,EMEA,Electronics,5917.24,1661.25,44.0
2023-07-13,Middle East,Apparel,230.08,14.86,12.0
2024-05-21,LATAM,Beauty,10242.77,2491.06,46.0
2023-02-26,LATAM,Home & Garden,862.77,285.47,38.0
2022-08-07,Middle East,Sports,5922.0,1740.21,16.0
2022-10-17,LATAM,Beauty,20177.78,2625.11,39.0
2023-12-20,Middle East,Sports,724.45,133.96,2.0
2022-05-27,Middle East,Electronics,4453.97,468.38,47.0
2023-04-27,APAC,Electronics,3093.18,956.16,22.0
2022-03-15,North America,Home & Garden,4739.06,653.46,14.0
2023-08-06,APAC,Home & Garden,3967.91,975.33,18.0
2023-08-31,Middle East,Electronics,10670.51,1132.88,41.0
2022-11-18,EMEA,Food & Beverage,4313.81,1343.7,11.0
2022-07-09,APAC,Sports,3850.79,1153.65,16.0
2022-06-27,APAC,Electronics,9231.29,860.54,25.0
2022-12-07,LATAM,Apparel,8817.03,1301.7,45.0
2022-10-12,North America,Apparel,3411.98,562.55,9.0
2022-11-21,APAC,Home & Garden,12369.17,2782.33,48.0
2022-06-02,APAC,Food & Beverage,2108.14,782.78,18.0
2023-07-28,EMEA,Apparel,1030.07,166.32,
2023-12-19,LATAM,Beauty,12674.21,3653.92,24.0
2022-12-23,APAC,Beauty,1432.02,137.55,46.0
2022-09-20,EMEA,Electronics,1658.02,368.11,11.0
2022-03-31,APAC,Food & Beverage,2535.42,180.17,48.0
2023-01-29,Middle East,Home & Garden,1264.62,311.77,7.0
2022-04-25,EMEA,Electronics,1073.31,237.19,12.0
2022-03-24,North America,Beauty,14219.33,2823.55,43.0
2022-01-06,APAC,Food & Beverage,325.33,121.43,1.0
2022-05-20,LATAM,Beauty,8776.53,2720.07,17.0
2023-03-26,Middle East,Sports,12920.49,1770.84,38.0
2024-08-27,Middle East,Beauty,930.77,123.27,11.0
2023-06-10,EMEA,Beauty,7897.58,2431.89,47.0
2024-09-12,APAC,Electronics,12291.69,4314.56,36.0
2024-07-30,APAC,Beauty,16913.6,5433.35,42.0
2024-05-08,Middle East,Apparel,9080.1,,29.0
2023-08-10,Middle East,Electronics,7570.85,712.52,20.0
2024-03-30,Middle East,Home & Garden,9001.79,3268.5,17.0
2022-05-26,LATAM,Sports,988.3,229.69,3.0
2024-08-14,APAC,Electronics,10955.18,3085.83,40.0
2022-07-28,APAC,Food & Beverage,18987.79,2176.99,44.0
2022-04-10,APAC,Sports,468.11,58.19,1.0
2023-02-25,APAC,Sports,603.97,46.86,18.0
2022-07-30,North America,Food & Beverage,508.56,,27.0
2022-10-31,Middle East,Electronics,9879.67,1840.83,35.0
2024-05-05,LATAM,Apparel,714.93,259.37,4.0
2022-12-25,Middle East,Sports,1772.34,589.26,10.0
2022-07-04,EMEA,Electronics,4427.48,685.02,35.0
2023-05-19,Middle East,Home & Garden,6405.46,1092.31,16.0
2023-06-28,LATAM,Sports,5908.92,410.41,15.0
2022-07-27,North America,Apparel,2281.06,228.76,6.0
2024-01-01,LATAM,Electronics,1733.55,248.53,36.0
2023-01-01,EMEA,Food & Beverage,4366.0,263.9,23.0
2024-05-27,Middle East,Apparel,1015.86,131.85,4.0
2023-01-04,LATAM,Sports,11436.99,1520.37,24.0
2024-09-13,APAC,Beauty,2674.58,724.93,28.0
2023-12-15,Middle East,Apparel,1017.59,60.88,11.0
2022-11-14,EMEA,Apparel,608.23,49.96,33.0
2022-04-17,EMEA,Beauty,8700.39,3182.29,25.0
2022-02-12,EMEA,Sports,4644.7,545.7,48.0
2023-01-10,APAC,Sports,11468.61,3916.94,41.0
2023-06-02,APAC,Sports,1597.62,473.55,40.0
2022-12-05,North America,Home & Garden,15584.06,3586.8,29.0
2024-12-21,APAC,Sports,249.75,41.6,1.0
2023-01-08,North America,Home & Garden,15445.69,3542.24,40.0
2022-11-13,EMEA,Home & Garden,269.37,69.52,10.0
2024-02-24,EMEA,Home & Garden,1026.01,69.66,4.0
2022-03-03,North America,Home & Garden,8538.52,1704.5,27.0
2022-08-06,LATAM,Electronics,3440.47,547.26,32.0
2022-10-24,Middle East,Apparel,342.01,55.46,2.0
2023-03-13,LATAM,Apparel,4815.56,1634.44,9.0
2024-01-06,Middle East,Food & Beverage,288.93,52.07,15.0
2022-08-12,EMEA,Electronics,14487.94,1079.71,31.0
2024-05-09,APAC,Apparel,8192.11,2614.48,30.0
2022-01-14,EMEA,Apparel,2891.1,1061.03,41.0
2023-01-16,Middle East,Apparel,3558.63,527.91,9.0
2024-03-21,EMEA,Home & Garden,3069.29,669.36,16.0
2023-12-08,LATAM,Food & Beverage,5398.97,1572.03,40.0
2022-06-15,North America,Apparel,730.11,114.72,12.0
2023-05-28,APAC,Apparel,5561.15,1747.29,43.0
2022-11-27,EMEA,Electronics,7217.11,1377.53,22.0
2024-08-08,APAC,Home & Garden,8410.79,1040.72,22.0
2024-06-24,LATAM,Sports,458.36,80.61,2.0
2023-09-11,Middle East,Sports,8635.61,1836.42,27.0
2022-03-22,EMEA,Home & Garden,8929.93,2750.62,31.0
2022-05-29,Middle East,Food & Beverage,2573.57,280.46,32.0
2024-01-13,EMEA,Apparel,12025.22,3476.81,39.0
2022-09-04,Middle East,Apparel,6500.96,1110.75,34.0
2024-10-27,APAC,Beauty,12559.78,2123.9,34.0
2022-01-28,EMEA,Sports,1312.11,436.72,6.0
2024-09-10,EMEA,Home & Garden,1992.4,319.86,47.0
2024-01-15,LATAM,Sports,367.8,22.89,5.0
2023-12-13,EMEA,Electronics,1449.0,329.85,4.0
2022-07-25,Middle East,Sports,10588.14,2081.14,25.0
2024-04-25,Middle East,Apparel,1460.57,130.14,7.0
2022-04-05,EMEA,Home & Garden,11496.7,4140.25,24.0
2022-01-30,Middle East,Home & Garden,13222.24,1545.15,44.0
2022-03-27,LATAM,Apparel,17230.4,1415.21,44.0
2023-10-14,EMEA,Food & Beverage,8758.99,2767.42,23.0
2024-09-27,APAC,Home & Garden,6947.09,1736.25,42.0
2023-01-14,Middle East,Electronics,4492.71,613.04,33.0
2024-07-08,APAC,Food & Beverage,5417.1,285.24,32.0
2024-06-02,North America,Sports,4978.06,1011.76,11.0
2024-11-12,LATAM,Beauty,7854.66,941.32,47.0
2024-08-30,LATAM,Home & Garden,6441.8,2373.77,14.0
2022-02-16,APAC,Electronics,439.25,31.71,27.0
2024-12-02,APAC,Beauty,5185.91,1959.02,23.0
2022-06-12,APAC,Beauty,12966.33,2937.42,26.0
2022-06-03,Middle East,Apparel,2708.18,785.51,6.0
2023-07-02,LATAM,Electronics,497.88,183.26,35.0
2022-06-14,North America,Beauty,20203.33,5989.04,47.0
2023-01-24,Middle East,Food & Beverage,7082.21,1639.98,35.0
2023-03-21,LATAM,Apparel,15200.25,4355.74,34.0
2024-08-29,North America,Beauty,5086.43,620.14,24.0
2023-01-16,LATAM,Food & Beverage,2379.39,499.45,5.0
2023-11-27,North America,Home & Garden,,185.61,47.0
2024-01-12,APAC,Apparel,12724.16,4785.66,48.0
2023-05-27,Middle East,Home & Garden,13900.52,3916.32,36.0
2024-05-27,EMEA,Home & Garden,1295.04,413.62,3.0
2022-08-19,APAC,Apparel,5710.89,763.58,44.0
2023-12-17,EMEA,Apparel,13802.92,4148.78,41.0
2024-04-21,LATAM,Food & Beverage,7538.53,2682.2,16.0
2022-12-16,LATAM,Apparel,1313.96,154.31,3.0
2024-12-26,APAC,Apparel,11153.65,656.7,40.0
2023-10-20,LATAM,Home & Garden,1833.7,210.38,48.0
2022-03-10,LATAM,Sports,5364.68,637.58,11.0
2022-07-26,Middle East,Food & Beverage,9054.05,690.46,29.0
2022-06-09,North America,Electronics,1832.49,95.64,11.0
2024-02-12,Middle East,Home & Garden,7184.04,546.74,49.0
2022-09-02,North America,Food & Beverage,7425.91,2700.22,41.0
2024-09-19,North America,Apparel,1571.97,476.64,5.0
2023-02-21,LATAM,Beauty,2602.21,613.65,41.0
2022-06-28,LATAM,Sports,1051.6,158.01,11.0
2023-11-02,Middle East,Electronics,4886.93,1550.12,20.0
2023-02-17,Middle East,Beauty,6906.82,532.31,21.0
2024-07-16,EMEA,Sports,12315.73,3220.93,44.0
2024-09-10,EMEA,Sports,72.39,4.95,1.0
2022-09-12,LATAM,Apparel,344.8,35.97,15.0
2024-12-30,North America,Food & Beverage,3202.27,1076.1,8.0
2024-10-19,Middle East,Food & Beverage,4676.18,1536.88,17.0
2023-08-15,Middle East,Food & Beverage,3576.33,946.36,46.0
2024-04-04,Middle East,Sports,707.5,181.72,13.0
2022-11-27,APAC,Beauty,6654.55,2448.52,21.0
2022-11-04,Middle East,Electronics,1459.46,372.08,48.0
2023-08-23,North America,Sports,2193.94,574.28,24.0
2022-05-18,Middle East,Home & Garden,9552.15,1835.25,33.0
2024-04-03,EMEA,Home & Garden,1473.8,343.76,16.0
2023-11-20,North America,Food & Beverage,755.31,197.6,6.0
2022-01-23,EMEA,Home & Garden,9577.58,1872.21,28.0
2022-08-15,APAC,Sports,4003.58,1062.1,31.0
2024-03-15,Middle East,Apparel,318.02,29.41,6.0
2022-06-21,North America,Electronics,1597.99,497.15,41.0
2023-06-30,Middle East,Apparel,4083.7,1488.33,24.0
2022-09-26,EMEA,Food & Beverage,7320.45,1184.56,20.0
2024-01-10,Middle East,Home & Garden,6021.94,1373.11,17.0
2022-07-16,North America,Food & Beverage,15795.45,3862.81,30.0
2023-07-21,LATAM,Food & Beverage,1763.96,147.73,4.0
2023-08-11,EMEA,Sports,4234.53,1008.98,12.0
2022-06-11,APAC,Apparel,13537.22,4159.08,35.0
2023-12-12,LATAM,Food & Beverage,2788.09,450.35,13.0
2022-12-13,APAC,Food & Beverage,5375.87,765.39,19.0
2022-07-13,APAC,Beauty,392.96,112.38,11.0
2022-07-30,LATAM,Electronics,3788.0,595.2,25.0
2023-08-04,North America,Apparel,965.69,,21.0
2023-03-10,North America,Electronics,4871.26,810.59,39.0
2023-03-05,Middle East,Electronics,6162.29,478.36,21.0
2022-03-15,North America,Electronics,8760.58,448.9,17.0
2024-05-06,Middle East,Sports,2974.4,288.53,17.0
2024-07-25,APAC,Apparel,12802.82,695.34,39.0
2023-06-02,APAC,Electronics,15658.09,3227.0,34.0
2023-08-18,EMEA,Food & Beverage,11777.1,2892.82,23.0
2022-05-22,EMEA,Food & Beverage,7433.48,2729.74,26.0
2023-03-10,EMEA,Food & Beverage,3270.33,1092.33,12.0
2022-10-25,APAC,Food & Beverage,9149.98,1665.95,34.0
2022-07-22,APAC,Apparel,7996.61,1411.47,33.0
2024-09-12,APAC,Electronics,3265.13,727.1,21.0
2024-03-05,Middle East,Food & Beverage,5057.36,915.09,22.0
2023-08-23,North America,Electronics,3282.66,1180.96,30.0
2024-12-16,EMEA,Sports,674.55,190.88,11.0
2022-12-28,EMEA,Home & Garden,6102.96,2046.74,45.0
2024-04-13,APAC,Beauty,576.6,206.82,5.0
2022-01-07,North America,Electronics,9479.45,2372.74,46.0
2024-06-24,APAC,Home & Garden,1055.25,332.17,8.0
2024-12-25,APAC,Home & Garden,1383.31,291.63,4.0
2024-11-29,EMEA,Beauty,8063.64,2946.4,39.0
2024-07-29,Middle East,Home & Garden,1773.48,202.29,16.0
2024-07-04,APAC,Beauty,2605.9,142.24,10.0
2023-08-12,North America,Beauty,4081.18,681.98,23.0
2024-03-09,APAC,Food & Beverage,21474.45,1839.9,47.0
2024-05-29,APAC,Food & Beverage,3306.51,657.75,40.0
2023-09-19,EMEA,Electronics,3168.68,433.24,25.0
2024-11-23,APAC,Home & Garden,116.0,40.18,10.0
2023-07-05,North America,Food & Beverage,18881.69,2507.78,43.0
2024-11-21,APAC,Beauty,9335.27,2871.96,32.0
2023-03-26,LATAM,Apparel,8073.67,1874.25,35.0
2022-10-29,LATAM,Sports,6987.17,1769.07,32.0
2023-07-26,LATAM,Beauty,722.3,244.73,15.0
2023-05-24,LATAM,Apparel,9507.02,2655.05,25.0
2023-10-02,APAC,Food & Beverage,1192.6,352.05,15.0
2022-09-13,LATAM,Food & Beverage,7399.9,837.24,39.0
2023-12-23,North America,Sports,11708.77,865.33,49.0
2023-01-10,North America,Food & Beverage,1402.78,516.89,17.0
2023-07-12,Middle East,Sports,12139.62,1594.99,30.0
2022-05-26,Middle East,Beauty,7582.86,1468.5,16.0
2022-10-22,Middle East,Sports,13774.16,5112.62,38.0
2022-10-07,APAC,Sports,,133.58,15.0
2024-08-14,EMEA,Home & Garden,451.0,155.07,1.0
2023-05-09,APAC,Electronics,5853.43,1579.13,27.0
2024-02-19,North America,Home & Garden,11312.23,3456.02,43.0
2022-02-26,APAC,Electronics,17823.27,1743.8,40.0
2022-05-05,APAC,Food & Beverage,11246.2,3000.6,29.0
2022-03-31,North America,Food & Beverage,4228.21,884.53,21.0
2024-10-13,North America,Home & Garden,13817.92,2994.41,37.0
2023-12-22,APAC,Home & Garden,373.18,99.35,9.0
2022-09-20,APAC,Food & Beverage,411.13,120.44,21.0
2023-12-05,EMEA,Food & Beverage,5310.23,848.58,33.0
2023-09-09,Middle East,Beauty,3585.29,228.84,8.0
2024-08-23,North America,Home & Garden,3452.13,495.18,23.0
2024-11-17,EMEA,Home & Garden,5467.26,1231.83,16.0
2023-06-11,APAC,Sports,8800.62,2671.84,22.0
2022-11-27,APAC,Electronics,1762.4,328.96,23.0
2023-11-05,EMEA,Electronics,3292.82,854.18,18.0
2022-12-14,APAC,Apparel,301.78,27.18,1.0
2024-07-17,EMEA,Electronics,5087.92,741.85,28.0
2022-02-11,North America,Home & Garden,1330.56,214.4,45.0
2023-04-01,APAC,Food & Beverage,3750.88,848.09,27.0
2024-11-15,EMEA,Food & Beverage,2365.23,382.3,37.0
2022-05-10,APAC,Sports,469.71,150.76,2.0
2023-07-15,Middle East,Electronics,3170.21,289.03,35.0
2022-04-16,EMEA,Electronics,2628.41,771.55,12.0
2024-08-20,EMEA,Food & Beverage,14397.46,728.5,48.0
2024-01-24,EMEA,Electronics,8575.17,,39.0
2023-07-31,Middle East,Food & Beverage,12119.67,1513.14,25.0
2023-02-17,North America,Home & Garden,12597.96,1662.14,30.0
2022-08-02,APAC,Food & Beverage,2056.0,270.15,21.0
2024-03-20,EMEA,Food & Beverage,3716.76,774.35,21.0
2024-09-30,LATAM,Sports,10861.02,4097.27,30.0
2023-11-21,North America,Sports,19634.89,4281.24,47.0
2022-08-31,LATAM,Electronics,24818.93,4942.21,49.0
2023-04-21,EMEA,Electronics,16134.15,1764.17,31.0
2022-11-17,LATAM,Apparel,1489.23,130.19,6.0
2024-05-27,APAC,Food & Beverage,6187.31,,13.0
2024-04-19,LATAM,Apparel,11375.98,1309.21,
2022-09-17,North America,Food & Beverage,390.44,77.85,9.0
2023-10-04,EMEA,Apparel,16370.65,2730.19,39.0
2024-08-14,Middle East,Apparel,11985.21,3700.43,26.0
2023-10-18,APAC,Apparel,22633.24,3961.61,45.0
2023-03-20,APAC,Electronics,6742.63,860.63,21.0
2022-03-16,APAC,Electronics,345.62,129.03,4.0
2022-09-23,EMEA,Beauty,14297.18,3546.56,33.0
2022-09-17,EMEA,Apparel,1265.29,365.41,39.0
2022-08-16,APAC,Food & Beverage,3675.91,1121.47,17.0
2024-05-27,APAC,Sports,519.39,61.53,9.0
2022-11-13,EMEA,Home & Garden,16662.78,2626.29,44.0
2022-06-03,APAC,Apparel,3131.59,247.61,16.0
2023-05-06,North America,Beauty,10993.74,2993.52,29.0
2023-12-07,APAC,Electronics,226.1,27.53,2.0
2023-09-23,LATAM,Home & Garden,25135.97,8343.24,47.0
2024-09-29,LATAM,Food & Beverage,4576.36,706.06,11.0
2022-09-21,North America,Home & Garden,1403.61,81.31,17.0
2024-01-18,APAC,Apparel,1860.82,551.4,39.0
2023-10-24,EMEA,Apparel,15608.88,1037.6,34.0
2023-05-03,EMEA,Food & Beverage,5176.66,1038.57,38.0
2024-07-22,Middle East,Food & Beverage,1955.53,702.99,12.0
2024-04-08,Middle East,Apparel,6032.63,1918.43,42.0
2023-02-06,LATAM,Home & Garden,9148.14,3095.18,37.0
2024-12-12,Middle East,Food & Beverage,14613.74,4993.25,36.0
2023-08-08,Middle East,Electronics,8717.89,687.68,23.0
2024-05-05,North America,Food & Beverage,9735.68,2655.54,28.0
2023-07-23,EMEA,Apparel,18083.04,3033.6,38.0
2022-02-28,APAC,Beauty,1817.68,267.89,49.0
2022-11-19,LATAM,Food & Beverage,11530.56,974.75,43.0
2024-08-05,North America,Home & Garden,2383.78,226.72,25.0
2024-06-02,North America,Electronics,21320.64,1621.2,45.0
2022-02-03,North America,Food & Beverage,1438.68,414.11,19.0
2023-06-10,North America,Electronics,2864.17,541.38,16.0
2024-07-17,LATAM,Electronics,927.92,74.99,3.0
2023-08-30,EMEA,Apparel,7074.85,2308.11,47.0
2022-10-24,APAC,Home & Garden,6443.97,2314.1,44.0
2022-05-05,North America,Sports,20556.22,3603.67,48.0
2024-07-16,North America,Apparel,515.76,82.26,13.0
2022-07-28,LATAM,Food & Beverage,8139.29,2864.4,39.0
2023-04-03,North America,Sports,7309.95,902.33,42.0
2023-08-06,EMEA,Sports,1443.18,201.59,17.0
2024-11-07,North America,Beauty,3816.89,217.88,22.0
2024-08-25,North America,Electronics,5630.71,1274.5,15.0
2023-12-23,Middle East,Food & Beverage,5368.61,342.73,15.0
2022-12-28,EMEA,Beauty,2221.53,383.95,43.0
2023-09-18,APAC,Home & Garden,,737.17,35.0
2022-11-23,EMEA,Food & Beverage,515.52,41.43,11.0
2023-06-13,Middle East,Apparel,143.94,43.07,2.0
2023-03-30,LATAM,Home & Garden,11542.2,3427.36,41.0
2022-07-17,EMEA,Beauty,20954.21,5468.67,42.0
2023-08-09,North America,Beauty,470.72,77.4,1.0
2022-07-21,North America,Beauty,12177.15,1331.22,42.0
2022-09-26,Middle East,Electronics,12562.6,3816.63,41.0
2024-11-19,North America,Beauty,3854.01,484.87,9.0
2023-06-08,EMEA,Home & Garden,10789.86,2358.77,27.0
2024-12-28,Middle East,Beauty,201.87,43.84,4.0
2024-12-29,Middle East,Electronics,5025.61,1408.85,35.0
2022-06-03,Middle East,Beauty,3522.2,956.47,8.0
2023-02-28,Middle East,Beauty,12807.96,2010.07,49.0
2023-05-08,North America,Home & Garden,6378.06,381.54,25.0
2022-08-18,APAC,Sports,2530.21,480.09,21.0
2024-05-07,APAC,Beauty,10925.78,980.33,41.0
2023-06-08,Middle East,Beauty,2547.59,940.24,21.0
2023-12-26,EMEA,Apparel,3381.89,481.89,28.0
2022-04-24,LATAM,Beauty,3719.58,328.21,14.0
2022-10-31,APAC,Food & Beverage,1056.42,249.44,18.0
2024-10-17,EMEA,Sports,3938.59,1259.53,18.0
2024-10-27,APAC,Electronics,4597.73,1692.86,
2023-01-10,Middle East,Sports,8447.86,1760.49,30.0
2024-02-20,North America,Food & Beverage,8599.02,1056.46,19.0
2024-09-17,Middle East,Food & Beverage,13885.21,1051.6,27.0
2024-03-16,EMEA,Food & Beverage,11580.28,1382.6,33.0
2022-12-29,North America,Electronics,2889.13,,41.0
2024-06-10,LATAM,Apparel,11756.42,2210.79,29.0
2024-11-25,LATAM,Apparel,16790.48,4588.11,33.0
2023-07-26,Middle East,Home & Garden,4140.37,609.03,9.0
2022-08-04,Middle East,Electronics,4968.33,376.57,9.0
2024-03-15,EMEA,Home & Garden,386.03,55.32,1.0
2023-04-02,EMEA,Home & Garden,464.7,36.67,1.0
2023-11-22,North America,Home & Garden,1712.42,361.01,4.0
2022-05-04,Middle East,Apparel,1582.95,554.01,11.0
2024-11-09,Middle East,Beauty,20567.31,5055.65,47.0
2024-01-19,North America,Sports,1686.85,128.78,5.0
2023-09-22,EMEA,Electronics,499.04,134.7,21.0
2022-07-25,APAC,Home & Garden,5806.93,322.96,25.0
2024-10-01,North America,Apparel,8817.79,848.14,23.0
2022-06-15,LATAM,Apparel,6578.86,1180.52,24.0
2022-07-19,APAC,Home & Garden,1401.45,273.66,20.0
2023-11-07,North America,Beauty,8083.21,2413.32,30.0
2022-12-03,LATAM,Food & Beverage,7839.84,1158.4,49.0
2023-08-17,EMEA,Electronics,1750.52,259.26,37.0
2023-10-11,EMEA,Beauty,4223.93,831.87,19.0
2022-06-17,Middle East,Sports,6293.71,,20.0
2022-12-06,LATAM,Beauty,10724.4,2655.76,44.0
2024-08-25,EMEA,Food & Beverage,10060.78,1786.83,46.0
2023-04-15,Middle East,Apparel,4976.24,964.86,15.0
2023-11-10,Middle East,Electronics,15294.17,1797.86,45.0
2024-04-12,North America,Apparel,14999.63,4876.6,32.0
2024-02-06,North America,Apparel,438.88,106.65,1.0
2024-11-28,EMEA,Apparel,4115.74,339.02,42.0
2024-11-13,North America,Electronics,313.18,16.99,1.0
2022-07-19,LATAM,Electronics,4947.33,979.39,29.0
2022-04-27,LATAM,Electronics,2636.55,433.12,6.0
2022-08-06,EMEA,Food & Beverage,2932.03,475.29,22.0
2024-01-31,Middle East,Home & Garden,1405.74,331.78,27.0
2024-03-07,Middle East,Food & Beverage,9588.43,3450.54,35.0
2024-06-22,Middle East,Apparel,840.38,279.79,10.0
2024-04-03,EMEA,Food & Beverage,20529.5,1193.9,44.0
2022-04-13,North America,Electronics,5031.3,1327.53,39.0
2022-11-04,EMEA,Sports,2125.49,375.21,11.0
2023-06-01,APAC,Beauty,351.82,54.68,1.0
2024-09-20,APAC,Apparel,,587.7,3.0
2022-04-30,EMEA,Beauty,873.48,139.88,9.0
2022-01-26,EMEA,Electronics,3179.63,592.25,15.0
2022-03-24,LATAM,Sports,8118.59,2232.59,38.0
2023-03-11,LATAM,Electronics,4038.96,704.02,14.0
2024-02-25,LATAM,Home & Garden,4985.38,457.51,43.0
2024-09-02,Middle East,Home & Garden,3179.46,1194.49,25.0
2022-04-26,North America,Sports,3968.8,1227.83,24.0
2024-03-10,APAC,Apparel,9112.11,947.18,22.0
2022-03-19,LATAM,Home & Garden,2052.58,290.35,25.0
2022-03-08,APAC,Beauty,8859.03,2772.98,43.0
2024-01-22,APAC,Beauty,5018.73,890.05,33.0
2024-01-17,LATAM,Beauty,8042.62,2336.72,36.0
2024-06-06,APAC,Beauty,12757.73,2171.89,49.0
2023-03-07,EMEA,Food & Beverage,936.5,306.07,6.0
2023-04-20,EMEA,Home & Garden,264.53,96.58,24.0
2024-05-19,North America,Electronics,3684.86,1286.51,12.0
2023-07-30,North America,Apparel,6582.12,2072.17,26.0
2024-09-10,APAC,Sports,4898.86,1362.75,18.0
2024-06-18,EMEA,Food & Beverage,4380.97,1115.93,38.0
2024-02-10,LATAM,Apparel,1576.4,390.08,33.0
2024-11-29,Middle East,Food & Beverage,6309.33,1495.26,25.0
2022-10-23,North America,Sports,939.84,90.63,3.0
2022-04-15,EMEA,Sports,9163.82,2948.38,27.0
2022-10-07,LATAM,Sports,7074.95,1070.46,28.0
2022-10-30,North America,Sports,11196.4,2866.44,22.0
2022-03-15,EMEA,Electronics,319.77,31.06,3.0
2024-07-19,APAC,Sports,22130.34,8236.83,44.0
2023-11-28,North America,Electronics,4541.21,799.06,21.0
2023-02-20,EMEA,Beauty,1310.33,89.7,4.0
2024-05-19,APAC,Sports,388.42,76.69,1.0
2023-06-26,Middle East,Electronics,2040.36,130.4,20.0
2024-09-15,LATAM,Electronics,6553.7,462.12,21.0
2022-02-24,Middle East,Home & Garden,17722.11,2813.1,39.0
2022-07-29,North America,Apparel,11596.54,769.5,45.0
2024-07-09,North America,Beauty,,296.4,15.0
2024-10-03,EMEA,Home & Garden,1987.06,618.96,24.0
2022-08-31,North America,Beauty,4880.63,1089.2,27.0
2023-10-07,APAC,Home & Garden,5630.61,420.53,12.0
2022-01-30,LATAM,Sports,2590.12,877.17,25.0
2022-05-22,North America,Electronics,16751.53,5974.44,49.0
2024-06-30,EMEA,Apparel,6354.1,1186.91,21.0
2022-01-29,Middle East,Sports,9115.57,2054.02,43.0
2024-03-28,North America,Sports,1384.0,434.97,24.0
2022-11-07,APAC,Apparel,9143.61,785.37,20.0
2023-04-25,North America,Electronics,318.82,85.1,8.0
2022-03-19,North America,Sports,11415.85,,33.0
2024-10-21,APAC,Beauty,24639.72,1371.79,45.0
2023-04-28,Middle East,Electronics,7243.56,1260.62,35.0
2022-02-08,APAC,Apparel,9903.47,3614.09,26.0
2022-11-08,Middle East,Electronics,1760.76,252.38,16.0
2023-11-14,North America,Food & Beverage,11453.0,3575.94,33.0
2024-09-11,Middle East,Food & Beverage,1471.08,430.8,10.0
2024-06-23,Middle East,Food & Beverage,492.41,145.01,
2023-10-08,LATAM,Electronics,5815.46,1525.13,45.0
2023-01-16,North America,Apparel,447.59,66.43,11.0
2023-10-20,LATAM,Food & Beverage,2370.07,753.67,6.0
2023-07-28,Middle East,Beauty,217.23,77.58,1.0
2023-02-20,Middle East,Sports,5971.1,1093.58,12.0
2024-08-18,North America,Home & Garden,515.77,187.99,13.0
2024-06-26,EMEA,Beauty,1638.97,172.0,13.0
2024-10-11,North America,Apparel,287.58,58.69,3.0
2023-10-23,LATAM,Home & Garden,12235.78,3291.1,49.0
2023-04-01,EMEA,Food & Beverage,7836.26,2651.83,42.0
2022-01-22,LATAM,Beauty,3947.31,1486.42,22.0
2024-04-17,LATAM,Beauty,10793.9,1656.42,47.0
2022-02-20,North America,Home & Garden,2052.43,717.66,8.0
2024-09-25,EMEA,Electronics,612.4,149.7,19.0
2022-09-24,LATAM,Home & Garden,4664.29,1356.37,14.0
2024-09-05,Middle East,Apparel,1339.01,245.33,9.0
2024-11-29,APAC,Beauty,6698.84,2000.3,36.0
2023-08-14,North America,Apparel,14610.71,3768.95,31.0
2023-10-04,EMEA,Home & Garden,20663.33,5024.49,43.0
2024-04-07,EMEA,Home & Garden,8402.5,1039.23,24.0
2024-03-01,LATAM,Electronics,4351.98,904.38,45.0
2022-07-13,Middle East,Sports,6357.25,2369.12,12.0
2023-11-28,APAC,Beauty,4956.53,1138.07,27.0
2024-11-16,North America,Apparel,12389.13,1536.16,37.0
2024-07-21,LATAM,Apparel,3555.4,1227.32,20.0
2023-01-14,APAC,Apparel,7103.36,1645.42,21.0
2022-07-14,EMEA,Sports,3311.87,380.64,22.0
2022-10-01,APAC,Home & Garden,3588.46,536.49,10.0
2022-08-09,APAC,Food & Beverage,8871.24,509.77,28.0
2022-05-25,APAC,Apparel,433.25,118.11,3.0
2024-07-01,Middle East,Sports,2743.94,903.88,44.0
2023-01-11,LATAM,Sports,93.64,6.26,7.0
2022-03-17,Middle East,Home & Garden,4178.68,1580.0,39.0
2024-01-16,North America,Food & Beverage,2512.41,294.95,24.0
2024-10-05,APAC,Beauty,1034.09,98.56,26.0
2023-10-01,North America,Beauty,7771.83,632.29,48.0
2022-01-24,EMEA,Food & Beverage,19568.63,4381.63,47.0
2024-07-25,EMEA,Food & Beverage,435.78,79.66,6.0
2023-11-19,LATAM,Beauty,1229.91,332.09,41.0
2023-07-09,North America,Apparel,19798.52,3972.4,46.0
2024-10-07,APAC,Apparel,1089.52,255.4,36.0
2023-07-18,APAC,Food & Beverage,4976.85,1525.52,32.0
2024-06-17,LATAM,Home & Garden,5112.12,1772.45,15.0
2024-03-05,North America,Home & Garden,1153.03,335.09,10.0
2023-04-25,EMEA,Home & Garden,8047.69,2235.05,20.0
2024-12-28,North America,Food & Beverage,5504.33,1125.96,13.0
2023-06-13,APAC,Electronics,6253.59,1365.22,27.0
2023-08-05,EMEA,Food & Beverage,378.9,92.47,14.0
2023-10-29,North America,Beauty,610.33,39.37,10.0
2022-08-11,APAC,Food & Beverage,3986.27,537.05,28.0
2023-07-09,EMEA,Beauty,8323.36,1178.4,26.0
2022-05-27,LATAM,Food & Beverage,11185.47,3818.5,33.0
2023-10-19,EMEA,Food & Beverage,18228.9,3691.33,37.0
2023-12-11,LATAM,Home & Garden,6887.59,1669.27,27.0
2024-10-22,LATAM,Sports,16670.4,3743.07,37.0
2023-01-01,North America,Sports,2581.2,399.77,7.0
2022-01-04,North America,Beauty,858.98,253.87,2.0
2022-05-22,EMEA,Apparel,2699.03,982.14,10.0
2024-11-17,EMEA,Apparel,4712.05,322.17,45.0
2023-06-09,APAC,Beauty,1719.63,,32.0
2024-03-27,LATAM,Beauty,10682.4,2622.02,43.0
2023-11-08,EMEA,Home & Garden,15897.88,4778.46,48.0
2024-07-02,LATAM,Sports,1419.97,194.68,46.0
2022-02-23,North America,Food & Beverage,1088.02,267.6,14.0
2024-04-11,North America,Beauty,991.32,153.81,17.0
2022-05-20,Middle East,Sports,2117.03,545.04,41.0
2024-04-26,APAC,Apparel,9096.52,2519.91,26.0
2024-08-24,APAC,Home & Garden,2953.12,643.23,12.0
2022-10-07,APAC,Home & Garden,10306.83,1715.61,38.0
2023-11-13,North America,Food & Beverage,4517.24,228.41,13.0
2024-08-27,Middle East,Beauty,10312.46,2033.73,30.0
2022-06-28,EMEA,Food & Beverage,3436.22,,11.0
2022-04-26,Middle East,Home & Garden,3605.55,641.57,36.0
2024-07-22,North America,Apparel,8085.27,1967.05,35.0
2024-04-23,Middle East,Apparel,192.84,12.24,1.0
2024-01-27,APAC,Electronics,2548.32,330.18,20.0
2022-11-27,LATAM,Food & Beverage,2661.99,468.51,8.0
2022-04-13,LATAM,Sports,712.98,220.88,2.0
2022-01-26,North America,Apparel,9409.41,1836.71,45.0
2023-03-28,EMEA,Food & Beverage,3970.48,202.43,34.0
2024-05-22,Middle East,Beauty,2648.95,,33.0
2022-12-24,Middle East,Food & Beverage,3500.73,878.65,15.0
2023-08-27,Middle East,Food & Beverage,1041.0,373.74,3.0
2022-01-26,APAC,Apparel,11246.74,1302.52,31.0
2023-09-28,LATAM,Apparel,4551.08,1094.1,35.0
2024-08-29,APAC,Beauty,5871.38,1369.88,14.0
2022-12-03,EMEA,Food & Beverage,2853.91,988.8,16.0
2024-01-22,Middle East,Home & Garden,997.86,170.09,2.0
2022-09-11,LATAM,Beauty,11581.89,2637.93,23.0
2024-04-17,LATAM,Food & Beverage,12166.74,3858.88,27.0
2024-03-26,EMEA,Home & Garden,6844.95,1044.83,29.0
2023-05-12,EMEA,Apparel,2563.62,510.81,
2022-06-15,APAC,Home & Garden,2807.51,710.36,35.0
2023-07-25,EMEA,Apparel,1075.12,337.23,27.0
2022-12-27,North America,Home & Garden,807.02,301.29,24.0
2023-12-29,LATAM,Beauty,6587.02,2234.77,38.0
2024-10-08,EMEA,Beauty,9117.32,1914.51,24.0
2022-09-24,LATAM,Home & Garden,7020.32,2508.7,35.0
2023-01-23,LATAM,Food & Beverage,6449.09,1944.43,34.0
2022-06-09,Middle East,Home & Garden,2750.02,740.24,34.0
2024-04-15,North America,Apparel,7342.76,1963.53,25.0
2023-01-27,APAC,Beauty,9173.03,1608.77,23.0
2023-02-23,EMEA,Apparel,8813.49,3077.01,22.0
2023-12-24,North America,Beauty,5261.55,1888.79,18.0
2023-01-20,EMEA,Electronics,454.91,33.18,15.0
2024-07-11,APAC,Home & Garden,1222.75,219.92,15.0
2024-01-17,APAC,Food & Beverage,7195.46,486.44,17.0
2024-05-10,LATAM,Beauty,7494.86,1186.44,30.0
2023-11-03,LATAM,Beauty,10788.36,2212.02,49.0
2024-05-18,Middle East,Home & Garden,2597.41,234.97,7.0
2024-09-15,LATAM,Beauty,2075.6,691.59,5.0
2023-11-09,North America,Beauty,760.34,98.76,2.0
2024-01-17,EMEA,Apparel,12535.65,4446.18,25.0
2023-03-19,EMEA,Sports,5766.68,1761.69,20.0
2022-06-30,EMEA,Electronics,4045.61,1195.13,33.0
2023-07-25,EMEA,Home & Garden,6205.43,1860.63,15.0
2024-11-10,APAC,Beauty,13926.35,2671.44,39.0
2022-08-19,EMEA,Apparel,8780.95,1036.47,39.0
2023-10-01,North America,Home & Garden,22192.75,5134.11,44.0
2023-08-28,APAC,Electronics,3178.1,880.69,10.0
2024-01-06,APAC,Home & Garden,3921.38,796.62,10.0
2024-10-23,Middle East,Beauty,15082.66,4943.11,36.0
2023-02-10,North America,Electronics,13860.62,1145.78,37.0
2022-10-16,APAC,Apparel,5670.08,1266.69,20.0
2023-06-12,APAC,Beauty,6191.76,1305.52,18.0
2022-03-27,LATAM,Electronics,11391.18,2043.68,36.0
2022-05-10,EMEA,Electronics,4292.89,967.03,33.0
2023-04-13,APAC,Food & Beverage,3308.25,755.28,17.0
2024-03-29,APAC,Apparel,7703.35,618.72,20.0
2023-07-04,EMEA,Food & Beverage,4183.17,673.7,30.0
2024-05-25,EMEA,Apparel,19661.78,2053.79,41.0
2022-05-31,LATAM,Electronics,2887.14,688.6,46.0
2023-06-15,APAC,Electronics,16458.58,5324.0,39.0
2024-02-18,North America,Apparel,4086.58,324.14,34.0
2024-12-22,North America,Sports,4529.07,1199.1,18.0
2024-12-22,LATAM,Home & Garden,3487.04,1102.12,45.0
2022-09-30,LATAM,Home & Garden,13935.39,2515.72,47.0
2022-09-16,Middle East,Electronics,1743.87,421.4,27.0
2022-06-26,EMEA,Sports,8363.11,818.54,43.0
2024-10-08,APAC,Beauty,5390.77,836.11,13.0
2023-02-26,Middle East,Apparel,5106.42,1902.22,25.0
2023-08-11,North America,Apparel,15875.77,5572.54,33.0
2023-07-04,North America,Apparel,3312.97,756.07,46.0
2022-02-04,Middle East,Sports,16086.04,5887.54,39.0
2024-08-12,Middle East,Home & Garden,2419.04,524.34,41.0
2023-02-09,EMEA,Beauty,16233.51,3938.88,45.0
2024-02-07,EMEA,Home & Garden,1845.7,566.12,13.0
2023-12-13,North America,Sports,3619.14,833.27,16.0
2023-01-15,Middle East,Home & Garden,4394.58,286.21,12.0
2023-05-28,Middle East,Electronics,15546.34,5715.36,29.0
2024-12-23,EMEA,Apparel,6672.82,2377.89,30.0
2023-10-18,North America,Electronics,1845.54,268.98,41.0
2022-11-05,EMEA,Apparel,443.82,122.94,8.0
2023-01-30,EMEA,Food & Beverage,4761.77,1203.97,40.0
2024-03-29,APAC,Beauty,11683.42,3603.83,23.0
2022-07-31,APAC,Sports,11422.1,4084.7,39.0
2024-01-30,North America,Sports,14650.46,5383.76,29.0
2023-08-05,Middle East,Electronics,1929.1,367.24,18.0
2023-02-25,LATAM,Electronics,9790.01,1900.08,34.0
2023-04-24,APAC,Home & Garden,2077.34,136.59,33.0
2022-04-04,North America,Beauty,4910.21,1363.74,27.0
2022-12-16,APAC,Home & Garden,4548.43,1518.56,42.0
2022-10-29,EMEA,Sports,141.18,53.54,8.0
2024-02-17,Middle East,Sports,4144.05,1086.44,15.0
2024-01-12,APAC,Home & Garden,4222.36,673.82,28.0
2023-12-02,LATAM,Food & Beverage,5710.06,393.11,19.0
2023-06-23,EMEA,Home & Garden,2493.98,904.61,17.0
2022-09-08,APAC,Beauty,17268.72,2820.06,41.0
2022-03-08,EMEA,Beauty,13706.5,1473.94,37.0
2024-03-04,North America,Food & Beverage,10345.77,3504.75,33.0
2022-07-28,APAC,Home & Garden,8126.31,2880.85,49.0
2022-07-25,North America,Apparel,1598.26,202.89,9.0
2023-12-14,APAC,Food & Beverage,62.05,13.65,5.0
2024-01-07,Middle East,Beauty,4812.11,566.91,
2022-08-07,EMEA,Beauty,1049.47,174.12,32.0
2024-05-05,LATAM,Sports,3223.02,310.76,31.0
2022-07-11,Middle East,Food & Beverage,4666.45,1519.24,47.0
2023-05-07,EMEA,Food & Beverage,17125.98,5027.74,40.0
2023-12-24,North America,Food & Beverage,2415.72,346.2,35.0
2023-11-16,APAC,Food & Beverage,9074.06,2509.81,20.0
2023-12-23,LATAM,Sports,5134.83,736.5,41.0
2023-01-17,LATAM,Apparel,14785.56,3859.76,41.0
2024-02-04,EMEA,Electronics,7685.03,2418.85,32.0
2022-11-09,Middle East,Electronics,6694.84,1797.98,33.0
2024-07-05,APAC,Home & Garden,4842.06,800.7,23.0
2024-11-30,LATAM,Home & Garden,3163.34,189.47,15.0
2024-09-18,Middle East,Electronics,3484.44,464.02,13.0
2023-06-01,LATAM,Apparel,54.73,14.57,1.0
2023-04-22,North America,Home & Garden,124.56,28.65,5.0
2023-02-22,North America,Home & Garden,5571.97,802.32,18.0
2024-04-10,APAC,Food & Beverage,16590.66,3720.32,48.0
2024-11-03,APAC,Sports,2165.69,168.9,46.0
2023-06-05,EMEA,Electronics,2142.81,315.38,20.0
2023-07-04,North America,Apparel,3416.95,835.66,8.0
2022-11-04,LATAM,Food & Beverage,3459.84,276.46,17.0
2023-07-02,Middle East,Electronics,4280.5,336.42,11.0
2022-12-22,LATAM,Sports,9423.53,2380.31,24.0
2022-03-06,Middle East,Home & Garden,3597.92,1093.59,36.0
2022-10-10,North America,Home & Garden,13294.57,1553.91,39.0
2023-02-11,North America,Apparel,1121.45,173.33,13.0
2022-07-13,EMEA,Sports,8725.08,588.88,28.0
2024-05-27,APAC,Home & Garden,938.76,223.15,3.0
2024-08-03,LATAM,Electronics,23284.26,8760.25,44.0
2023-05-01,North America,Sports,4917.1,304.03,32.0
2023-05-03,LATAM,Food & Beverage,431.1,162.13,20.0
2022-11-20,EMEA,Home & Garden,1173.95,110.93,26.0
2023-11-01,Middle East,Beauty,692.13,64.99,2.0
2022-05-16,EMEA,Home & Garden,10094.7,2941.26,44.0
2022-04-23,North America,Electronics,688.82,236.4,3.0
2022-12-09,LATAM,Electronics,6826.21,1689.45,22.0
2024-03-18,EMEA,Apparel,3498.62,431.24,22.0
2022-10-27,EMEA,Apparel,5597.22,576.67,21.0
2023-07-04,LATAM,Beauty,11054.39,2385.52,25.0
2024-12-16,North America,Beauty,4852.47,781.15,12.0
2024-03-03,LATAM,Electronics,6232.15,635.09,41.0
2023-08-31,North America,Food & Beverage,3315.71,853.16,10.0
2024-06-07,Middle East,Sports,7485.82,2096.64,26.0
2022-01-22,EMEA,Home & Garden,9336.17,3331.02,27.0
2023-01-01,North America,Electronics,2287.12,159.21,11.0
2023-06-01,LATAM,Sports,881.96,245.78,3.0
2022-05-17,LATAM,Beauty,3699.14,,24.0
2022-03-01,APAC,Home & Garden,388.27,56.4,8.0
2023-09-26,LATAM,Food & Beverage,14402.98,3306.19,37.0
2023-10-22,LATAM,Food & Beverage,22586.66,3728.93,49.0
2023-08-13,EMEA,Food & Beverage,1224.84,168.38,20.0
2024-12-16,APAC,Apparel,5244.93,744.95,39.0
2024-04-17,LATAM,Apparel,4887.87,1317.2,19.0
2022-06-24,LATAM,Beauty,10128.95,1446.62,35.0
2023-07-12,APAC,Home & Garden,758.3,78.7,31.0
2024-08-03,APAC,Home & Garden,4152.81,334.07,18.0
2024-10-24,LATAM,Electronics,10486.43,2351.5,33.0
2024-11-14,LATAM,Sports,1096.95,371.11,29.0
2022-07-11,APAC,Home & Garden,515.49,155.73,1.0
2024-04-20,EMEA,Electronics,901.48,280.59,2.0
2024-05-30,North America,Beauty,4625.58,1053.53,33.0
2024-06-08,APAC,Beauty,12896.86,2392.19,30.0
2023-07-26,Middle East,Electronics,16247.67,2725.33,35.0
2023-02-26,North America,Home & Garden,609.16,54.02,7.0
2022-08-19,North America,Electronics,6949.03,1336.21,44.0
2023-05-25,North America,Apparel,7197.59,2380.68,28.0
2022-06-12,EMEA,Food & Beverage,7148.66,2166.51,39.0
2024-12-31,Middle East,Food & Beverage,1028.83,274.85,23.0
2024-11-17,Middle East,Food & Beverage,13855.06,1657.14,47.0
2023-07-31,North America,Sports,5580.09,1324.05,21.0
2023-06-04,Middle East,Sports,10988.1,3660.48,42.0
2024-05-01,Middle East,Home & Garden,6274.35,1714.32,14.0
2022-04-13,LATAM,Food & Beverage,15404.23,3635.61,49.0
2023-10-12,LATAM,Apparel,5410.44,1168.79,31.0
2023-07-20,Middle East,Apparel,875.09,234.87,3.0
2022-11-27,North America,Home & Garden,13217.54,3326.57,49.0
2023-10-22,EMEA,Food & Beverage,11030.64,822.56,25.0
2024-09-29,APAC,Food & Beverage,3849.91,1071.04,13.0
2022-02-23,APAC,Sports,5628.39,487.14,14.0
2024-02-22,North America,Beauty,8133.22,1816.54,20.0
2022-09-11,North America,Apparel,7894.69,1017.77,22.0
2022-01-15,EMEA,Beauty,12795.43,1086.76,35.0
2023-04-27,EMEA,Food & Beverage,5589.47,444.98,29.0
2022-07-28,Middle East,Electronics,381.95,89.54,
2023-08-14,North America,Electronics,1437.12,252.11,5.0
2023-01-13,APAC,Sports,2486.31,185.97,27.0
2023-08-01,North America,Food & Beverage,13100.67,4039.73,45.0
2024-05-12,LATAM,Electronics,736.58,58.74,4.0
2023-08-26,LATAM,Beauty,192.13,25.06,2.0
2024-01-07,North America,Sports,2646.83,151.24,30.0
2024-07-22,LATAM,Home & Garden,4189.55,452.93,12.0
2023-12-05,EMEA,Apparel,7377.21,1294.95,20.0
2023-07-17,Middle East,Sports,13778.08,4118.33,34.0
2023-05-18,APAC,Electronics,414.29,53.18,23.0
2024-03-28,APAC,Food & Beverage,4621.15,394.17,
2022-10-13,North America,Home & Garden,6801.02,1905.6,16.0
2024-09-30,APAC,Apparel,14366.94,3094.41,32.0
2022-05-06,LATAM,Apparel,4962.32,1151.37,13.0
2022-08-14,Middle East,Electronics,17649.97,4721.71,37.0
2024-05-05,APAC,Food & Beverage,4215.69,1551.03,19.0
2022-03-02,North America,Beauty,10584.64,2988.72,29.0
2024-07-16,EMEA,Sports,3262.72,,22.0
2024-10-01,Middle East,Food & Beverage,1659.0,87.03,5.0
2023-01-21,EMEA,Food & Beverage,86.38,22.48,6.0
2024-09-30,APAC,Apparel,1119.67,132.31,14.0
2022-07-24,LATAM,Beauty,13958.76,4251.66,39.0
2022-02-12,North America,Electronics,1103.92,253.22,3.0
2023-03-26,Middle East,Sports,166.89,59.03,1.0
2022-04-11,North America,Electronics,15854.58,5362.2,36.0
2022-11-17,APAC,Food & Beverage,473.5,155.21,2.0
2024-11-18,LATAM,Home & Garden,1998.0,178.04,26.0
2024-03-02,EMEA,Home & Garden,8246.15,2148.58,37.0
2022-05-11,APAC,Sports,13251.27,725.26,35.0
2023-02-18,North America,Home & Garden,6283.86,2054.79,22.0
2023-06-14,APAC,Home & Garden,18423.69,2564.44,34.0
2024-12-24,APAC,Beauty,9237.6,2194.84,21.0
2024-01-29,EMEA,Home & Garden,8346.41,1950.1,22.0
2023-02-24,LATAM,Beauty,8187.51,3085.63,25.0
2022-09-02,LATAM,Home & Garden,893.06,154.64,3.0
2022-07-14,EMEA,Sports,7035.44,2080.25,18.0
2023-04-08,APAC,Beauty,155.05,48.91,1.0
2023-08-24,North America,Apparel,9733.54,929.44,42.0
2024-07-07,EMEA,Sports,6734.25,1809.16,35.0
2023-04-28,North America,Electronics,1629.85,308.86,8.0
2023-11-26,LATAM,Apparel,10711.6,1909.82,36.0
2023-09-14,APAC,Sports,10969.15,4167.97,27.0
2022-06-06,APAC,Food & Beverage,6195.8,1582.25,33.0
2024-05-08,Middle East,Sports,20410.89,1130.48,40.0
2024-01-10,North America,Home & Garden,19693.78,4423.74,46.0
2022-08-20,Middle East,Electronics,9123.25,1799.08,21.0
2024-01-13,EMEA,Beauty,4920.41,659.6,33.0
2022-08-10,EMEA,Food & Beverage,7846.59,457.82,37.0
2022-05-11,APAC,Sports,462.42,86.16,39.0
2023-08-18,LATAM,Food & Beverage,3048.45,847.67,
2022-07-07,APAC,Food & Beverage,1566.03,358.51,7.0
2023-08-02,Middle East,Electronics,12831.63,2671.91,33.0
2024-05-29,LATAM,Home & Garden,15632.25,5708.48,34.0
2023-06-27,EMEA,Electronics,9947.22,559.84,28.0
2023-05-07,EMEA,Sports,710.1,79.59,7.0
2023-05-29,EMEA,Apparel,15240.04,4249.91,37.0
2024-12-14,EMEA,Home & Garden,12148.11,4468.99,30.0
2023-02-27,Middle East,Home & Garden,13327.24,818.06,26.0
2023-02-20,North America,Home & Garden,4630.42,728.33,48.0
2024-10-29,Middle East,Food & Beverage,4947.55,1184.93,45.0
2024-11-29,LATAM,Home & Garden,9873.22,3592.41,22.0
2024-03-22,North America,Electronics,12128.48,3124.95,33.0
2024-06-02,LATAM,Electronics,9882.48,2553.09,24.0
2023-12-18,LATAM,Home & Garden,13214.37,1635.02,34.0
2023-10-14,APAC,Sports,16176.97,2568.74,45.0
2022-07-31,EMEA,Beauty,1252.71,195.51,4.0
2023-03-24,LATAM,Home & Garden,834.94,220.26,28.0
2024-03-10,EMEA,Beauty,10192.88,3716.14,40.0
2023-05-01,LATAM,Beauty,18840.56,3485.79,46.0
2023-04-28,LATAM,Apparel,340.45,46.57,22.0
2023-11-04,EMEA,Home & Garden,4732.91,1361.2,29.0
2023-01-16,Middle East,Apparel,112.96,,3.0
2022-11-08,EMEA,Apparel,6560.72,713.24,40.0
2022-10-24,APAC,Electronics,17539.04,6141.54,49.0
2022-05-31,APAC,Food & Beverage,6343.0,2234.54,13.0
2022-11-25,North America,Sports,10334.87,2816.45,29.0
2022-04-30,Middle East,Food & Beverage,8292.41,2426.49,31.0
2022-03-14,Middle East,Food & Beverage,8102.43,1547.57,44.0
2024-12-29,APAC,Home & Garden,3016.12,1101.06,9.0
2022-07-05,Middle East,Beauty,7253.12,769.31,17.0
2022-05-01,APAC,Apparel,2466.73,247.82,9.0
2023-11-09,APAC,Food & Beverage,2889.21,855.5,9.0
2023-08-16,Middle East,Beauty,6555.18,1040.37,36.0
2022-06-30,APAC,Food & Beverage,6129.3,442.22,12.0
2023-04-16,LATAM,Sports,1552.34,217.28,7.0
2024-01-17,North America,Beauty,1629.37,130.22,30.0
2024-01-31,North America,Food & Beverage,10135.23,1833.34,48.0
2023-10-29,EMEA,Food & Beverage,1175.52,75.19,14.0
2024-10-04,APAC,Beauty,880.55,246.05,24.0
2023-12-20,North America,Home & Garden,6997.5,1578.72,19.0
2022-05-03,Middle East,Home & Garden,7802.99,1341.25,23.0
2023-04-21,Middle East,Food & Beverage,8099.04,471.1,33.0
2022-08-10,Middle East,Electronics,8329.19,1002.62,38.0
2022-08-03,North America,Home & Garden,1692.92,478.96,7.0
2024-12-25,LATAM,Electronics,5467.63,1294.78,28.0
2022-05-23,APAC,Sports,5728.26,1007.81,13.0
2024-08-28,North America,Electronics,6202.08,1466.27,27.0
2022-07-31,LATAM,Apparel,2687.6,214.32,27.0
2024-06-13,Middle East,Food & Beverage,14435.02,4718.81,36.0
2023-05-27,North America,Sports,839.46,136.26,35.0
2023-09-01,Middle East,Home & Garden,681.98,234.73,10.0
2023-12-05,LATAM,Food & Beverage,7688.71,2024.09,40.0
2024-09-12,EMEA,Beauty,4779.41,1795.33,43.0
2022-12-19,LATAM,Sports,3200.35,972.05,31.0
2024-01-29,EMEA,Food & Beverage,3707.05,984.32,8.0
2022-08-10,North America,Sports,2967.52,576.34,40.0
2023-06-21,EMEA,Home & Garden,7470.21,1029.46,28.0
2023-04-08,APAC,Food & Beverage,849.52,63.14,21.0
2024-12-09,North America,Electronics,15033.55,5579.63,36.0
2022-11-11,APAC,Beauty,4405.26,1114.66,47.0
2024-01-01,LATAM,Home & Garden,12118.51,2219.16,26.0
2023-02-23,EMEA,Electronics,3516.83,567.43,8.0
2024-11-14,LATAM,Electronics,8840.58,1266.08,44.0
2023-11-15,LATAM,Beauty,4961.06,1560.09,33.0
2024-11-09,EMEA,Apparel,3630.44,372.48,29.0
2022-02-19,EMEA,Electronics,48.02,11.94,1.0
2024-04-05,APAC,Electronics,107.0,32.41,3.0
2022-10-25,EMEA,Electronics,2792.39,282.14,20.0
2024-09-28,EMEA,Beauty,6720.61,2396.59,21.0
2024-09-01,North America,Apparel,1323.2,229.11,47.0
2023-07-13,LATAM,Beauty,3804.96,195.2,43.0
2022-11-15,Middle East,Beauty,5339.55,1378.21,32.0
2022-02-20,APAC,Beauty,9801.03,3715.39,41.0
2022-03-29,LATAM,Home & Garden,1380.82,419.73,13.0
2022-11-01,EMEA,Apparel,17597.28,3335.82,47.0
2023-03-27,EMEA,Beauty,3522.49,272.18,37.0
2024-07-07,LATAM,Electronics,7531.46,813.7,19.0
2024-03-09,Middle East,Sports,17574.71,5360.86,43.0
2023-07-21,North America,Apparel,2881.06,761.59,11.0
2023-03-12,Middle East,Sports,11539.5,702.73,33.0
2024-11-21,EMEA,Sports,4493.6,725.79,45.0
2023-09-18,LATAM,Home & Garden,4147.84,554.89,49.0
2023-05-15,APAC,Beauty,7867.93,2762.24,23.0
2023-11-15,LATAM,Home & Garden,20148.18,6945.17,43.0
2024-12-09,North America,Home & Garden,14089.87,,37.0
2022-07-26,Middle East,Home & Garden,13466.54,4691.47,
2023-01-22,LATAM,Home & Garden,12803.61,1248.18,33.0
2022-12-26,APAC,Electronics,1033.06,312.66,4.0
2024-08-29,EMEA,Sports,2034.76,521.22,12.0
2023-08-16,EMEA,Beauty,12327.62,1399.08,47.0
2024-08-16,LATAM,Sports,10052.73,1720.09,23.0
2022-08-04,EMEA,Beauty,363.54,77.06,1.0
2022-11-14,Middle East,Beauty,542.0,192.64,7.0
2022-03-22,North America,Home & Garden,6000.06,1612.58,14.0
2024-07-27,Middle East,Home & Garden,4408.87,1223.03,11.0
2024-06-19,APAC,Sports,1635.92,400.89,15.0
2023-08-29,APAC,Food & Beverage,23117.44,7972.37,49.0
2024-07-04,LATAM,Food & Beverage,1072.16,62.31,12.0
2024-12-02,Middle East,Home & Garden,8518.68,1133.15,21.0
2024-07-01,APAC,Sports,3421.81,415.83,13.0
2022-05-12,EMEA,Apparel,3938.38,914.18,23.0
2022-03-02,North America,Home & Garden,2405.38,602.1,6.0
2022-04-11,APAC,Beauty,7584.62,1395.19,47.0
2024-08-23,EMEA,Beauty,3323.8,806.07,23.0
2023-01-18,APAC,Food & Beverage,1691.2,598.57,7.0
2023-12-01,EMEA,Apparel,9797.42,2802.98,20.0
2022-08-06,EMEA,Beauty,11695.44,1861.65,29.0
2024-11-10,Middle East,Apparel,3984.5,560.12,15.0
2022-04-16,APAC,Home & Garden,15457.01,3217.89,41.0
2024-08-09,EMEA,Sports,2760.22,620.91,12.0
2024-04-30,EMEA,Food & Beverage,12281.7,4118.77,36.0
2023-07-12,EMEA,Apparel,12024.64,3309.71,35.0
2024-03-29,LATAM,Sports,3831.45,535.89,13.0
2023-06-08,Middle East,Food & Beverage,8818.31,1083.38,25.0
2022-11-11,APAC,Food & Beverage,988.6,331.6,16.0
2022-05-21,Middle East,Apparel,607.47,148.57,46.0
2022-05-07,APAC,Beauty,10986.66,2071.77,39.0
2023-03-19,North America,Beauty,238.66,69.73,1.0
2023-02-04,EMEA,Food & Beverage,3722.71,639.71,19.0
2024-05-13,APAC,Food & Beverage,4239.15,977.01,14.0
2023-07-29,LATAM,Sports,322.55,75.99,9.0
2023-01-10,LATAM,Food & Beverage,16041.18,3557.32,38.0
2024-02-17,EMEA,Sports,1930.9,648.2,4.0
2024-10-23,APAC,Electronics,1536.28,558.04,4.0
2022-08-16,LATAM,Sports,2484.93,724.84,36.0
2022-03-03,EMEA,Home & Garden,910.16,147.98,5.0
2024-03-25,APAC,Food & Beverage,513.01,91.23,12.0
2023-05-28,APAC,Apparel,2845.37,558.8,29.0
2022-12-22,North America,Food & Beverage,1039.61,259.01,15.0
2024-08-21,APAC,Sports,5279.71,1535.7,33.0
2023-01-04,EMEA,Sports,8911.26,1141.01,42.0
2022-09-26,Middle East,Food & Beverage,6944.15,1322.17,20.0
2024-08-20,APAC,Electronics,2159.28,437.17,7.0
2022-07-25,APAC,Sports,1405.37,355.24,19.0
2024-10-16,LATAM,Beauty,5633.25,976.58,33.0
2024-04-18,EMEA,Home & Garden,11241.84,1831.6,27.0
2024-06-20,Middle East,Food & Beverage,9440.44,3095.9,33.0
2023-05-09,APAC,Apparel,8424.63,1862.51,33.0
2022-01-12,Middle East,Apparel,79.67,11.87,2.0
2023-11-27,EMEA,Beauty,6235.42,1538.2,40.0
2022-11-05,EMEA,Apparel,3722.63,521.67,
2022-07-10,Middle East,Home & Garden,21014.46,1831.8,45.0
2024-11-06,LATAM,Beauty,2947.01,825.99,34.0
2022-03-14,Middle East,Apparel,23340.83,4627.76,44.0
2022-07-09,North America,Beauty,8124.2,544.34,23.0
2023-11-11,North America,Home & Garden,19455.66,6093.32,44.0
2024-12-14,Middle East,Beauty,7729.76,399.79,22.0
2024-12-10,EMEA,Beauty,333.68,112.61,22.0
2022-11-02,Middle East,Apparel,16279.77,4227.44,37.0
2022-05-30,LATAM,Food & Beverage,3323.42,709.24,19.0
2023-02-15,North America,Home & Garden,4530.42,749.19,26.0
2023-08-07,APAC,Sports,992.31,186.28,42.0
2024-12-23,North America,Beauty,5989.52,1023.79,49.0
2024-06-24,LATAM,Food & Beverage,1561.76,111.81,21.0
2024-10-11,APAC,Beauty,629.68,192.39,15.0
2024-04-03,LATAM,Sports,7241.3,828.97,15.0
2023-06-20,North America,Home & Garden,8833.95,840.35,49.0
2024-07-03,APAC,Food & Beverage,1697.21,450.92,4.0
2022-07-03,Middle East,Food & Beverage,2426.62,461.3,41.0
2024-10-07,Middle East,Sports,1372.04,397.81,7.0
2024-07-12,Middle East,Electronics,11670.72,1268.17,45.0
2024-07-22,EMEA,Beauty,5618.63,1067.1,20.0
2024-04-18,Middle East,Food & Beverage,13548.72,,27.0
2023-11-02,Middle East,Home & Garden,6412.34,894.89,49.0
2022-02-26,APAC,Sports,7029.97,2572.79,25.0
2022-02-27,LATAM,Electronics,318.98,110.23,
2023-02-06,EMEA,Apparel,2530.94,468.29,27.0
2022-04-06,LATAM,Apparel,8218.15,1716.99,49.0
2022-06-20,EMEA,Electronics,4531.71,556.67,12.0
2022-02-12,Middle East,Food & Beverage,7947.18,2609.9,39.0
2023-09-27,EMEA,Apparel,3467.18,798.08,16.0
2022-09-07,EMEA,Food & Beverage,8351.18,,34.0
2024-03-04,EMEA,Food & Beverage,15969.97,1630.05,38.0
2023-05-21,North America,Sports,6423.88,1633.33,27.0
2022-12-19,LATAM,Electronics,5421.38,1233.76,28.0
2024-12-20,LATAM,Beauty,2966.49,480.46,23.0
2022-11-14,APAC,Food & Beverage,1197.08,99.38,38.0
2022-03-23,Middle East,Home & Garden,1465.18,445.99,10.0
2022-08-28,EMEA,Home & Garden,1311.25,,6.0
2022-03-15,North America,Beauty,3234.78,866.92,37.0
2024-01-11,North America,Electronics,7119.18,362.39,23.0
2024-11-11,APAC,Beauty,4462.25,1556.17,24.0
2022-11-07,North America,Beauty,6814.13,617.83,41.0
2022-07-17,EMEA,Electronics,2814.47,236.45,7.0
2022-12-28,Middle East,Beauty,1472.81,208.88,4.0
2023-03-22,APAC,Apparel,6496.11,1676.03,17.0
2023-11-25,LATAM,Home & Garden,1136.38,100.45,48.0
2023-05-01,North America,Apparel,,222.12,5.0
2022-05-04,LATAM,Sports,1802.38,322.97,6.0
2023-07-24,Middle East,Sports,953.65,206.89,18.0
2022-05-16,APAC,Home & Garden,12835.73,1605.71,28.0
2022-01-27,North America,Apparel,18402.64,1133.76,43.0
2022-05-24,APAC,Food & Beverage,4759.69,1736.15,40.0
2023-10-18,Middle East,Electronics,1069.32,101.45,3.0
2022-08-31,EMEA,Beauty,10101.66,2789.28,23.0
2023-03-01,LATAM,Home & Garden,7521.0,2268.13,
2024-03-28,Middle East,Food & Beverage,4486.08,1445.73,9.0
2023-01-12,LATAM,Food & Beverage,17434.21,5583.11,43.0
2023-12-15,North America,Home & Garden,10660.26,858.69,38.0
2024-05-23,LATAM,Beauty,1024.17,151.99,8.0
2023-12-17,LATAM,Apparel,3323.51,965.81,44.0
2023-04-09,Middle East,Apparel,2042.16,146.53,11.0
2022-08-12,North America,Sports,1727.93,303.47,6.0
2022-08-02,LATAM,Beauty,21047.59,4708.07,42.0
2024-02-01,North America,Sports,609.77,224.68,6.0
2024-02-19,LATAM,Beauty,2472.97,709.07,6.0
2022-02-17,LATAM,Sports,8416.38,823.9,27.0
2024-05-14,North America,Sports,14171.84,3107.86,46.0
2023-01-28,LATAM,Home & Garden,8594.01,2957.28,21.0
2022-07-16,North America,Apparel,6285.12,1347.73,13.0
2023-04-16,Middle East,Apparel,3372.38,1224.92,14.0
2023-03-31,Middle East,Beauty,10122.59,1105.04,26.0
2022-01-27,APAC,Sports,2600.02,162.72,19.0
2022-10-18,APAC,Beauty,9662.69,2672.13,24.0
2023-05-19,Middle East,Beauty,3338.89,516.71,15.0
2023-02-08,EMEA,Sports,6418.32,2332.29,28.0
2022-10-16,EMEA,Electronics,17674.42,2502.31,39.0
2022-02-18,EMEA,Home & Garden,6632.4,2260.01,46.0
2023-02-02,LATAM,Electronics,8850.24,1218.19,32.0
2022-10-13,APAC,Home & Garden,3139.05,1118.52,30.0
2023-04-16,North America,Home & Garden,2696.82,902.81,11.0
2024-09-25,APAC,Food & Beverage,2753.63,,6.0
2022-04-16,North America,Food & Beverage,5168.36,905.15,18.0
2023-08-17,Middle East,Food & Beverage,5295.71,615.74,32.0
2022-04-27,North America,Home & Garden,2260.42,570.02,8.0
2023-12-17,APAC,Sports,2052.25,428.25,27.0
2024-04-01,APAC,Sports,4263.94,1308.12,30.0
2022-05-12,EMEA,Sports,19089.17,2229.25,48.0
2024-09-08,North America,Sports,3567.78,904.03,10.0
2024-05-16,LATAM,Sports,4362.1,1468.68,19.0
2024-03-25,Middle East,Beauty,3359.73,874.51,8.0
2022-01-16,EMEA,Home & Garden,519.75,113.78,2.0
2022-08-03,APAC,Food & Beverage,3853.61,1060.81,28.0
2023-07-16,EMEA,Apparel,7280.0,2318.36,18.0
2022-02-07,Middle East,Electronics,3676.82,657.8,12.0
2022-01-28,EMEA,Food & Beverage,3550.37,1132.13,14.0
2022-05-28,APAC,Beauty,18108.86,5300.4,43.0
2022-11-10,EMEA,Home & Garden,1568.18,542.7,33.0
2023-03-05,LATAM,Food & Beverage,1145.18,77.02,16.0
2023-06-14,Middle East,Food & Beverage,436.97,39.67,28.0
2022-09-01,EMEA,Food & Beverage,503.96,107.62,1.0
2023-04-24,EMEA,Food & Beverage,216.75,72.47,3.0
2023-09-12,North America,Electronics,4777.14,1771.27,40.0
2022-11-14,North America,Beauty,,398.91,22.0
2023-02-08,EMEA,Home & Garden,769.99,217.78,16.0
2022-07-23,APAC,Home & Garden,884.03,127.54,47.0
2023-10-06,EMEA,Electronics,1489.64,548.1,16.0
2023-09-13,LATAM,Electronics,12602.4,4573.34,30.0
2022-07-26,APAC,Sports,2762.18,1000.16,23.0
2022-12-03,Middle East,Home & Garden,4116.28,791.1,19.0
2023-05-03,North America,Apparel,13074.72,3258.63,27.0
2023-02-21,Middle East,Sports,7725.43,1592.16,47.0
2024-01-06,EMEA,Electronics,729.73,104.17,4.0
2023-01-17,Middle East,Electronics,6423.1,791.81,28.0
2024-02-06,EMEA,Apparel,281.21,49.98,6.0
2023-09-30,Middle East,Food & Beverage,4403.72,1657.53,39.0
2024-03-28,APAC,Beauty,3989.99,1437.24,13.0
2023-10-22,APAC,Beauty,180.92,17.74,14.0
2022-01-14,EMEA,Electronics,17829.16,2890.25,46.0
2022-03-22,Middle East,Electronics,89.19,31.01,3.0
2022-04-28,EMEA,Food & Beverage,5580.59,1558.52,34.0
2023-07-18,APAC,Home & Garden,8751.14,1178.8,43.0
2023-10-05,LATAM,Food & Beverage,11524.06,3707.62,25.0
2022-05-18,APAC,Apparel,924.78,95.81,6.0
2024-08-03,APAC,Beauty,12142.51,3404.23,29.0
2023-07-02,LATAM,Apparel,14550.78,3164.92,27.0
2023-06-11,EMEA,Beauty,6056.28,1176.13,25.0
2024-01-05,LATAM,Apparel,634.81,170.33,2.0
2022-08-29,EMEA,Apparel,7928.96,2183.04,25.0
2023-03-26,APAC,Beauty,14992.7,5010.03,38.0
2022-04-25,North America,Food & Beverage,9492.41,3294.61,
2023-07-02,North America,Sports,3197.4,829.1,45.0
2022-03-01,North America,Electronics,935.75,174.84,2.0
2022-06-19,LATAM,Home & Garden,3852.53,893.08,40.0
2023-07-28,APAC,Sports,979.46,266.15,7.0
2024-06-09,LATAM,Beauty,355.56,53.72,6.0
2024-08-20,APAC,Home & Garden,16246.75,4793.15,42.0
2024-07-05,Middle East,Sports,4011.76,1018.6,13.0
2023-07-22,Middle East,Beauty,487.39,123.37,17.0
2023-03-13,LATAM,Sports,10152.04,2952.99,22.0
2022-04-06,EMEA,Sports,8720.13,2612.41,24.0
2022-11-05,Middle East,Electronics,,51.05,15.0
2022-04-13,North America,Beauty,3910.7,1028.31,34.0
2022-04-27,EMEA,Apparel,3505.99,1066.24,14.0
2022-09-30,Middle East,Beauty,9484.91,1865.51,22.0
2023-08-01,North America,Apparel,288.97,104.95,1.0
2023-03-15,APAC,Electronics,16411.85,4324.75,41.0
2024-02-25,Middle East,Home & Garden,3392.67,626.64,28.0
2022-07-06,North America,Electronics,7417.86,483.7,19.0
2024-05-25,APAC,Food & Beverage,16167.96,1864.01,34.0
2023-08-30,Middle East,Sports,22367.18,2665.88,44.0
2023-01-03,North America,Beauty,10795.12,575.54,37.0
2023-09-02,APAC,Electronics,14909.48,3969.57,34.0
2022-03-31,LATAM,Electronics,16380.02,1082.38,36.0
2022-05-21,EMEA,Apparel,9067.23,1811.75,37.0
2024-08-13,North America,Beauty,6584.55,1501.69,48.0
2024-10-15,APAC,Beauty,12196.12,3205.24,33.0
2023-06-26,LATAM,Beauty,4829.14,1140.58,12.0
2024-10-06,EMEA,Home & Garden,9180.08,2430.58,29.0
2023-03-04,APAC,Sports,1533.73,100.58,4.0
2023-02-17,North America,Apparel,21307.58,6191.18,40.0
2024-02-26,Middle East,Beauty,1183.86,146.85,19.0
2023-12-17,Middle East,Sports,1578.34,380.62,7.0
2023-08-27,North America,Sports,10221.38,2934.83,43.0
2023-05-24,Middle East,Beauty,17463.51,2632.72,40.0
2024-09-11,LATAM,Sports,4558.59,321.03,12.0
2022-08-02,LATAM,Beauty,9493.07,3529.66,27.0
2022-07-12,LATAM,Home & Garden,8349.5,462.82,46.0
2023-08-20,APAC,Electronics,6440.92,2273.13,15.0
2024-04-14,EMEA,Beauty,14022.7,2419.71,39.0
2023-04-29,Middle East,Sports,21970.27,3224.86,48.0
2023-03-04,Middle East,Home & Garden,12169.18,1697.11,32.0
2023-06-09,APAC,Beauty,15043.12,2638.66,36.0
2022-12-15,North America,Home & Garden,6669.86,1588.32,13.0
2023-12-22,North America,Apparel,1224.94,421.86,11.0
2022-06-22,EMEA,Home & Garden,4055.44,444.07,24.0
2022-10-03,LATAM,Home & Garden,8250.29,805.12,24.0
2024-03-17,Middle East,Electronics,248.9,82.12,1.0
2023-10-01,North America,Beauty,4950.14,830.04,22.0
2022-04-12,EMEA,Home & Garden,2302.89,750.84,20.0
2024-10-06,APAC,Apparel,4456.07,1127.6,19.0
2022-02-21,EMEA,Beauty,1053.17,399.03,19.0
2024-12-21,LATAM,Beauty,11514.76,2327.36,32.0
2023-06-08,LATAM,Sports,5761.38,886.64,26.0
2024-08-28,EMEA,Electronics,15048.37,3271.56,42.0
2022-06-23,LATAM,Home & Garden,18222.34,5312.46,42.0
2022-06-30,North America,Food & Beverage,2316.18,335.71,11.0
2022-03-07,EMEA,Beauty,264.6,62.64,11.0
2023-05-07,North America,Apparel,6382.63,1932.98,24.0
2024-05-05,APAC,Beauty,2211.75,661.63,13.0
2022-09-20,LATAM,Food & Beverage,13270.14,3499.22,48.0
2024-02-07,APAC,Food & Beverage,12335.04,1940.46,30.0
2022-11-27,APAC,Food & Beverage,9474.2,552.71,48.0
2022-05-12,APAC,Electronics,15923.84,1617.79,40.0
2023-10-26,APAC,Food & Beverage,16090.21,2373.36,38.0
2024-02-09,EMEA,Home & Garden,4355.15,1478.11,31.0
2024-07-10,LATAM,Electronics,1312.12,84.69,8.0
2023-05-29,North America,Home & Garden,2113.17,135.38,18.0
2023-09-12,APAC,Food & Beverage,594.33,141.38,36.0
2023-01-02,LATAM,Electronics,11249.73,813.81,29.0
2024-11-16,North America,Sports,18730.9,6433.03,42.0
2023-04-01,LATAM,Food & Beverage,13772.24,1571.66,46.0
2023-02-09,APAC,Beauty,13504.29,1545.86,26.0
2023-08-30,Middle East,Electronics,5926.54,713.15,15.0
2023-03-06,EMEA,Electronics,11687.36,2107.52,34.0
2022-02-28,APAC,Electronics,5748.24,1831.07,38.0
2022-04-16,Middle East,Apparel,6876.67,908.32,48.0
2024-08-27,North America,Beauty,2839.77,877.32,17.0
2023-08-01,North America,Food & Beverage,17645.19,4765.52,42.0
2023-08-19,APAC,Apparel,14067.1,2878.42,30.0
2023-10-18,LATAM,Home & Garden,2549.84,545.34,19.0
2023-09-19,EMEA,Apparel,7013.9,2522.66,27.0
2024-05-20,EMEA,Sports,3248.78,885.04,41.0
2023-04-02,APAC,Sports,8608.75,2335.9,20.0
2024-04-18,EMEA,Beauty,5332.21,1844.76,31.0
2022-07-13,North America,Home & Garden,11166.54,2045.29,28.0
2022-10-01,LATAM,Sports,2116.82,652.41,15.0
2022-03-20,APAC,Apparel,3699.11,602.74,33.0
2022-11-01,EMEA,Sports,2962.5,788.36,9.0
2023-01-31,EMEA,Apparel,9410.84,2711.94,22.0
2022-12-23,Middle East,Electronics,11704.85,3918.34,44.0
2023-06-02,North America,Apparel,4447.38,1136.83,13.0
2022-01-31,EMEA,Food & Beverage,2090.52,395.92,7.0
2024-06-19,LATAM,Sports,1515.69,563.12,11.0
2023-01-28,EMEA,Home & Garden,12185.34,2934.45,46.0
2022-09-26,EMEA,Food & Beverage,1090.4,358.53,45.0
2022-11-28,North America,Home & Garden,6463.01,1184.17,18.0
2024-05-10,EMEA,Apparel,650.33,160.09,13.0
2022-05-15,North America,Electronics,11812.44,,32.0
2024-04-30,APAC,Electronics,2327.89,357.72,5.0
2023-02-01,APAC,Home & Garden,537.55,177.91,5.0
2023-07-26,LATAM,Food & Beverage,8455.94,1705.83,22.0
2023-05-18,Middle East,Apparel,2757.35,478.82,28.0
2022-09-19,North America,Home & Garden,3674.38,1203.48,48.0
2023-03-12,LATAM,Electronics,863.59,49.51,9.0
2023-08-06,LATAM,Home & Garden,1003.42,280.33,22.0
2024-05-21,APAC,Beauty,214.0,72.9,4.0
2024-05-18,EMEA,Electronics,8954.94,1005.16,
2024-07-21,EMEA,Electronics,14603.58,3036.14,35.0
2023-09-13,North America,Food & Beverage,699.86,125.64,5.0
2022-08-13,APAC,Sports,6393.9,1700.95,16.0
2024-06-03,Middle East,Electronics,1000.87,113.6,15.0
2022-02-05,Middle East,Food & Beverage,20655.48,2238.71,49.0
2024-07-27,EMEA,Food & Beverage,4712.85,1097.32,9.0
2023-09-06,Middle East,Home & Garden,4924.4,812.16,16.0
2024-02-07,EMEA,Apparel,5253.42,1126.76,15.0
2023-06-30,North America,Sports,1584.18,420.91,13.0
2024-08-07,EMEA,Apparel,3237.0,308.45,11.0
2024-03-29,North America,Beauty,1828.51,586.95,4.0
2022-07-15,EMEA,Sports,5502.63,1859.77,13.0
2022-01-03,North America,Beauty,5851.56,2006.86,12.0
2024-09-10,EMEA,Apparel,10349.17,3574.39,32.0
2022-03-12,Middle East,Beauty,5091.82,799.41,34.0
2022-11-12,Middle East,Apparel,1499.08,136.47,12.0
2022-03-08,APAC,Beauty,3792.79,747.01,38.0
2023-06-04,EMEA,Food & Beverage,1641.34,578.01,6.0
2023-01-27,LATAM,Food & Beverage,15918.43,4635.01,34.0
2023-01-28,North America,Food & Beverage,8289.42,,25.0
2022-03-31,APAC,Home & Garden,4021.77,1011.67,11.0
2022-08-06,APAC,Apparel,5833.32,848.24,23.0
2022-11-11,LATAM,Apparel,2960.84,939.29,43.0
2023-09-28,EMEA,Food & Beverage,8827.64,888.54,34.0
2024-03-10,EMEA,Food & Beverage,8432.6,1721.28,27.0
2024-02-25,APAC,Home & Garden,3788.44,1125.19,35.0
2023-11-09,LATAM,Sports,2542.62,629.32,29.0
2024-02-23,Middle East,Food & Beverage,7692.88,2915.07,37.0
2022-06-14,North America,Electronics,8944.83,2851.02,48.0
2023-02-14,EMEA,Electronics,826.38,195.76,47.0
2023-06-01,APAC,Electronics,1767.58,369.09,16.0
2022-05-15,APAC,Home & Garden,19622.61,7327.97,45.0
2022-07-08,APAC,Electronics,8102.95,767.95,21.0
2022-07-29,Middle East,Apparel,3668.15,1087.22,12.0
2024-04-28,LATAM,Sports,682.5,223.07,35.0
2022-04-26,LATAM,Food & Beverage,13210.91,3870.17,33.0
2022-11-02,EMEA,Food & Beverage,15531.22,5803.08,29.0
2022-09-28,APAC,Apparel,6495.06,1463.29,29.0
2022-03-30,EMEA,Apparel,311.14,108.54,1.0
2022-06-23,EMEA,Beauty,1212.0,297.7,21.0
2024-12-31,LATAM,Beauty,8671.66,2464.14,26.0
2024-03-16,North America,Home & Garden,2127.43,116.46,5.0
2024-12-23,APAC,Electronics,11395.72,1852.59,30.0
2023-12-24,North America,Beauty,3674.92,1151.28,26.0
2022-04-07,APAC,Beauty,195.9,32.69,1.0
2022-06-01,LATAM,Apparel,59.16,18.13,1.0
2024-01-12,LATAM,Electronics,6265.22,1838.21,14.0
2023-08-01,Middle East,Home & Garden,8777.35,649.11,19.0
2024-01-25,Middle East,Sports,217.97,45.53,6.0
2022-10-10,Middle East,Electronics,3752.13,375.59,25.0
2022-11-17,LATAM,Home & Garden,1807.63,586.05,4.0
2022-04-20,APAC,Sports,4832.72,410.11,10.0
2023-07-31,Middle East,Electronics,17774.79,1771.76,47.0
2023-09-25,APAC,Electronics,7327.66,2072.8,19.0
2023-02-17,Middle East,Beauty,19338.02,5696.83,43.0
2023-10-18,APAC,Sports,8128.04,1273.18,42.0
2022-05-24,Middle East,Electronics,109.58,35.41,2.0
2022-07-13,Middle East,Electronics,1107.65,111.35,15.0
2023-05-25,LATAM,Electronics,10250.37,806.0,43.0
2022-11-20,North America,Beauty,14926.29,4470.39,40.0
2022-11-25,EMEA,Electronics,13183.09,3713.31,27.0
2024-04-25,LATAM,Beauty,2292.36,185.85,19.0
2024-12-02,Middle East,Beauty,11802.72,3555.12,27.0
2022-08-05,North America,Electronics,3224.07,913.41,36.0
2024-06-20,APAC,Electronics,4165.14,721.96,34.0
2023-10-06,Middle East,Apparel,1976.8,705.06,5.0
2024-10-04,LATAM,Electronics,8729.42,450.21,20.0
2024-12-21,APAC,Beauty,6336.54,949.55,28.0
2023-08-09,LATAM,Apparel,6951.98,2142.46,17.0
2023-07-07,APAC,Food & Beverage,4841.63,1006.01,23.0
2024-02-14,APAC,Apparel,5681.14,1449.5,14.0
2024-01-02,APAC,Home & Garden,6736.83,347.27,15.0
2023-04-02,LATAM,Home & Garden,7288.82,2354.66,20.0
2022-02-28,LATAM,Beauty,13202.72,2573.92,
2023-08-07,LATAM,Electronics,11040.27,2135.96,41.0
2022-04-08,LATAM,Beauty,5801.7,1787.02,12.0
2022-08-05,LATAM,Apparel,1475.76,310.7,11.0
2022-07-20,Middle East,Food & Beverage,8766.31,1663.43,23.0
2022-08-23,North America,Electronics,6040.82,458.28,22.0
2022-06-28,APAC,Beauty,7270.71,1033.29,27.0
2023-10-28,APAC,Apparel,1239.84,215.54,3.0
2024-03-11,North America,Apparel,16698.6,4549.97,41.0
2023-07-03,Middle East,Home & Garden,224.48,21.67,1.0
2022-01-18,LATAM,Home & Garden,11925.74,3708.51,24.0
2023-04-10,Middle East,Apparel,6471.49,830.91,41.0
2022-08-26,LATAM,Sports,13942.4,2393.97,46.0
2022-06-15,Middle East,Apparel,6838.97,500.87,16.0
2024-01-07,LATAM,Sports,2960.43,307.83,40.0
2022-07-13,APAC,Sports,717.34,228.14,31.0
2022-08-13,Middle East,Apparel,5362.16,1635.0,25.0
2024-03-19,EMEA,Sports,4681.54,998.09,11.0
2022-01-06,North America,Electronics,2356.21,309.48,16.0
2022-12-26,EMEA,Apparel,15848.74,3070.34,37.0
2024-08-26,North America,Apparel,8540.87,2392.02,22.0
2023-12-06,North America,Apparel,6622.37,2417.5,28.0
2022-06-02,APAC,Apparel,7283.15,1661.46,34.0
2022-04-18,APAC,Food & Beverage,1395.07,132.56,48.0
2022-04-01,North America,Apparel,1828.4,343.92,12.0
2022-09-05,LATAM,Electronics,2034.92,410.21,32.0
2022-02-14,LATAM,Sports,1307.39,400.91,11.0
2023-01-02,EMEA,Electronics,6210.01,446.59,18.0
2022-07-27,North America,Apparel,8913.28,2213.89,17.0
2022-10-08,LATAM,Home & Garden,5855.03,2129.21,14.0
2022-05-14,APAC,Food & Beverage,2759.3,430.96,6.0
2022-06-06,EMEA,Electronics,3064.95,1023.28,49.0
2024-01-07,EMEA,Food & Beverage,18960.73,6437.87,42.0
2022-08-16,North America,Apparel,11536.95,1755.26,41.0
2022-07-03,EMEA,Beauty,13907.53,3707.81,47.0
2022-03-20,North America,Beauty,13727.59,4192.59,48.0
2024-08-25,Middle East,Electronics,15296.39,3664.69,31.0
2024-06-13,EMEA,Sports,1064.82,248.39,11.0
2023-01-07,LATAM,Apparel,10384.92,2130.58,22.0
2022-06-06,EMEA,Apparel,543.19,127.7,4.0
2023-01-29,Middle East,Home & Garden,3332.59,488.41,10.0
2022-05-05,North America,Sports,20556.22,3603.67,48.0
2022-10-10,North America,Electronics,2542.45,394.24,22.0
2022-12-22,APAC,Home & Garden,2356.83,304.06,14.0
2023-09-17,APAC,Sports,11982.04,3548.44,41.0
2024-12-30,Middle East,Apparel,3494.44,696.17,16.0
2023-07-22,LATAM,Home & Garden,6615.89,2301.04,18.0
2023-04-08,EMEA,Sports,7564.66,1852.09,39.0
2024-10-27,EMEA,Apparel,3156.38,632.86,8.0
2024-06-15,APAC,Beauty,741.67,144.32,22.0
2024-12-26,APAC,Apparel,489.95,102.62,3.0
2022-02-10,North America,Electronics,128.86,39.67,2.0
2024-02-12,Middle East,Home & Garden,7184.04,546.74,49.0
2022-08-31,Middle East,Home & Garden,,1452.68,21.0
2023-01-30,LATAM,Electronics,1212.08,314.13,10.0
2023-08-15,North America,Home & Garden,12431.44,1470.27,48.0
2022-05-18,Middle East,Home & Garden,4374.9,821.23,35.0
2022-08-02,North America,Sports,21772.07,3840.35,45.0
2023-11-27,APAC,Apparel,2315.74,852.5,18.0
2024-06-05,North America,Home & Garden,2837.44,204.86,13.0
2024-06-23,Middle East,Home & Garden,22892.57,7588.23,47.0
2023-07-01,EMEA,Sports,19987.95,6783.78,44.0
2023-12-25,EMEA,Food & Beverage,3801.94,792.13,12.0
2023-08-24,EMEA,Apparel,11066.73,3338.88,30.0
2024-02-08,LATAM,Apparel,7137.54,549.66,20.0
2023-05-28,Middle East,Home & Garden,9631.89,611.28,22.0
2023-05-15,Middle East,Apparel,10059.13,,22.0
2024-09-29,Middle East,Sports,11929.77,3811.61,26.0
2024-07-07,APAC,Sports,12426.34,1485.15,49.0
2024-02-05,Middle East,Beauty,5844.46,2000.72,24.0
2023-02-28,EMEA,Electronics,4576.53,450.38,18.0
2022-12-19,APAC,Food & Beverage,407.03,119.91,10.0
2024-03-24,Middle East,Beauty,1401.27,260.38,39.0
2023-03-30,EMEA,Electronics,2964.29,,36.0
2024-03-08,North America,Beauty,3159.26,801.27,17.0
2024-10-25,Middle East,Sports,4100.3,756.48,21.0
2023-05-04,EMEA,Beauty,1304.55,377.1,18.0
2023-03-07,LATAM,Apparel,7932.3,1634.48,48.0
2022-03-08,EMEA,Home & Garden,11806.37,1457.35,31.0
2024-05-16,EMEA,Apparel,10891.61,3594.75,34.0
2024-10-01,North America,Electronics,1447.78,485.2,19.0
2023-01-27,LATAM,Food & Beverage,4679.54,813.59,46.0
2022-12-07,LATAM,Beauty,17739.93,2488.02,33.0
2024-06-08,LATAM,Food & Beverage,11544.06,3254.5,25.0
2024-03-18,EMEA,Food & Beverage,537.52,91.0,18.0
2024-09-20,EMEA,Apparel,19292.82,5530.09,43.0
2023-03-26,Middle East,Food & Beverage,1567.41,319.23,39.0
2023-09-10,North America,Food & Beverage,20106.12,1709.66,43.0
2023-07-17,EMEA,Electronics,11067.35,1358.32,42.0
2023-06-21,EMEA,Home & Garden,1988.23,333.45,36.0
2022-02-15,North America,Food & Beverage,4984.11,1302.11,17.0
2023-09-12,Middle East,Home & Garden,11761.3,3377.49,44.0
2024-05-03,APAC,Apparel,3156.3,,44.0
2023-10-16,Middle East,Beauty,1121.03,274.4,40.0
2022-12-19,APAC,Apparel,17049.57,2919.46,48.0
2023-08-20,EMEA,Apparel,3830.15,569.53,21.0
2022-05-14,LATAM,Apparel,4624.37,955.24,26.0
2024-10-14,EMEA,Food & Beverage,15845.65,1438.48,31.0
2023-04-04,North America,Sports,10265.52,1956.49,22.0
2024-04-13,Middle East,Apparel,3439.63,475.7,46.0
2024-11-18,LATAM,Food & Beverage,17481.76,4648.76,42.0
2024-10-12,LATAM,Home & Garden,6898.95,1718.48,17.0
2023-07-22,APAC,Food & Beverage,2510.85,232.62,8.0
2022-11-15,North America,Home & Garden,15052.2,4620.93,41.0
2023-11-20,APAC,Apparel,7008.23,462.72,36.0
2024-08-16,LATAM,Home & Garden,12148.35,2821.55,36.0
2022-06-27,Middle East,Food & Beverage,11611.26,2226.42,25.0
2024-12-22,APAC,Sports,9106.49,1193.88,35.0
2024-07-23,EMEA,Electronics,18399.41,5444.15,42.0
2024-08-23,EMEA,Home & Garden,417.92,157.93,2.0
2024-04-23,North America,Electronics,7561.79,1388.95,34.0
2022-08-25,North America,Beauty,5414.99,907.3,24.0
2022-01-14,North America,Electronics,9726.13,507.61,23.0
2024-07-23,EMEA,Beauty,12748.15,1040.57,47.0
2022-08-04,LATAM,Home & Garden,345.62,22.17,5.0
2022-01-04,APAC,Sports,4081.03,835.87,17.0
2023-03-30,Middle East,Apparel,5710.23,1601.57,21.0
2022-01-26,LATAM,Food & Beverage,3305.16,407.48,8.0
2022-04-24,EMEA,Home & Garden,4844.46,1661.47,24.0
2022-09-20,LATAM,Beauty,5701.6,2101.01,16.0
2024-03-01,EMEA,Apparel,8003.72,2902.07,25.0
2024-01-02,North America,Sports,141.88,44.67,1.0
2023-12-05,LATAM,Sports,2791.78,808.14,12.0
2023-02-21,Middle East,Home & Garden,2278.83,475.98,22.0
2022-10-20,North America,Electronics,19394.4,5202.34,37.0
2022-01-23,APAC,Apparel,11776.9,4068.04,41.0
2023-04-11,APAC,Sports,999.58,337.5,10.0
2023-12-21,APAC,Home & Garden,9559.76,2548.33,36.0
2022-07-09,Middle East,Food & Beverage,2521.35,684.58,42.0
2024-11-29,LATAM,Electronics,8771.47,2642.82,48.0
2023-04-26,North America,Beauty,14143.47,2530.62,42.0
2024-11-25,APAC,Food & Beverage,989.23,142.24,25.0
2023-10-10,EMEA,Apparel,5533.49,977.73,48.0
2024-11-25,EMEA,Beauty,4199.92,1536.95,16.0
2024-06-04,North America,Beauty,1047.24,247.76,10.0
2023-06-30,LATAM,Electronics,8478.74,2990.43,24.0
2024-02-18,EMEA,Food & Beverage,3130.4,376.7,23.0
2023-10-08,LATAM,Beauty,14426.22,2546.76,37.0
2023-04-12,North America,Home & Garden,14842.1,4915.01,28.0
2024-06-02,LATAM,Electronics,1706.3,328.33,6.0
2024-02-01,APAC,Beauty,2583.39,859.52,12.0
2022-11-13,Middle East,Apparel,620.59,232.34,5.0
2022-03-12,EMEA,Electronics,1058.06,285.01,12.0
2023-01-19,LATAM,Beauty,3850.27,713.52,12.0
2024-04-02,APAC,Beauty,7580.54,1874.57,18.0
2023-03-09,APAC,Apparel,2026.66,389.63,13.0
2024-09-25,APAC,Apparel,2767.56,753.28,6.0
2024-06-12,EMEA,Home & Garden,3315.24,1081.95,31.0
2024-02-06,North America,Electronics,1846.25,574.19,12.0
2024-03-01,LATAM,Sports,2152.08,172.57,40.0
2024-03-06,Middle East,Beauty,1443.5,286.69,22.0
2024-08-04,LATAM,Sports,3195.44,343.44,11.0
2023-06-01,LATAM,Beauty,14984.06,1135.86,29.0
2023-09-07,Middle East,Home & Garden,12448.37,2625.66,49.0
2022-10-19,Middle East,Electronics,12264.17,,38.0
2024-12-05,EMEA,Beauty,20284.19,4959.55,46.0
2024-01-12,Middle East,Beauty,11943.91,2510.2,48.0
2022-02-03,Middle East,Food & Beverage,1157.59,244.32,35.0
2024-03-11,EMEA,Home & Garden,620.29,131.54,10.0
2024-04-15,Middle East,Apparel,11772.82,2856.83,48.0
2024-03-08,North America,Home & Garden,1761.43,223.98,18.0
2022-06-07,Middle East,Food & Beverage,5774.46,796.51,32.0
2024-07-14,North America,Apparel,3101.38,163.92,40.0
2022-12-21,LATAM,Electronics,12685.38,726.47,40.0
2023-09-16,North America,Electronics,2715.97,287.5,11.0
2022-05-22,EMEA,Sports,4799.63,1613.5,11.0
2023-10-10,North America,Apparel,1844.28,234.27,48.0
2022-06-10,EMEA,Sports,2543.09,712.34,17.0
2022-11-27,EMEA,Sports,8315.29,894.95,19.0
2024-10-26,North America,Home & Garden,3610.58,514.03,38.0
2023-05-29,APAC,Home & Garden,4625.52,1134.83,49.0
2022-11-11,North America,Sports,1927.07,321.51,12.0
2023-02-21,APAC,Beauty,12215.61,4348.47,31.0
2023-08-05,North America,Apparel,1275.71,239.2,11.0
2024-05-28,LATAM,Food & Beverage,3812.74,566.09,9.0
2023-12-15,EMEA,Electronics,4372.09,809.48,25.0
2022-01-23,LATAM,Sports,117.69,43.99,9.0
2023-01-11,North America,Sports,2452.19,855.96,7.0
2024-01-02,LATAM,Electronics,22911.75,3978.94,48.0
2022-10-09,EMEA,Electronics,11817.4,3121.91,37.0
2023-07-31,LATAM,Sports,10486.27,3385.52,30.0
2023-07-09,EMEA,Electronics,8663.49,1537.44,40.0
2024-12-06,LATAM,Home & Garden,5267.11,1235.32,11.0
2023-11-11,LATAM,Food & Beverage,21445.4,7709.94,39.0
2022-07-26,APAC,Food & Beverage,3822.33,672.81,33.0
2022-08-02,EMEA,Beauty,4548.96,954.6,13.0
2022-12-09,EMEA,Home & Garden,9399.58,996.53,22.0
2024-04-03,LATAM,Food & Beverage,607.72,80.92,21.0
2024-01-31,North America,Apparel,15100.86,3953.31,42.0
2024-01-10,APAC,Sports,9080.81,1300.97,40.0
2022-04-15,North America,Beauty,7643.95,1491.35,34.0
2024-01-31,Middle East,Food & Beverage,6400.14,1718.78,20.0
2022-11-24,North America,Food & Beverage,3070.5,521.05,11.0
2022-05-24,Middle East,Sports,4444.03,1109.31,19.0
2022-12-19,APAC,Electronics,10423.14,3047.26,35.0
2023-06-01,Middle East,Home & Garden,14453.04,4063.4,37.0
2024-12-25,North America,Sports,8859.79,2425.42,34.0
2024-09-16,North America,Electronics,3906.31,426.0,23.0
2024-08-21,EMEA,Electronics,1886.47,676.82,5.0
2024-07-27,North America,Sports,80.77,12.98,2.0
2023-05-11,EMEA,Sports,7088.15,1772.57,34.0
2024-04-16,North America,Food & Beverage,18353.97,2284.89,47.0
2024-08-13,Middle East,Apparel,5432.12,1342.33,40.0
2024-06-04,Middle East,Sports,8239.37,1433.71,48.0
2023-08-31,North America,Sports,10372.09,3620.03,34.0
2022-10-28,LATAM,Sports,2971.27,399.32,32.0
2022-11-10,Middle East,Electronics,21639.0,2654.97,49.0
2023-10-29,Middle East,Sports,4650.34,922.21,25.0
2023-08-03,Middle East,Sports,17761.99,992.48,41.0
2023-11-18,North America,Electronics,1308.5,350.38,14.0
2023-12-21,EMEA,Electronics,396.97,25.52,2.0
2023-05-07,LATAM,Home & Garden,3750.31,308.43,31.0
2024-01-10,Middle East,Electronics,15673.41,907.17,49.0
2023-03-18,EMEA,Apparel,2345.99,170.97,44.0
2022-02-08,LATAM,Electronics,3074.3,155.34,8.0
2023-03-20,LATAM,Apparel,18925.73,3122.95,47.0
2023-08-23,EMEA,Beauty,4419.89,462.32,32.0
2022-09-01,APAC,Sports,7422.98,1713.63,24.0
2022-02-11,Middle East,Beauty,1289.2,482.56,40.0
2022-03-26,APAC,Electronics,9408.29,2604.0,19.0
2022-11-02,EMEA,Apparel,2687.08,161.6,10.0
2024-03-30,APAC,Apparel,15671.27,1823.82,49.0
2023-06-27,EMEA,Home & Garden,16489.04,3390.41,42.0
2024-06-08,Middle East,Home & Garden,4367.16,996.87,13.0
2022-12-15,APAC,Electronics,491.11,104.88,20.0
2022-05-15,EMEA,Beauty,5969.93,1908.15,13.0
2023-10-19,APAC,Home & Garden,4769.82,1461.62,17.0
2023-06-02,North America,Home & Garden,9003.05,1972.61,44.0
2023-03-18,Middle East,Food & Beverage,892.65,198.93,35.0
2023-12-23,EMEA,Beauty,6613.1,1898.08,27.0
2022-08-05,APAC,Beauty,13691.13,4067.73,36.0
2024-11-01,APAC,Home & Garden,8583.89,2137.84,27.0
2023-05-14,North America,Electronics,614.46,214.16,38.0
2022-04-20,North America,Electronics,375.86,48.7,8.0
2024-07-12,APAC,Sports,3375.36,399.21,23.0
2023-06-20,LATAM,Home & Garden,3268.37,612.95,35.0
2024-07-15,LATAM,Home & Garden,9318.1,3490.67,32.0
2024-06-27,North America,Food & Beverage,20540.63,5649.57,49.0
2022-10-10,LATAM,Food & Beverage,5688.18,1484.71,48.0
2023-05-22,North America,Electronics,11649.52,587.73,36.0
2024-10-29,APAC,Beauty,1748.51,371.9,23.0
2023-12-13,APAC,Apparel,11086.23,4060.12,32.0
2022-06-10,EMEA,Electronics,1422.61,177.95,18.0
2023-05-16,EMEA,Food & Beverage,1225.34,308.36,4.0
2024-08-10,Middle East,Home & Garden,5648.93,698.47,33.0
2024-03-07,North America,Beauty,3956.71,686.6,14.0
2022-10-27,North America,Home & Garden,14664.08,1367.94,33.0
2024-06-13,APAC,Apparel,6671.28,1951.7,28.0
2022-05-07,EMEA,Electronics,5511.52,2000.56,29.0
2022-02-10,North America,Sports,13672.55,1752.31,47.0
2023-11-22,North America,Home & Garden,3246.49,297.93,25.0
2023-10-14,APAC,Beauty,1029.4,239.77,2.0
2022-12-16,LATAM,Electronics,8341.92,561.0,23.0
2022-10-19,APAC,Food & Beverage,2226.68,516.77,9.0
2022-06-18,APAC,Apparel,44.25,5.48,3.0
2022-02-11,LATAM,Food & Beverage,10716.23,2820.46,24.0
2023-06-29,EMEA,Beauty,1358.53,296.05,12.0
2022-04-02,LATAM,Apparel,168.51,19.52,1.0
2024-02-08,LATAM,Electronics,653.67,163.76,3.0
2023-09-27,LATAM,Food & Beverage,1908.4,481.89,6.0
2022-01-25,North America,Beauty,4148.7,1193.94,22.0
2024-12-01,North America,Beauty,5275.92,744.29,23.0
2024-02-01,North America,Food & Beverage,17021.58,1822.88,45.0
2023-08-06,Middle East,Electronics,10881.45,2763.44,31.0
2023-04-03,North America,Apparel,18343.1,5512.23,41.0
2023-05-23,APAC,Sports,2623.19,868.95,43.0
2024-03-21,APAC,Food & Beverage,11789.61,4232.11,28.0
2023-12-05,LATAM,Electronics,3126.06,592.59,38.0
2023-07-09,Middle East,Beauty,2852.54,476.73,25.0
2023-03-28,APAC,Apparel,3638.14,418.84,21.0
2024-11-19,Middle East,Home & Garden,3158.59,407.57,10.0
2022-11-27,Middle East,Electronics,199.45,55.13,2.0
2024-09-03,EMEA,Apparel,1602.11,452.4,17.0
2024-09-09,APAC,Food & Beverage,954.82,96.28,36.0
2023-01-15,North America,Beauty,96.12,11.08,5.0
2024-06-13,LATAM,Sports,8289.39,1841.46,16.0
2023-08-27,APAC,Beauty,2274.87,681.51,15.0
2023-05-04,LATAM,Apparel,2367.24,157.23,16.0
2024-06-21,EMEA,Apparel,64.94,10.73,3.0
2023-05-10,LATAM,Beauty,1773.91,482.54,5.0
2023-08-07,LATAM,Food & Beverage,1524.24,578.57,47.0
2022-10-14,LATAM,Food & Beverage,3822.58,1184.25,16.0
2024-12-03,EMEA,Food & Beverage,1549.05,309.74,22.0
2022-03-11,North America,Sports,2554.8,189.02,18.0
2023-06-04,EMEA,Sports,636.21,127.81,40.0
2024-10-16,Middle East,Home & Garden,3286.74,495.29,35.0
2023-07-30,APAC,Sports,5563.89,665.76,13.0
2024-07-19,LATAM,Home & Garden,1828.43,533.98,18.0
2023-11-12,LATAM,Food & Beverage,2119.29,580.2,41.0
2022-06-17,North America,Home & Garden,12659.19,3631.35,30.0
2022-11-12,Middle East,Electronics,716.63,240.54,28.0
2022-03-01,Middle East,Home & Garden,15199.34,4767.95,37.0
2024-06-01,EMEA,Sports,1550.2,293.69,4.0
2023-05-10,APAC,Home & Garden,328.78,34.61,2.0
2022-03-09,Middle East,Electronics,6451.65,675.85,23.0
2024-07-04,LATAM,Sports,12994.65,765.78,29.0
2022-03-24,APAC,Home & Garden,274.53,58.85,24.0
2022-06-12,APAC,Home & Garden,1378.46,305.5,9.0
2023-04-15,EMEA,Sports,2055.72,633.63,37.0
2022-09-22,LATAM,Beauty,111.53,14.88,4.0
2022-02-08,North America,Food & Beverage,923.32,112.42,23.0
2022-09-26,APAC,Electronics,7117.02,2421.26,16.0
2023-12-24,EMEA,Apparel,2505.22,512.56,6.0
2022-10-14,LATAM,Electronics,7080.17,432.13,48.0
2023-08-07,North America,Electronics,276.7,16.22,6.0
2024-05-13,North America,Sports,5304.94,1282.35,35.0
2023-10-15,North America,Sports,512.06,79.31,13.0
2022-05-07,Middle East,Apparel,16877.53,3734.94,31.0
2023-05-06,LATAM,Sports,625.33,89.46,30.0
2022-05-05,North America,Electronics,11938.4,1970.55,42.0
2024-07-21,North America,Food & Beverage,2418.93,656.91,6.0
2024-03-17,LATAM,Beauty,2883.97,1016.17,40.0
2024-04-20,APAC,Beauty,3193.68,1036.3,20.0
2024-03-04,North America,Home & Garden,2732.68,763.84,7.0
2022-12-21,North America,Electronics,4433.56,1563.97,26.0
2023-05-06,EMEA,Electronics,4286.2,1082.94,12.0
2022-08-25,North America,Home & Garden,2790.39,145.22,46.0
2022-10-31,EMEA,Food & Beverage,5327.77,1916.95,39.0
2022-02-14,LATAM,Home & Garden,2991.45,1122.96,40.0
2023-10-03,North America,Home & Garden,1832.77,575.92,6.0
2023-02-04,EMEA,Apparel,210.15,76.5,9.0
2023-06-23,North America,Home & Garden,3798.19,667.89,13.0
2024-10-09,Middle East,Sports,1248.75,309.88,40.0
2024-10-26,EMEA,Home & Garden,594.55,160.71,2.0
2022-06-19,North America,Beauty,10955.95,1627.75,40.0
2023-11-07,Middle East,Electronics,16942.64,4431.74,38.0
2022-06-20,APAC,Sports,1346.26,409.7,4.0
2022-01-22,APAC,Sports,3005.04,1085.74,8.0
2024-04-30,APAC,Beauty,3484.01,1129.74,7.0
2024-07-28,LATAM,Home & Garden,5137.29,650.73,35.0
2024-10-25,EMEA,Apparel,273.44,27.89,1.0
2023-03-18,North America,Home & Garden,10906.01,2655.25,24.0
2022-03-03,EMEA,Food & Beverage,5623.82,831.14,20.0
2023-09-12,Middle East,Apparel,11448.92,4240.21,30.0
2023-07-14,EMEA,Apparel,11493.29,1157.76,40.0
2022-05-02,APAC,Electronics,3378.96,694.22,33.0
2023-05-24,EMEA,Beauty,2300.41,516.59,9.0
2022-04-15,Middle East,Apparel,9517.28,2506.05,30.0
2023-01-11,North America,Beauty,1261.03,203.12,24.0
2024-06-21,EMEA,Sports,12012.22,1109.4,
2024-11-13,North America,Apparel,8763.11,481.07,18.0
2024-04-27,North America,Sports,906.61,272.61,3.0
2023-01-22,Middle East,Home & Garden,3989.39,926.17,35.0
2022-03-29,EMEA,Electronics,11766.55,2362.67,33.0
2022-04-19,LATAM,Food & Beverage,6493.73,2199.76,37.0
2023-04-29,LATAM,Beauty,341.5,103.34,15.0
2024-10-25,Middle East,Beauty,4020.69,1258.45,13.0
2024-05-15,EMEA,Food & Beverage,3216.7,198.14,30.0
2024-04-10,LATAM,Apparel,722.52,93.47,48.0
2024-07-16,EMEA,Food & Beverage,12829.58,2567.71,35.0
2023-06-06,EMEA,Sports,1176.12,172.56,5.0
2022-06-15,LATAM,Sports,635.86,77.06,4.0
2022-04-27,LATAM,Beauty,923.12,248.53,16.0
2023-06-14,Middle East,Sports,1395.43,264.11,13.0
2024-12-23,Middle East,Beauty,1975.08,726.51,11.0
2024-08-28,APAC,Electronics,4402.13,1187.12,21.0
2024-07-04,Middle East,Home & Garden,1692.86,482.61,10.0
2024-12-26,North America,Beauty,1896.24,219.28,
2022-05-05,North America,Electronics,4616.54,1584.05,28.0
2023-07-30,Middle East,Food & Beverage,404.14,50.78,2.0
2024-06-09,North America,Home & Garden,1743.59,99.78,5.0
2023-02-21,North America,Home & Garden,11816.8,2616.94,33.0
2022-07-05,North America,Sports,187.98,39.34,3.0
2024-10-12,EMEA,Apparel,17978.25,3219.43,39.0
2024-08-31,North America,Food & Beverage,13081.8,2167.85,48.0
2024-06-11,EMEA,Electronics,11879.75,809.1,38.0
2022-01-04,LATAM,Food & Beverage,12485.22,1289.58,46.0
2022-11-16,North America,Sports,718.14,58.81,3.0
2023-07-13,APAC,Electronics,6169.5,1825.68,38.0
2022-03-10,Middle East,Sports,2937.9,867.58,26.0
2024-03-13,LATAM,Apparel,843.02,148.74,3.0
2024-02-06,LATAM,Beauty,9516.84,1589.33,45.0
2022-10-24,APAC,Beauty,2131.81,678.18,34.0
2024-12-19,APAC,Apparel,2839.75,431.67,36.0
2022-07-20,APAC,Beauty,10350.45,2082.6,44.0
2024-08-21,LATAM,Apparel,12034.31,2711.98,37.0
2024-02-21,EMEA,Electronics,8838.04,1040.85,32.0
2023-08-27,North America,Beauty,2070.17,355.77,13.0
2024-11-25,EMEA,Sports,6075.21,485.66,19.0
2024-12-15,Middle East,Beauty,1205.85,205.89,13.0
2022-01-16,Middle East,Beauty,4890.83,1343.53,32.0
2023-04-19,APAC,Home & Garden,2610.64,357.6,23.0
2024-11-11,Middle East,Food & Beverage,7251.48,567.13,30.0
2024-11-24,LATAM,Home & Garden,556.21,150.32,2.0
2022-09-08,LATAM,Food & Beverage,1642.39,359.21,9.0
2023-11-18,North America,Electronics,1308.5,350.38,14.0
2022-11-18,Middle East,Beauty,2207.64,717.22,41.0
2022-11-06,North America,Food & Beverage,2917.94,1066.82,6.0
2024-04-27,LATAM,Home & Garden,2235.88,194.77,18.0
2022-08-24,EMEA,Beauty,959.33,275.76,22.0
2022-02-10,North America,Electronics,7270.71,1233.44,16.0
2022-09-04,Middle East,Apparel,1344.19,205.55,9.0
2022-02-06,Middle East,Sports,12162.65,1871.21,33.0
2023-08-29,Middle East,Food & Beverage,4921.46,630.75,
2022-02-04,Middle East,Beauty,5421.5,653.03,48.0
2023-05-08,Middle East,Apparel,12458.39,1313.62,49.0
2024-11-19,North America,Electronics,2855.13,509.89,28.0
2022-01-17,APAC,Beauty,4782.39,1521.89,19.0
2024-05-15,Middle East,Food & Beverage,1216.71,184.01,24.0
2023-10-25,Middle East,Apparel,5257.87,394.18,38.0
2024-05-24,EMEA,Sports,605.3,49.28,3.0
2024-04-08,APAC,Electronics,117.81,9.64,3.0
2024-03-14,North America,Food & Beverage,13982.49,3714.8,39.0
2023-06-16,North America,Sports,8192.9,1316.71,35.0
2024-07-09,North America,Beauty,17058.79,2027.5,37.0
2024-02-15,North America,Beauty,22813.66,4478.4,49.0
2022-11-14,North America,Food & Beverage,2624.42,940.49,9.0
2023-06-29,LATAM,Electronics,17899.74,2719.59,39.0
2024-02-21,North America,Apparel,13875.62,2802.91,34.0
2024-01-25,APAC,Beauty,63.3,12.89,1.0
2024-02-28,LATAM,Home & Garden,1698.29,632.28,9.0
2024-12-15,Middle East,Apparel,2403.24,792.21,9.0
2024-06-20,LATAM,Beauty,498.58,103.83,11.0
2024-12-14,LATAM,Home & Garden,4473.54,1206.64,46.0
2024-01-29,Middle East,Apparel,3839.37,1307.66,21.0
2022-06-16,LATAM,Electronics,1568.59,523.82,17.0
2023-06-04,LATAM,Home & Garden,18875.65,5311.33,44.0
2022-04-30,Middle East,Sports,5154.68,345.06,14.0
2024-03-25,EMEA,Food & Beverage,18237.8,6609.43,42.0
2022-01-09,North America,Food & Beverage,3069.75,516.47,18.0
2023-10-06,APAC,Apparel,10411.61,2738.75,37.0
2022-08-06,EMEA,Home & Garden,7302.34,1031.57,30.0
2023-05-05,North America,Beauty,7251.75,1703.96,28.0
2023-02-21,North America,Food & Beverage,2033.4,391.35,24.0
2023-04-21,APAC,Electronics,435.74,31.74,17.0
2022-01-18,North America,Electronics,3357.85,168.5,9.0
2022-11-23,Middle East,Electronics,15324.16,4900.48,49.0
2024-11-17,EMEA,Beauty,1352.39,306.69,8.0
2024-11-20,LATAM,Home & Garden,7215.35,2282.88,19.0
2024-03-02,Middle East,Beauty,4721.03,881.7,18.0
2023-01-08,Middle East,Apparel,7984.55,963.23,29.0
2023-02-04,APAC,Electronics,5166.24,495.02,19.0
2024-01-12,APAC,Electronics,1318.69,300.72,42.0
2022-06-17,APAC,Beauty,12137.82,4405.06,33.0
2022-12-20,LATAM,Electronics,815.74,244.95,25.0
2024-04-24,APAC,Food & Beverage,18383.67,5927.47,36.0
2023-07-15,Middle East,Electronics,6712.95,1905.54,21.0
2024-01-17,LATAM,Home & Garden,8010.97,1327.41,26.0
2023-09-01,Middle East,Sports,13370.67,3793.0,33.0
2023-01-07,North America,Apparel,428.19,34.07,27.0
2023-01-10,North America,Apparel,8604.15,1963.45,22.0
2024-11-10,LATAM,Apparel,443.13,125.92,1.0
2022-01-27,EMEA,Sports,988.54,55.93,9.0
2023-07-16,Middle East,Apparel,18866.31,1491.21,35.0
2024-06-27,EMEA,Sports,3970.07,1362.75,12.0
2022-03-06,North America,Sports,6469.54,853.13,29.0
2023-03-31,APAC,Beauty,2351.62,729.9,6.0
2024-07-03,APAC,Food & Beverage,1132.08,147.05,8.0
2024-02-22,APAC,Home & Garden,5623.53,1306.73,37.0
2023-09-20,Middle East,Home & Garden,3669.98,1242.53,17.0
2023-04-27,North America,Beauty,1612.65,462.69,4.0
2022-12-04,APAC,Beauty,2115.74,161.23,12.0
2022-06-17,North America,Electronics,14419.13,1815.57,26.0
2022-10-24,Middle East,Apparel,17881.12,1120.26,36.0
2022-09-11,EMEA,Food & Beverage,9320.0,3107.71,31.0
2023-11-09,Middle East,Food & Beverage,3471.86,1019.64,11.0
2023-12-03,LATAM,Beauty,5286.9,1364.37,29.0
2024-06-15,APAC,Apparel,8345.7,1704.55,26.0
2024-09-02,North America,Food & Beverage,4362.34,1568.73,15.0
2024-05-19,LATAM,Food & Beverage,1337.69,410.26,25.0
2023-03-14,Middle East,Home & Garden,683.37,169.22,47.0
2022-09-19,Middle East,Beauty,6381.25,1540.28,31.0
2023-11-30,EMEA,Sports,6614.75,2151.45,42.0
2022-03-19,EMEA,Home & Garden,19405.14,1580.78,47.0
2023-05-20,APAC,Sports,13748.32,5095.73,31.0
2023-11-24,LATAM,Sports,2172.52,159.65,8.0
2023-12-22,APAC,Beauty,4961.15,1407.91,18.0
2023-08-20,APAC,Sports,4378.94,1039.49,41.0
2023-06-07,APAC,Electronics,3416.05,1033.9,14.0
2023-12-23,North America,Electronics,1620.69,155.35,28.0
2023-09-16,Middle East,Food & Beverage,3086.07,488.05,8.0
2024-08-02,Middle East,Beauty,11388.66,4203.77,43.0
2022-09-30,North America,Sports,9249.09,3168.89,35.0
2024-07-02,APAC,Home & Garden,20537.66,7230.92,45.0
2022-05-10,North America,Food & Beverage,1845.23,328.77,32.0
2023-04-10,APAC,Apparel,1022.92,332.15,3.0
2023-02-23,North America,Apparel,10804.03,1260.98,31.0
2024-02-01,North America,Apparel,3935.51,1239.32,13.0
2022-04-10,North America,Home & Garden,152.89,13.64,3.0
2022-01-10,APAC,Beauty,948.38,344.3,7.0
2022-03-14,LATAM,Food & Beverage,5098.9,447.52,25.0
2024-09-19,EMEA,Food & Beverage,1788.77,580.77,29.0
2022-05-28,EMEA,Beauty,882.79,62.92,4.0
2024-11-28,APAC,Home & Garden,17496.56,2072.67,44.0
2022-02-09,Middle East,Beauty,11776.94,4028.23,47.0
2023-10-19,LATAM,Sports,8012.27,976.28,44.0
2024-08-22,EMEA,Apparel,5445.53,896.54,27.0
2024-11-11,Middle East,Electronics,2391.77,,24.0
2022-12-08,Middle East,Electronics,9444.98,2379.48,33.0
2024-02-22,APAC,Beauty,188.96,66.49,4.0
2024-10-22,LATAM,Beauty,1735.13,360.77,10.0
2024-08-26,Middle East,Apparel,18480.23,4222.78,47.0
2022-11-25,Middle East,Food & Beverage,958.81,349.33,10.0
2023-12-28,LATAM,Food & Beverage,,177.91,8.0
2024-05-24,APAC,Sports,4769.45,1665.36,40.0
2024-11-25,North America,Beauty,763.49,244.26,23.0
2023-04-19,North America,Food & Beverage,4955.56,883.5,36.0
2023-08-07,Middle East,Home & Garden,20735.53,3834.85,49.0
2022-11-20,LATAM,Beauty,235.31,83.15,2.0
2022-01-13,Middle East,Electronics,2002.3,199.1,20.0
2022-02-26,EMEA,Sports,9707.37,1393.13,39.0
2023-01-05,LATAM,Apparel,8345.92,1684.33,29.0
2023-09-19,LATAM,Sports,2583.67,252.92,19.0
2022-03-20,EMEA,Beauty,4702.7,571.95,48.0
2022-05-15,LATAM,Apparel,2727.91,326.81,10.0
2022-07-05,Middle East,Food & Beverage,7085.92,543.23,15.0
2023-07-26,APAC,Sports,6853.96,1291.7,29.0
2024-09-21,LATAM,Beauty,1601.16,305.73,10.0
2023-10-31,LATAM,Sports,2268.51,591.75,9.0
2024-05-02,North America,Apparel,13734.04,1494.3,46.0
2024-05-04,North America,Apparel,20052.21,7343.65,49.0
2024-01-14,EMEA,Beauty,1702.94,598.4,10.0
2022-04-25,EMEA,Food & Beverage,10526.81,2196.57,28.0
2022-09-08,APAC,Beauty,1605.39,302.96,11.0
2023-08-08,Middle East,Beauty,6562.7,1889.17,20.0
2023-07-14,LATAM,Sports,604.64,65.83,10.0
2022-10-30,EMEA,Apparel,498.08,99.55,8.0
2022-12-23,APAC,Electronics,12672.49,3014.41,26.0
2022-04-28,LATAM,Apparel,13340.45,3795.81,26.0
2024-02-25,Middle East,Beauty,15453.18,930.44,45.0
2022-12-27,LATAM,Apparel,8980.03,1446.58,27.0
2024-12-14,North America,Food & Beverage,919.67,251.88,5.0
2024-12-01,APAC,Food & Beverage,11939.67,3341.39,46.0
2023-05-14,EMEA,Electronics,14934.94,2572.96,31.0
2023-12-26,North America,Food & Beverage,542.05,131.91,13.0
2024-06-20,APAC,Home & Garden,5931.29,780.68,33.0
2023-10-15,EMEA,Food & Beverage,12713.79,1839.85,45.0
2023-08-18,EMEA,Sports,13663.1,1881.74,49.0
2024-06-10,LATAM,Home & Garden,5677.79,866.19,18.0
2022-03-22,EMEA,Apparel,22976.28,6314.28,47.0
2023-08-15,LATAM,Home & Garden,18149.2,6626.0,48.0
2024-06-24,EMEA,Beauty,18838.29,5044.53,48.0
2022-03-02,APAC,Electronics,2575.47,909.61,7.0
2024-07-02,LATAM,Electronics,5868.5,1447.56,30.0
2023-11-02,LATAM,Home & Garden,15815.32,3561.23,31.0
2024-11-17,LATAM,Home & Garden,19824.63,3755.46,47.0
2024-08-20,Middle East,Electronics,15800.78,2061.82,30.0
2022-12-04,APAC,Food & Beverage,4405.18,1268.81,17.0
2022-12-28,APAC,Food & Beverage,3346.39,360.39,11.0
2023-04-08,Middle East,Beauty,4102.39,1532.75,20.0
2022-08-14,APAC,Apparel,862.47,183.33,21.0
2024-02-10,LATAM,Sports,12078.53,3491.89,33.0
2024-04-07,LATAM,Apparel,5091.27,1108.69,17.0
2022-08-06,Middle East,Food & Beverage,5712.67,1675.18,13.0
2022-06-18,North America,Home & Garden,4780.75,1078.81,15.0
2022-07-16,LATAM,Sports,823.81,71.02,2.0
2022-09-04,EMEA,Home & Garden,13225.94,1756.95,41.0
2024-09-30,EMEA,Food & Beverage,781.92,142.49,29.0
2024-12-28,Middle East,Home & Garden,5791.74,410.46,17.0
2023-11-12,EMEA,Home & Garden,3532.22,616.82,11.0
2022-09-25,EMEA,Home & Garden,9095.17,1937.96,19.0
2024-11-08,EMEA,Food & Beverage,13306.73,1235.58,40.0
2024-08-23,LATAM,Beauty,18224.85,4043.67,35.0
2022-06-07,North America,Apparel,286.24,68.18,11.0
2024-11-19,EMEA,Home & Garden,7697.87,592.67,33.0
2023-06-20,LATAM,Apparel,15613.02,5037.77,47.0
2022-01-04,EMEA,Apparel,12728.53,2695.57,44.0
2024-12-27,LATAM,Beauty,7775.5,921.42,44.0
2024-01-18,North America,Sports,7473.5,845.98,33.0
2022-07-29,EMEA,Electronics,2951.52,1045.26,9.0
2022-08-30,LATAM,Sports,17112.67,1491.67,35.0
2022-05-12,APAC,Home & Garden,13747.51,3124.15,32.0
2022-01-19,North America,Beauty,46.01,5.51,1.0
2023-12-16,EMEA,Apparel,15025.31,3587.57,37.0
2023-11-27,EMEA,Home & Garden,9647.33,1678.35,35.0
2023-03-10,EMEA,Beauty,10604.18,1462.94,34.0
2024-05-04,Middle East,Sports,2030.11,365.14,11.0
2022-12-22,North America,Electronics,7809.68,1720.22,37.0
2022-11-01,EMEA,Beauty,4016.76,817.22,21.0
2024-12-17,Middle East,Electronics,5258.44,1336.12,45.0
2022-01-03,Middle East,Beauty,13559.23,2465.09,30.0
2023-04-10,Middle East,Apparel,3003.54,878.49,45.0
2023-01-15,Middle East,Electronics,5862.42,1374.99,15.0
2024-03-07,North America,Beauty,6728.58,760.41,39.0
2024-11-08,LATAM,Beauty,2569.66,590.48,18.0
2022-01-30,North America,Sports,5328.35,1299.95,36.0
2022-07-28,LATAM,Beauty,1334.15,169.41,9.0
2024-05-07,Middle East,Sports,2894.37,853.48,38.0
2022-07-07,Middle East,Apparel,20515.28,3031.71,39.0
2022-07-11,North America,Apparel,2330.53,412.39,7.0
2024-03-10,North America,Electronics,11306.69,668.67,46.0
2022-10-01,North America,Beauty,750.37,53.17,2.0
2023-10-17,Middle East,Apparel,4170.38,755.35,9.0
2022-03-15,APAC,Home & Garden,1995.99,666.61,5.0
2024-08-29,Middle East,Beauty,11918.61,4277.7,26.0
2024-10-22,APAC,Sports,2822.65,673.29,6.0
2023-07-06,APAC,Home & Garden,5319.87,340.49,29.0
2022-07-23,APAC,Beauty,6011.32,1843.76,17.0
2022-09-22,LATAM,Beauty,6390.87,2117.71,44.0
2023-08-11,LATAM,Food & Beverage,21142.32,5397.47,47.0
2022-05-21,APAC,Apparel,18863.47,7109.71,48.0
2024-09-23,APAC,Sports,2381.28,263.79,21.0
2024-03-31,APAC,Food & Beverage,509.87,55.97,3.0
2022-10-24,APAC,Sports,5265.57,1925.94,12.0
2024-02-11,LATAM,Apparel,8943.38,2175.0,44.0
2022-01-15,Middle East,Home & Garden,1712.02,108.97,7.0
2023-07-15,LATAM,Food & Beverage,615.07,94.42,9.0
2024-05-20,EMEA,Beauty,1037.36,182.7,3.0
2022-10-02,LATAM,Sports,2003.62,645.68,8.0
2022-09-12,North America,Food & Beverage,1803.63,322.29,21.0
2024-01-28,EMEA,Beauty,15314.67,5211.75,41.0
2023-05-11,LATAM,Beauty,14645.34,3603.58,32.0
2023-01-10,LATAM,Beauty,7964.76,1792.76,22.0
2023-02-11,LATAM,Electronics,8369.05,2797.79,35.0
2023-02-21,North America,Food & Beverage,12579.81,2866.98,27.0
2024-08-19,Middle East,Beauty,1339.83,431.81,13.0
2024-09-19,EMEA,Sports,512.69,67.08,40.0
2024-04-28,EMEA,Sports,424.71,144.3,6.0
2024-08-17,APAC,Home & Garden,13249.8,1476.69,28.0
2023-03-31,EMEA,Food & Beverage,15857.57,4918.23,41.0
2022-05-21,LATAM,Food & Beverage,13305.52,3553.85,28.0
2024-09-11,LATAM,Home & Garden,16379.66,927.74,35.0
2024-04-16,LATAM,Food & Beverage,14438.98,5372.54,31.0
2022-06-12,North America,Sports,11703.46,3797.3,43.0
2024-04-09,LATAM,Home & Garden,13556.06,3729.12,41.0
2022-01-08,APAC,Apparel,11099.49,2217.95,24.0
2023-04-12,Middle East,Beauty,3815.87,,26.0
2023-03-07,EMEA,Beauty,13564.78,1771.88,47.0
2022-05-17,APAC,Home & Garden,1571.47,428.1,25.0
2023-02-26,LATAM,Food & Beverage,18364.28,6166.99,40.0
2024-09-15,North America,Home & Garden,5401.44,774.75,23.0
2022-02-20,EMEA,Apparel,17381.98,6312.64,45.0
2024-07-20,APAC,Electronics,871.79,172.83,22.0
2024-01-17,LATAM,Beauty,8042.62,2336.72,36.0
2022-09-19,APAC,Home & Garden,15618.54,3027.78,42.0
2022-07-11,North America,Electronics,798.01,151.02,45.0
2023-05-22,APAC,Food & Beverage,5815.42,371.67,19.0
2022-06-09,APAC,Apparel,2268.46,695.24,7.0
2023-02-26,North America,Electronics,2255.02,641.19,30.0
2024-09-23,North America,Beauty,12350.33,3389.18,31.0
2023-03-07,EMEA,Apparel,10786.28,3520.77,27.0
2023-03-06,APAC,Apparel,13297.19,3823.28,34.0
2022-07-04,North America,Sports,3178.92,584.56,9.0
2024-11-07,Middle East,Home & Garden,17637.13,1946.68,39.0
2024-05-18,North America,Home & Garden,12310.2,3287.67,43.0
2024-08-03,EMEA,Electronics,3151.37,636.75,49.0
2023-07-30,Middle East,Beauty,12973.49,2294.56,40.0
2024-03-26,APAC,Apparel,1258.68,460.28,12.0
2022-03-22,APAC,Electronics,3397.29,340.18,37.0
2022-01-10,APAC,Sports,14942.06,3487.15,32.0
2023-11-08,Middle East,Food & Beverage,1106.99,151.69,27.0
2024-07-21,APAC,Home & Garden,2675.92,509.49,6.0
2024-04-05,North America,Electronics,21339.34,5181.29,42.0
2024-06-16,LATAM,Home & Garden,10469.49,869.31,24.0
2023-02-09,EMEA,Food & Beverage,9064.63,2056.14,47.0
2024-09-07,LATAM,Electronics,587.13,58.6,2.0
2024-04-24,APAC,Beauty,2334.67,541.69,12.0
2023-04-25,APAC,Apparel,10396.03,2933.61,44.0
2022-09-11,Middle East,Beauty,614.26,45.91,23.0
2022-08-22,EMEA,Beauty,4038.7,1277.78,27.0
2024-03-15,Middle East,Beauty,19857.25,,40.0
2022-03-29,EMEA,Food & Beverage,18009.74,6460.7,38.0
2023-01-18,LATAM,Apparel,198.83,31.0,2.0
2023-06-08,North America,Electronics,2008.83,110.79,16.0
2022-03-08,LATAM,Home & Garden,6752.2,1025.36,15.0
2022-12-21,EMEA,Beauty,14907.16,4467.63,39.0
2023-02-16,LATAM,Electronics,2565.33,307.69,
2022-09-16,North America,Beauty,2139.57,439.19,6.0
2023-03-18,LATAM,Home & Garden,4755.66,722.79,15.0
2023-12-16,LATAM,Food & Beverage,4353.17,1453.03,43.0
2023-02-03,North America,Beauty,3987.42,316.05,30.0
2022-02-12,LATAM,Apparel,4480.22,964.22,28.0
2022-05-02,APAC,Beauty,12506.73,3431.84,49.0
2022-05-16,Middle East,Home & Garden,1045.19,373.28,8.0
2022-01-25,APAC,Food & Beverage,6887.76,2482.83,19.0
2024-04-24,APAC,Apparel,5104.63,692.75,16.0
2023-09-16,North America,Food & Beverage,1288.92,86.07,18.0
2024-05-09,North America,Home & Garden,6039.38,1656.55,22.0
2024-02-22,Middle East,Electronics,6375.03,1759.14,34.0
2022-02-04,North America,Apparel,14072.77,783.04,44.0
2024-10-15,North America,Apparel,7399.92,1194.59,21.0
2024-03-16,Middle East,Food & Beverage,1368.09,338.0,5.0
2023-03-31,North America,Food & Beverage,9652.12,3193.43,25.0
2024-01-10,LATAM,Apparel,4617.34,1332.77,16.0
2023-11-04,APAC,Beauty,179.76,61.48,9.0
2023-07-26,Middle East,Food & Beverage,3608.15,668.17,47.0
2024-10-24,EMEA,Home & Garden,7723.86,581.03,20.0
2024-07-12,EMEA,Electronics,14796.74,4132.97,43.0
2022-06-24,Middle East,Electronics,13984.15,2537.95,40.0
2024-03-23,EMEA,Beauty,6707.73,1253.82,32.0
2024-04-01,LATAM,Apparel,3929.37,592.18,25.0
2024-09-27,APAC,Apparel,16725.74,2536.24,38.0
2022-06-08,APAC,Beauty,7088.69,2295.95,30.0
2023-04-19,EMEA,Electronics,16652.74,,37.0
2024-04-26,EMEA,Home & Garden,5003.2,901.6,19.0
2023-07-19,North America,Beauty,574.33,133.39,6.0
2023-12-18,North America,Beauty,893.03,240.0,2.0
2022-07-08,LATAM,Home & Garden,1906.88,466.84,4.0
2022-12-16,APAC,Sports,3001.63,818.63,7.0
2023-07-03,APAC,Apparel,4669.86,280.23,10.0
2024-01-12,North America,Electronics,5393.04,862.62,36.0
2022-10-17,Middle East,Beauty,3225.11,547.56,18.0
2023-05-10,LATAM,Electronics,17539.13,1944.1,41.0
2022-08-26,Middle East,Food & Beverage,9732.07,3385.67,33.0
2024-12-15,LATAM,Sports,12496.31,3643.85,31.0
2024-11-10,EMEA,Home & Garden,4978.63,434.95,28.0
2024-10-22,APAC,Electronics,1868.74,540.91,6.0
2024-11-21,North America,Apparel,4291.71,1371.02,30.0
2024-01-15,LATAM,Beauty,17393.39,1557.56,49.0
2023-12-28,Middle East,Food & Beverage,12600.37,3172.14,24.0
2024-08-27,LATAM,Apparel,7798.32,1280.26,
2023-04-27,LATAM,Beauty,11366.28,2938.44,25.0
2022-07-08,Middle East,Sports,4243.8,1202.85,
2022-05-26,APAC,Sports,4775.99,973.33,21.0
2022-03-31,APAC,Apparel,736.45,56.19,9.0
2022-11-20,LATAM,Apparel,2065.37,373.28,11.0
2023-01-03,LATAM,Apparel,2558.81,615.72,42.0
2022-05-11,North America,Electronics,4647.79,613.49,37.0
2022-04-21,North America,Electronics,5209.48,1854.73,15.0
2023-07-30,North America,Beauty,2396.04,838.39,23.0
2024-06-05,LATAM,Home & Garden,3808.08,1156.09,37.0
2024-05-07,North America,Food & Beverage,15346.53,3536.09,
2022-01-01,North America,Beauty,21388.55,7838.89,49.0
2023-07-31,APAC,Sports,6966.72,1353.73,46.0
2023-09-01,EMEA,Food & Beverage,156.92,19.35,1.0
2023-09-12,EMEA,Electronics,3027.01,302.19,32.0
2023-10-27,North America,Beauty,12123.98,3515.25,25.0
2023-04-05,APAC,Apparel,1979.01,612.06,36.0
2024-04-12,Middle East,Food & Beverage,13412.78,3085.45,29.0
2024-02-21,North America,Sports,4812.95,485.54,39.0
2023-05-23,EMEA,Apparel,12205.53,1110.24,25.0
2024-11-19,North America,Electronics,155.79,29.36,2.0
2023-12-08,LATAM,Home & Garden,20198.11,5746.44,45.0
2023-04-28,EMEA,Apparel,9023.44,3198.48,32.0
2024-06-18,APAC,Beauty,1475.85,543.94,41.0
2023-05-23,North America,Electronics,5535.8,2020.6,21.0
2022-06-19,North America,Sports,1412.94,203.65,5.0
2024-10-28,Middle East,Food & Beverage,9920.53,2457.42,22.0
2024-10-21,EMEA,Home & Garden,5204.72,1906.63,23.0
2022-06-25,EMEA,Beauty,8753.9,1901.87,21.0
2022-05-03,EMEA,Home & Garden,11161.42,3229.54,45.0
2023-08-03,North America,Sports,11932.5,1381.05,47.0
2022-09-17,LATAM,Apparel,3425.84,990.03,26.0
2023-03-27,North America,Beauty,251.41,27.75,8.0
2024-08-04,EMEA,Beauty,5574.77,1587.32,21.0
2022-10-15,North America,Food & Beverage,9842.73,2797.48,35.0
2023-08-12,Middle East,Sports,1659.72,98.32,7.0
2022-11-21,APAC,Electronics,18066.4,1029.2,47.0
2023-07-11,APAC,Food & Beverage,4976.69,1247.94,10.0
2022-12-06,APAC,Electronics,3305.44,174.54,15.0
2022-12-10,EMEA,Home & Garden,16472.0,5129.03,37.0
2023-10-03,APAC,Beauty,1071.27,114.29,28.0
2024-05-29,Middle East,Electronics,478.06,31.29,2.0
2023-03-16,Middle East,Apparel,2554.71,558.41,16.0
2022-03-09,Middle East,Sports,5530.23,503.3,
2024-12-31,EMEA,Food & Beverage,699.63,128.63,18.0
2023-05-10,APAC,Electronics,2078.54,131.44,30.0
2023-07-27,LATAM,Home & Garden,2445.51,825.37,7.0
2022-05-30,North America,Beauty,205.38,14.41,1.0
2022-06-18,APAC,Sports,2056.65,330.66,8.0
2022-03-16,APAC,Home & Garden,977.79,227.73,22.0
2022-09-25,APAC,Home & Garden,384.44,109.03,8.0
2023-05-11,North America,Sports,953.65,,6.0
2022-05-23,LATAM,Beauty,9040.73,880.58,24.0
2024-10-21,North America,Food & Beverage,15590.33,3915.46,31.0
2023-03-04,North America,Food & Beverage,2433.71,167.72,13.0
2024-10-02,North America,Apparel,13209.99,1050.86,49.0
2022-11-14,APAC,Sports,6757.4,998.85,33.0
2024-09-07,APAC,Food & Beverage,1850.19,449.13,6.0
2022-06-26,North America,Home & Garden,2998.02,855.65,15.0
2023-07-17,LATAM,Apparel,1623.33,496.57,7.0
2022-01-14,LATAM,Sports,174.88,46.14,1.0
2022-03-30,Middle East,Beauty,965.36,242.28,2.0
2023-04-08,LATAM,Apparel,17571.77,3531.28,36.0
2023-11-25,EMEA,Electronics,9308.36,3364.45,20.0
2023-05-08,EMEA,Food & Beverage,14880.95,2795.05,32.0
2023-01-15,North America,Home & Garden,139.97,43.65,1.0
2023-10-05,EMEA,Sports,5717.02,2160.0,20.0
2023-01-24,EMEA,Home & Garden,1395.51,356.09,12.0
2022-06-09,EMEA,Sports,874.81,132.7,11.0
2024-02-06,LATAM,Food & Beverage,4998.48,649.19,15.0
2024-05-23,Middle East,Sports,1882.1,390.07,5.0
2022-12-12,APAC,Beauty,5450.48,1937.34,12.0
2023-06-08,APAC,Beauty,7319.08,2743.11,48.0
2022-03-26,LATAM,Sports,2018.33,363.23,21.0
2024-05-24,EMEA,Beauty,14294.48,3572.31,37.0
2024-11-10,LATAM,Food & Beverage,427.61,101.37,13.0
2024-11-18,APAC,Electronics,1108.76,86.6,20.0
2022-04-17,EMEA,Home & Garden,355.9,108.42,14.0
2023-08-05,EMEA,Apparel,15564.83,2263.85,43.0
2022-02-07,Middle East,Electronics,9073.48,2769.18,34.0
2024-11-28,APAC,Apparel,10118.26,3667.1,46.0
2024-07-08,LATAM,Beauty,750.81,280.37,2.0
2024-05-14,LATAM,Beauty,3608.06,1301.84,13.0
2022-08-14,North America,Food & Beverage,2265.9,605.66,18.0
2024-12-21,APAC,Home & Garden,391.34,132.65,2.0
2022-04-25,EMEA,Electronics,19722.76,5735.84,39.0
2022-07-03,North America,Beauty,10947.54,3309.95,25.0
2022-04-08,EMEA,Apparel,4971.34,790.23,33.0
2023-09-03,North America,Beauty,12440.69,1809.05,30.0
2023-02-05,LATAM,Home & Garden,1288.55,439.24,46.0
2023-05-20,APAC,Beauty,18221.4,2083.69,43.0
2022-12-13,Middle East,Sports,4441.32,1047.17,12.0
2023-08-15,North America,Beauty,5866.16,443.91,20.0
2022-04-21,North America,Apparel,239.61,49.93,6.0
2024-04-10,Middle East,Beauty,1793.85,489.2,4.0
2023-01-02,North America,Electronics,833.21,191.82,2.0
2024-03-02,LATAM,Apparel,,1779.01,28.0
2024-04-11,APAC,Apparel,194.95,72.74,5.0
2023-12-01,LATAM,Sports,9718.18,2888.57,21.0
2024-12-16,Middle East,Beauty,4090.62,301.09,33.0
2024-04-05,Middle East,Food & Beverage,6561.19,2219.68,14.0
2024-05-03,LATAM,Sports,9401.35,1228.97,38.0
2023-03-21,EMEA,Sports,2625.4,536.28,23.0
2024-01-19,Middle East,Apparel,387.67,120.27,18.0
2022-01-23,EMEA,Home & Garden,10332.86,1869.55,41.0
2024-07-01,EMEA,Apparel,842.02,288.99,2.0
2022-09-25,LATAM,Electronics,10844.42,2773.72,47.0
2024-11-27,EMEA,Electronics,361.94,57.59,8.0
2024-07-11,Middle East,Home & Garden,12286.82,4159.79,34.0
2023-10-22,LATAM,Food & Beverage,7600.68,2355.47,19.0
2022-05-25,EMEA,Apparel,3257.54,432.58,26.0
2024-01-30,North America,Electronics,2551.36,329.4,15.0
2024-11-03,EMEA,Food & Beverage,2994.44,969.72,31.0
2022-01-29,Middle East,Apparel,6670.22,452.6,27.0
2024-07-25,Middle East,Apparel,5760.03,1937.36,28.0
2022-08-10,LATAM,Beauty,10153.55,1589.29,45.0
2022-11-26,North America,Electronics,5468.17,1451.0,44.0
2024-06-20,APAC,Electronics,1387.41,501.91,42.0
2022-05-14,Middle East,Apparel,4811.83,855.51,15.0
2023-11-01,EMEA,Sports,6180.84,1921.1,32.0
2023-07-05,Middle East,Food & Beverage,5930.82,1775.04,47.0
2023-12-30,APAC,Sports,7890.24,2479.3,26.0
2023-02-12,Middle East,Home & Garden,12200.85,1146.87,25.0
2024-08-19,North America,Food & Beverage,3321.2,1103.69,16.0
2022-02-22,LATAM,Sports,7387.35,2313.4,32.0
2022-11-06,EMEA,Apparel,397.83,100.25,7.0
2023-12-14,EMEA,Sports,20889.46,4470.17,42.0
2024-04-23,Middle East,Beauty,318.66,68.15,1.0
2024-10-22,LATAM,Sports,14997.8,1747.68,39.0
2022-08-20,North America,Home & Garden,7455.04,1039.18,35.0
2022-07-16,LATAM,Beauty,4792.15,1572.83,22.0
2023-04-18,Middle East,Home & Garden,3704.36,1092.36,13.0
2024-06-17,Middle East,Beauty,2499.46,784.61,18.0
2022-03-10,Middle East,Sports,18508.15,2634.79,47.0
2022-05-11,APAC,Home & Garden,2863.66,548.19,15.0
2023-06-03,APAC,Electronics,1557.97,344.8,46.0
2024-12-01,EMEA,Home & Garden,4305.23,332.16,21.0
2023-06-04,Middle East,Sports,6768.93,1282.23,19.0
2023-03-04,LATAM,Electronics,2258.86,754.97,9.0
2024-08-03,North America,Food & Beverage,6587.91,347.85,41.0
2022-08-15,Middle East,Home & Garden,10084.1,2137.52,43.0
2023-03-16,North America,Apparel,2422.98,800.96,6.0
2022-02-24,North America,Beauty,18986.63,3700.64,39.0
2022-02-16,North America,Food & Beverage,3228.27,248.14,16.0
2023-06-20,LATAM,Electronics,23125.33,4048.49,46.0
2022-02-07,Middle East,Home & Garden,7452.74,2579.71,43.0
2022-08-14,EMEA,Electronics,1805.38,557.54,23.0
2022-09-17,APAC,Apparel,1109.18,58.75,24.0
2024-09-30,North America,Sports,5193.62,1495.85,32.0
2024-01-07,Middle East,Beauty,1959.11,279.73,6.0
2023-01-12,Middle East,Home & Garden,1686.92,234.84,18.0
2024-02-13,Middle East,Electronics,1869.88,602.64,22.0
2023-11-28,LATAM,Apparel,11856.6,3860.92,38.0
2022-12-25,North America,Apparel,1669.55,290.21,7.0
2022-05-07,Middle East,Food & Beverage,948.96,346.64,23.0
2023-07-01,Middle East,Food & Beverage,1322.08,288.31,24.0
2023-11-09,LATAM,Apparel,4187.2,1299.52,8.0
2023-12-23,North America,Apparel,18586.76,2147.57,39.0
2024-03-04,EMEA,Food & Beverage,814.09,100.72,36.0
2022-12-31,APAC,Apparel,2984.08,761.03,36.0
2024-12-11,North America,Electronics,587.76,188.48,7.0
2022-03-01,APAC,Sports,6048.87,1199.7,31.0
2024-10-09,North America,Home & Garden,4883.47,815.94,30.0
2022-10-20,EMEA,Food & Beverage,7784.57,2245.51,44.0
2022-02-06,EMEA,Sports,2068.33,651.59,26.0
2022-01-24,EMEA,Home & Garden,365.38,24.82,7.0
2022-07-30,Middle East,Apparel,845.87,48.73,8.0
2023-07-10,EMEA,Beauty,8990.08,2662.99,23.0
2022-03-29,EMEA,Beauty,236.05,13.15,4.0
2024-04-04,APAC,Home & Garden,2035.2,151.69,12.0
2023-08-29,EMEA,Sports,1434.27,347.27,15.0
2024-03-21,North America,Home & Garden,10937.09,4148.07,34.0
2024-09-27,EMEA,Home & Garden,250.45,27.95,1.0
2022-11-20,North America,Sports,8476.25,2347.03,36.0
2022-12-07,APAC,Food & Beverage,2838.38,776.03,6.0
2023-12-20,APAC,Electronics,3656.82,818.58,9.0
2024-05-24,North America,Apparel,4640.29,652.04,21.0
2022-03-07,Middle East,Home & Garden,2515.29,591.11,28.0
2022-02-28,APAC,Sports,815.11,262.87,2.0
2023-01-21,EMEA,Sports,10939.83,2289.79,34.0
2024-04-13,APAC,Home & Garden,11652.31,3290.47,28.0
2022-01-20,Middle East,Sports,11826.25,4309.43,43.0
2024-09-09,APAC,Electronics,2218.02,121.96,20.0
2023-03-18,Middle East,Beauty,11408.8,3627.49,21.0
2023-09-23,EMEA,Electronics,5764.9,1256.74,39.0
2023-09-13,North America,Beauty,1430.68,,6.0
2022-12-05,APAC,Home & Garden,11427.25,3664.7,24.0
2024-12-14,Middle East,Beauty,6476.68,1838.37,20.0
2024-04-03,LATAM,Beauty,1420.61,125.46,38.0
2024-10-10,EMEA,Sports,9901.78,1451.99,37.0
2023-05-29,Middle East,Sports,315.83,82.23,7.0
2022-06-13,EMEA,Food & Beverage,975.18,281.16,41.0
2024-08-12,EMEA,Sports,317.32,74.9,1.0
2022-10-14,North America,Beauty,6390.13,2227.77,36.0
2024-07-24,North America,Home & Garden,7394.02,2278.91,44.0
2022-05-05,EMEA,Electronics,919.01,277.49,5.0
2024-02-08,LATAM,Apparel,10625.75,1394.81,21.0
2022-05-17,LATAM,Apparel,5689.51,1738.63,17.0
2024-03-06,North America,Beauty,8127.7,766.18,33.0
2023-11-09,EMEA,Electronics,541.97,44.65,3.0
2022-05-16,EMEA,Home & Garden,444.63,164.78,1.0
2024-07-18,Middle East,Home & Garden,17884.24,2770.39,35.0
2024-01-23,APAC,Food & Beverage,1097.38,339.08,49.0
2024-10-17,Middle East,Apparel,6182.93,1407.85,22.0
2023-01-28,APAC,Food & Beverage,7651.51,599.6,45.0
2024-02-27,APAC,Home & Garden,825.49,161.24,9.0
2022-07-11,North America,Apparel,877.62,315.98,5.0
2024-07-12,EMEA,Apparel,7423.85,2289.48,24.0
2023-10-15,EMEA,Sports,346.43,85.51,6.0
2023-03-22,LATAM,Sports,17184.46,6086.77,41.0
2023-03-21,Middle East,Beauty,2983.29,249.28,14.0
2024-12-06,North America,Apparel,21580.92,3115.49,43.0
2024-10-21,EMEA,Home & Garden,5204.72,1906.63,23.0
2023-05-17,LATAM,Electronics,2525.92,464.32,6.0
2022-03-07,North America,Home & Garden,509.57,37.06,9.0
2022-04-16,Middle East,Sports,10925.11,4072.04,33.0
2023-06-29,North America,Sports,11198.21,1635.44,32.0
2024-09-17,North America,Beauty,22545.28,7955.44,46.0
2024-09-01,Middle East,Food & Beverage,2537.96,704.55,27.0
2023-09-20,North America,Home & Garden,10686.31,1931.16,38.0
2022-06-07,APAC,Beauty,9884.35,761.94,26.0
2024-03-06,EMEA,Electronics,1334.08,168.11,21.0
2023-08-24,LATAM,Home & Garden,4810.14,486.7,43.0
2023-11-07,EMEA,Home & Garden,9909.39,2126.71,26.0
2024-03-23,EMEA,Home & Garden,7770.91,1127.94,18.0
2023-09-09,North America,Apparel,3469.65,557.47,24.0
2022-01-05,Middle East,Beauty,15910.84,5607.31,37.0
2022-09-22,North America,Food & Beverage,5766.99,2045.16,47.0
2022-08-07,North America,Apparel,2223.9,126.15,6.0
2024-05-05,Middle East,Beauty,1706.6,300.98,18.0
2023-11-18,EMEA,Apparel,7964.77,832.68,48.0
2023-06-17,APAC,Sports,4361.65,1095.79,30.0
2022-02-03,APAC,Electronics,752.55,86.99,3.0
2022-08-13,APAC,Electronics,10121.53,3429.78,21.0
2022-12-31,North America,Electronics,16197.02,5033.76,36.0
2023-09-22,Middle East,Food & Beverage,508.62,153.77,
2022-01-16,APAC,Beauty,540.82,78.18,13.0
2024-06-13,North America,Electronics,799.31,93.62,33.0
2024-09-30,EMEA,Beauty,3599.21,853.75,28.0
2023-01-28,APAC,Apparel,6887.92,1733.95,17.0
2023-11-22,North America,Beauty,,580.21,48.0
2023-04-22,North America,Electronics,804.97,279.51,13.0
2024-01-23,LATAM,Beauty,2468.97,804.37,10.0
2023-12-25,Middle East,Electronics,9562.87,3402.76,20.0
2024-07-12,Middle East,Home & Garden,7307.67,731.38,33.0
2024-06-06,Middle East,Apparel,979.93,49.12,9.0
2024-05-23,LATAM,Beauty,1024.17,151.99,8.0
2023-10-27,APAC,Beauty,9925.44,3658.92,41.0
2023-04-30,APAC,Beauty,14506.46,1090.78,37.0
2024-12-07,LATAM,Sports,4963.07,1644.61,31.0
2022-12-29,Middle East,Home & Garden,3469.46,1311.16,12.0
2024-09-19,EMEA,Apparel,12690.3,3870.81,32.0
2022-02-18,LATAM,Food & Beverage,582.64,194.59,48.0
2022-08-06,North America,Sports,4782.19,1160.47,24.0
2023-08-29,North America,Electronics,21898.26,7948.9,49.0
2023-04-24,North America,Electronics,3988.73,905.85,21.0
2023-05-18,Middle East,Food & Beverage,8518.82,775.65,38.0
2023-07-03,EMEA,Beauty,8038.66,505.43,20.0
2023-10-01,LATAM,Food & Beverage,3264.96,743.38,36.0
2022-06-06,APAC,Sports,7302.05,377.17,22.0
2024-11-01,EMEA,Sports,4530.97,405.94,34.0
2024-12-29,EMEA,Sports,1736.41,98.0,11.0
2022-07-21,APAC,Food & Beverage,4904.57,417.36,13.0
2023-05-01,North America,Beauty,13374.18,4850.46,40.0
2023-12-04,EMEA,Beauty,5471.85,1834.55,28.0
2023-12-14,APAC,Electronics,335.7,57.78,25.0
2023-09-21,Middle East,Electronics,165.26,37.8,5.0
2022-02-27,North America,Food & Beverage,2152.8,561.13,35.0
2024-11-06,APAC,Sports,13380.54,3427.37,30.0
2022-07-26,APAC,Food & Beverage,3331.77,777.6,14.0
2023-05-29,North America,Food & Beverage,8768.95,1879.12,21.0
2022-05-30,LATAM,Food & Beverage,3465.21,1229.28,19.0
2022-04-20,APAC,Electronics,4523.09,1477.43,12.0
2023-08-27,Middle East,Home & Garden,1656.09,155.98,6.0
2024-12-08,LATAM,Apparel,2848.89,886.55,7.0
2022-02-17,APAC,Food & Beverage,392.81,118.83,11.0
2024-04-25,North America,Sports,15928.72,2236.12,37.0
2022-03-24,Middle East,Food & Beverage,2308.53,823.33,20.0
2023-12-07,Middle East,Apparel,15349.2,3319.13,34.0
2024-07-18,North America,Apparel,6750.72,2487.11,29.0
2023-05-17,APAC,Apparel,10943.15,1834.1,49.0
2022-06-10,EMEA,Food & Beverage,7878.3,2925.3,45.0
2024-04-05,EMEA,Beauty,1213.1,331.79,5.0
2023-08-08,LATAM,Food & Beverage,17217.69,6488.77,44.0
2022-06-01,LATAM,Electronics,13863.71,5015.35,42.0
2024-10-04,Middle East,Beauty,6051.54,2103.25,33.0
2023-11-02,North America,Food & Beverage,190.45,55.93,2.0
2022-07-10,EMEA,Food & Beverage,2345.17,410.8,12.0
2023-03-31,EMEA,Beauty,17131.52,1267.46,46.0
2024-03-25,Middle East,Electronics,1807.14,375.66,8.0
2023-08-28,Middle East,Food & Beverage,4509.94,1617.96,20.0
2022-07-11,Middle East,Electronics,7056.67,1801.26,17.0
2022-12-04,EMEA,Electronics,1687.09,306.6,32.0
2022-02-20,APAC,Beauty,3167.4,647.75,40.0
2022-03-08,North America,Electronics,1049.09,140.0,46.0
2022-12-19,LATAM,Food & Beverage,337.17,125.71,21.0
2024-04-22,EMEA,Food & Beverage,1882.01,162.35,5.0
2024-02-12,Middle East,Sports,689.56,230.56,
2022-08-28,APAC,Beauty,13922.91,4312.21,44.0
2024-03-25,LATAM,Home & Garden,143.29,33.8,4.0
2023-08-16,LATAM,Food & Beverage,6290.94,2066.13,24.0
2024-07-07,LATAM,Food & Beverage,2315.34,488.24,6.0
2024-07-05,Middle East,Electronics,15075.83,3763.2,46.0
2024-03-17,North America,Home & Garden,6458.86,504.5,16.0
2022-10-20,LATAM,Food & Beverage,466.02,160.6,9.0
2024-05-16,North America,Home & Garden,7293.81,2452.25,17.0
2023-03-26,LATAM,Apparel,13349.69,2426.63,45.0
2023-05-21,LATAM,Food & Beverage,13857.54,2563.93,40.0
2022-11-25,North America,Electronics,3357.73,896.63,14.0
2024-02-11,APAC,Food & Beverage,935.45,328.75,2.0
2024-06-29,Middle East,Food & Beverage,2907.62,293.75,16.0
2024-01-24,EMEA,Electronics,1522.85,375.33,4.0
2024-02-15,North America,Apparel,6662.31,1823.11,31.0
2024-01-02,APAC,Sports,3087.8,826.23,24.0
2024-05-09,Middle East,Food & Beverage,2323.08,643.04,13.0
2024-11-20,EMEA,Home & Garden,1876.2,344.27,35.0
2023-06-04,North America,Beauty,11296.1,4168.72,24.0
2023-05-02,Middle East,Apparel,593.92,109.55,7.0
2022-02-20,North America,Beauty,2870.71,608.38,6.0
2024-04-09,LATAM,Sports,3791.38,655.33,12.0
2024-05-09,North America,Food & Beverage,5361.4,1882.95,14.0
2024-11-07,EMEA,Home & Garden,2126.88,165.71,12.0
2024-11-05,LATAM,Electronics,4075.79,497.95,11.0
2022-10-24,LATAM,Sports,8503.09,2090.6,42.0
2024-03-06,Middle East,Sports,14614.47,2253.96,30.0
2023-08-02,APAC,Beauty,6432.35,375.01,24.0
2022-10-20,EMEA,Sports,239.75,55.21,2.0
2023-12-20,EMEA,Home & Garden,12954.46,3020.64,33.0
2023-05-28,North America,Sports,4499.74,,18.0
2023-05-18,Middle East,Food & Beverage,10326.9,1914.47,32.0
2022-12-17,LATAM,Beauty,2602.73,668.47,48.0
2023-05-01,EMEA,Food & Beverage,9545.25,2755.42,
2023-11-23,Middle East,Electronics,968.95,337.85,7.0
2022-03-01,APAC,Apparel,8179.81,2983.6,23.0
2023-11-21,North America,Home & Garden,4479.53,810.36,30.0
2022-10-04,APAC,Home & Garden,3686.68,885.14,13.0
2024-07-25,LATAM,Home & Garden,3192.24,423.23,9.0
2022-02-04,Middle East,Food & Beverage,5271.76,308.78,34.0
2022-07-11,LATAM,Food & Beverage,1854.04,531.32,6.0
2022-12-14,EMEA,Apparel,2678.67,218.71,10.0
2024-03-30,North America,Food & Beverage,8709.03,2372.78,16.0
2023-03-18,APAC,Electronics,7627.01,2260.16,44.0
2023-03-12,Middle East,Beauty,1644.19,369.22,11.0
2023-04-05,EMEA,Sports,1308.62,482.1,4.0
2024-08-14,APAC,Beauty,5534.48,959.13,24.0
2022-09-04,Middle East,Apparel,4064.45,1198.4,38.0
2023-09-04,APAC,Sports,1861.32,529.69,8.0
2023-10-25,APAC,Beauty,5713.84,1746.1,14.0
2022-06-04,LATAM,Home & Garden,1530.35,406.34,3.0
2022-04-14,North America,Apparel,3057.31,478.86,46.0
2024-08-30,APAC,Electronics,12103.0,1242.48,48.0
2024-08-05,APAC,Beauty,10209.96,1392.83,28.0
2023-08-03,Middle East,Beauty,1137.14,172.85,26.0
2024-10-13,LATAM,Sports,3382.23,978.52,
2023-03-01,Middle East,Sports,20104.4,2802.64,49.0
2024-04-01,APAC,Food & Beverage,2901.96,232.79,13.0
2024-06-24,Middle East,Home & Garden,1099.35,331.4,28.0
2023-11-03,Middle East,Electronics,4370.43,410.73,33.0
2023-02-26,EMEA,Home & Garden,7845.72,1173.23,22.0
2022-04-25,LATAM,Home & Garden,2755.64,287.52,7.0
2022-09-11,EMEA,Electronics,19125.89,1508.51,48.0
2023-12-09,Middle East,Food & Beverage,546.26,121.06,4.0
2022-12-29,Middle East,Sports,15211.38,5365.35,33.0
2022-05-11,EMEA,Home & Garden,6647.44,1822.41,46.0
2023-05-10,APAC,Food & Beverage,2998.96,829.54,49.0
2022-08-07,North America,Beauty,1937.16,712.59,4.0
2024-01-22,North America,Electronics,20213.88,5245.19,44.0
2023-05-21,APAC,Sports,17060.44,2401.35,37.0
2022-08-01,EMEA,Home & Garden,1907.46,200.73,37.0
2023-08-30,North America,Home & Garden,4084.63,701.67,9.0
2023-10-28,EMEA,Electronics,12980.08,3637.41,26.0
2024-08-21,LATAM,Home & Garden,6220.18,503.81,14.0
2022-01-19,APAC,Beauty,6080.13,1838.89,13.0
2022-05-06,LATAM,Food & Beverage,16399.33,4502.85,35.0
2022-10-17,EMEA,Home & Garden,10300.02,3496.47,48.0
2023-03-01,Middle East,Sports,1452.28,207.17,18.0
2024-11-09,Middle East,Sports,2108.34,283.3,14.0
2022-06-19,LATAM,Electronics,8384.08,1944.48,22.0
2022-12-29,North America,Home & Garden,10985.77,1866.28,44.0
2024-02-11,North America,Beauty,14136.34,1005.34,40.0
2022-06-23,Middle East,Apparel,6756.67,1336.07,18.0
2022-10-21,APAC,Food & Beverage,1559.26,458.85,36.0
2023-12-17,LATAM,Home & Garden,15481.28,1024.7,35.0
2024-07-15,APAC,Beauty,13916.8,1716.89,31.0
2022-07-15,APAC,Apparel,1019.39,272.81,44.0
2023-02-19,North America,Apparel,1055.59,95.81,7.0
2024-06-03,LATAM,Sports,4074.59,782.47,17.0
2023-02-11,APAC,Sports,3517.37,570.29,12.0
2022-04-09,EMEA,Food & Beverage,145.48,7.54,3.0
2024-10-08,North America,Food & Beverage,168.55,46.75,4.0
2023-04-11,LATAM,Apparel,6975.93,2485.1,37.0
2023-07-09,EMEA,Home & Garden,15702.0,5638.75,39.0
2023-03-30,EMEA,Beauty,427.69,22.88,24.0
2024-05-26,LATAM,Beauty,2989.08,618.96,31.0
2022-01-14,Middle East,Apparel,7308.91,1239.56,45.0
2023-11-22,APAC,Beauty,2764.01,611.89,23.0
2024-12-23,Middle East,Electronics,4179.85,1578.0,39.0
2024-04-16,Middle East,Home & Garden,8102.52,2244.26,20.0
2024-11-26,LATAM,Electronics,493.84,183.67,7.0
2022-01-28,EMEA,Sports,2139.42,389.27,25.0
2023-07-19,EMEA,Apparel,13326.22,1216.88,36.0
2024-10-25,LATAM,Sports,6114.45,585.46,14.0
2022-11-12,Middle East,Sports,7464.81,1036.11,32.0
2024-03-09,APAC,Home & Garden,21664.23,4236.28,45.0
2023-07-20,EMEA,Apparel,3647.24,194.77,15.0
2023-03-30,EMEA,Food & Beverage,346.66,112.33,2.0
2022-10-08,North America,Apparel,2645.02,266.23,41.0
2023-07-12,EMEA,Sports,884.07,252.01,28.0
2023-07-30,Middle East,Apparel,127.84,37.01,4.0
2024-01-04,APAC,Electronics,293.04,90.99,14.0
2022-10-11,North America,Home & Garden,1990.48,588.82,13.0
2022-12-11,LATAM,Apparel,5788.69,,46.0
2024-07-10,North America,Sports,1080.68,191.47,
2023-12-21,EMEA,Food & Beverage,16244.52,5632.8,44.0
2023-06-23,LATAM,Beauty,18278.53,3586.64,40.0
2024-10-08,LATAM,Sports,1098.63,242.95,26.0
2022-09-10,LATAM,Home & Garden,396.3,28.09,28.0
2022-02-18,APAC,Beauty,2411.53,502.97,7.0
2023-08-04,North America,Home & Garden,6074.12,440.62,25.0
2024-03-13,Middle East,Apparel,17521.38,6503.69,46.0
2023-01-14,Middle East,Electronics,4476.71,1287.06,43.0
2023-05-17,North America,Food & Beverage,4061.76,1454.98,10.0
2023-07-17,North America,Food & Beverage,7245.59,2025.71,25.0
2023-01-10,EMEA,Electronics,11945.41,2910.54,32.0
2023-10-29,North America,Electronics,10404.64,2198.57,45.0
2022-06-06,LATAM,Home & Garden,93.41,4.95,1.0
2023-05-22,LATAM,Beauty,3691.09,1177.6,20.0
2022-11-10,APAC,Electronics,1200.66,450.01,11.0
2022-12-01,APAC,Electronics,2951.39,276.81,26.0
2023-05-26,EMEA,Home & Garden,1909.68,658.97,7.0
2023-01-28,Middle East,Apparel,896.31,138.61,2.0
2024-04-06,APAC,Home & Garden,885.57,227.69,2.0
2023-07-12,EMEA,Sports,4303.52,454.9,33.0
2022-05-29,APAC,Apparel,318.44,93.78,6.0
2024-04-24,APAC,Electronics,12222.22,2446.73,33.0
2022-01-01,North America,Home & Garden,2657.07,907.32,17.0
2023-08-19,LATAM,Beauty,7657.29,2681.79,28.0
2024-08-31,APAC,Electronics,2068.88,141.94,4.0
2024-09-07,EMEA,Apparel,4929.29,1209.95,15.0
2022-06-01,North America,Home & Garden,4839.12,863.48,18.0
2024-07-05,Middle East,Beauty,1462.57,195.28,28.0
2023-12-23,EMEA,Electronics,20513.2,2665.33,45.0
2024-12-29,EMEA,Home & Garden,4042.51,1055.42,24.0
2022-12-13,APAC,Electronics,9207.22,1135.19,26.0
2024-06-24,LATAM,Beauty,9787.24,2973.05,34.0
2023-09-16,EMEA,Sports,8876.26,3070.89,21.0
2022-01-08,LATAM,Home & Garden,2522.6,163.74,7.0
2023-01-29,LATAM,Apparel,2759.74,189.92,21.0
2024-05-08,North America,Sports,9932.95,1295.3,34.0
2023-04-15,Middle East,Electronics,341.65,47.96,2.0
2024-02-14,Middle East,Electronics,2392.64,806.97,8.0
2024-07-11,APAC,Electronics,11863.77,3032.75,
2023-08-14,North America,Food & Beverage,14625.38,3445.07,31.0
2023-12-07,APAC,Electronics,7640.31,831.03,18.0
2022-09-28,APAC,Electronics,7677.69,2038.88,18.0
2024-06-10,North America,Sports,3978.4,901.65,47.0
2024-03-30,LATAM,Food & Beverage,19274.32,3256.58,49.0
2022-12-17,APAC,Beauty,12099.57,3257.09,42.0
2023-08-14,LATAM,Sports,6715.76,546.69,17.0
2022-10-28,North America,Beauty,16068.24,2077.43,44.0
2022-11-26,APAC,Electronics,4474.55,1305.94,26.0
2023-07-14,EMEA,Apparel,6171.73,2121.13,17.0
2024-10-02,North America,Beauty,7128.96,739.36,34.0
2024-08-21,Middle East,Food & Beverage,20629.59,3468.46,45.0
2023-10-23,EMEA,Home & Garden,4770.48,465.93,25.0
2022-04-23,Middle East,Apparel,1072.14,292.76,39.0
2024-09-17,Middle East,Food & Beverage,16079.97,5132.27,37.0
2024-10-03,North America,Apparel,685.36,182.67,2.0
2022-11-04,North America,Electronics,17460.25,2758.08,49.0
2023-07-25,LATAM,Home & Garden,5555.34,1897.61,19.0
2022-08-20,LATAM,Food & Beverage,13847.22,2093.91,33.0
2022-08-08,North America,Home & Garden,3525.64,327.79,40.0
2024-03-29,North America,Electronics,3941.23,742.64,16.0
2023-01-03,Middle East,Electronics,1493.43,492.4,45.0
2022-07-26,LATAM,Sports,5908.15,2116.03,19.0
2024-09-14,EMEA,Apparel,11631.15,3066.79,40.0
2023-06-28,APAC,Food & Beverage,10413.59,2562.24,37.0
2022-07-09,EMEA,Beauty,2016.4,490.14,35.0
2024-11-18,APAC,Apparel,9505.0,2376.38,47.0
2023-05-29,EMEA,Sports,892.27,89.41,4.0
2024-07-04,LATAM,Beauty,545.9,126.98,17.0
2024-05-29,North America,Apparel,8921.73,1864.47,34.0
2022-01-05,LATAM,Electronics,4255.25,681.09,27.0
2024-09-13,Middle East,Apparel,14885.11,4016.3,42.0
2024-10-18,North America,Home & Garden,1430.14,376.17,11.0
2022-08-10,LATAM,Home & Garden,815.58,209.0,2.0
2022-10-11,North America,Food & Beverage,9858.24,1255.61,28.0
2024-05-30,LATAM,Home & Garden,6802.11,666.36,25.0
2024-03-08,LATAM,Apparel,476.84,90.12,1.0
2024-02-07,North America,Apparel,5075.22,541.71,37.0
2022-12-14,Middle East,Food & Beverage,11175.02,1539.7,35.0
2022-07-21,EMEA,Food & Beverage,6739.9,549.02,18.0
2022-08-09,EMEA,Food & Beverage,5780.85,667.37,31.0
2023-04-24,Middle East,Electronics,2614.16,731.16,15.0
2024-02-25,North America,Apparel,11241.23,4212.3,27.0
2023-07-11,LATAM,Sports,1254.65,189.68,6.0
2022-12-24,Middle East,Apparel,6010.91,1169.48,15.0
2024-01-07,LATAM,Beauty,743.05,174.84,4.0
2022-09-08,North America,Apparel,4627.28,1252.51,28.0
2023-01-08,LATAM,Electronics,1711.76,493.16,9.0
2024-11-24,Middle East,Sports,245.58,18.15,4.0
2024-04-28,LATAM,Home & Garden,11606.0,1362.59,40.0
2023-04-22,North America,Beauty,16693.66,855.34,47.0
2022-12-16,Middle East,Electronics,5694.25,699.22,18.0
2024-06-17,Middle East,Apparel,219.92,36.45,3.0
2024-07-31,Middle East,Food & Beverage,5510.0,1529.56,26.0
2023-05-09,Middle East,Electronics,2175.48,147.86,5.0
2023-02-08,North America,Food & Beverage,6730.75,1893.57,38.0
2023-11-08,EMEA,Sports,21840.35,3167.25,47.0
2024-11-30,North America,Apparel,10091.8,1773.82,
2024-05-07,APAC,Electronics,3286.32,483.96,24.0
2022-01-10,APAC,Electronics,991.52,81.53,3.0
2023-01-17,North America,Sports,2448.56,267.6,14.0
2023-07-09,LATAM,Beauty,3683.36,,45.0
2022-11-09,LATAM,Apparel,201.35,56.64,2.0
2024-09-16,LATAM,Sports,9379.95,1543.73,23.0
2024-06-23,North America,Food & Beverage,1168.11,244.44,32.0
2024-09-28,North America,Apparel,2565.49,872.6,25.0
2024-03-12,Middle East,Beauty,7758.74,2287.22,48.0
2022-06-15,EMEA,Food & Beverage,7274.28,2547.59,17.0
2024-11-26,APAC,Electronics,244.88,77.85,6.0
2024-03-17,APAC,Beauty,3672.82,1195.5,31.0
2024-12-31,North America,Apparel,2857.69,448.82,43.0
2023-12-31,LATAM,Electronics,1628.92,579.85,12.0
2024-09-26,EMEA,Sports,9707.52,2740.38,46.0
2022-05-31,APAC,Home & Garden,661.23,176.78,5.0
2022-05-05,LATAM,Beauty,5234.26,417.14,33.0
2022-01-28,LATAM,Food & Beverage,5199.2,1384.43,16.0
2022-05-12,North America,Home & Garden,11571.54,675.72,38.0
2022-04-10,Middle East,Sports,20420.69,6567.43,48.0
2024-07-17,APAC,Electronics,2309.42,574.43,19.0
2022-02-03,LATAM,Food & Beverage,4559.39,881.26,39.0
2024-08-30,North America,Sports,10467.89,3552.56,32.0
2023-09-15,EMEA,Electronics,392.11,123.95,3.0
2022-11-21,EMEA,Home & Garden,2350.59,422.04,34.0
2024-11-01,Middle East,Sports,977.67,352.34,33.0
2024-12-27,Middle East,Home & Garden,208.19,60.83,11.0
2022-05-20,North America,Sports,5865.05,2204.02,26.0
2022-07-06,LATAM,Sports,100.84,25.61,1.0
2024-01-28,EMEA,Beauty,4915.84,1781.72,10.0
2023-06-30,EMEA,Home & Garden,2211.91,781.31,13.0
2023-04-22,Middle East,Food & Beverage,258.6,61.49,21.0
2022-01-21,LATAM,Food & Beverage,1363.86,345.52,7.0
2022-05-02,APAC,Apparel,180.7,10.19,5.0
2024-04-23,APAC,Electronics,15438.39,4292.28,41.0
2022-11-03,Middle East,Beauty,14562.65,1412.18,40.0
2022-03-06,APAC,Beauty,8457.56,2716.89,24.0
2023-08-05,North America,Food & Beverage,309.99,102.11,1.0
2022-04-21,North America,Electronics,766.18,197.1,15.0
2023-03-14,LATAM,Sports,14780.42,5499.63,30.0
2023-11-09,North America,Food & Beverage,4189.55,1209.71,10.0
2022-08-08,LATAM,Beauty,12835.49,1365.62,47.0
2024-07-25,APAC,Beauty,1206.88,423.83,21.0
2022-08-01,Middle East,Home & Garden,44.01,15.93,3.0
2023-05-09,APAC,Beauty,106.78,10.73,3.0
2022-10-10,North America,Sports,10403.22,749.01,32.0
2024-03-14,Middle East,Sports,2758.95,896.83,15.0
2024-05-19,Middle East,Home & Garden,3316.94,354.45,8.0
2023-01-30,APAC,Electronics,9007.23,2303.19,20.0
2024-04-23,Middle East,Home & Garden,7029.14,1382.25,21.0
2022-06-02,Middle East,Electronics,231.92,87.48,1.0
2023-11-29,EMEA,Food & Beverage,214.74,35.98,4.0
2022-10-08,EMEA,Sports,7541.23,2768.09,15.0
2024-03-28,APAC,Sports,3049.21,658.79,16.0
2023-10-05,LATAM,Electronics,4415.12,,11.0
2024-07-23,EMEA,Apparel,259.68,67.73,16.0
2022-02-07,Middle East,Food & Beverage,9087.14,2584.22,33.0
2023-10-24,APAC,Apparel,9848.98,1959.82,30.0
2023-11-07,North America,Beauty,9406.96,1409.79,43.0
2022-01-07,APAC,Apparel,1578.44,155.86,5.0
2024-10-28,EMEA,Apparel,12722.13,1937.7,49.0
2024-10-10,North America,Beauty,15291.18,5617.17,34.0
2022-07-21,LATAM,Beauty,20235.75,6676.68,43.0
2024-07-04,North America,Home & Garden,12954.36,967.7,46.0
2023-07-10,LATAM,Home & Garden,2846.82,786.09,11.0
2022-12-03,APAC,Apparel,5100.66,1607.49,47.0
2024-09-15,Middle East,Food & Beverage,5533.77,903.19,28.0
2022-02-08,EMEA,Electronics,4654.4,1385.97,38.0
2022-04-11,APAC,Food & Beverage,18116.72,1732.4,49.0
2024-07-25,LATAM,Beauty,4097.08,288.04,10.0
2024-07-21,APAC,Sports,10222.47,1851.38,33.0
2023-10-18,LATAM,Electronics,5757.37,2016.32,20.0
2024-08-17,LATAM,Beauty,14794.96,4377.27,49.0
2022-11-28,APAC,Electronics,638.1,56.37,43.0
2022-07-31,Middle East,Food & Beverage,643.06,239.96,41.0
2022-02-19,LATAM,Apparel,2822.08,743.98,48.0
2022-09-22,APAC,Beauty,5486.65,772.39,27.0
2022-09-25,EMEA,Apparel,9500.71,3505.75,38.0
2024-06-08,EMEA,Beauty,4041.84,1327.83,41.0
2024-10-03,LATAM,Home & Garden,423.52,89.82,1.0
2024-10-03,North America,Food & Beverage,2993.88,515.15,12.0
2022-08-12,Middle East,Home & Garden,1334.78,304.47,13.0
2023-07-07,LATAM,Food & Beverage,16160.64,5090.31,34.0
2023-06-12,EMEA,Beauty,8078.99,947.56,19.0
2022-11-16,North America,Electronics,5393.49,620.6,40.0
2023-01-06,Middle East,Sports,3359.73,215.35,31.0
2024-07-21,North America,Sports,15142.36,,33.0
2023-01-26,North America,Beauty,148.68,27.71,3.0
2022-05-06,North America,Beauty,11730.43,2485.62,42.0
2023-02-04,North America,Home & Garden,5522.85,1468.56,29.0
2024-07-16,APAC,Home & Garden,13586.7,795.14,44.0
2024-02-06,North America,Electronics,,2695.77,34.0
2022-04-09,North America,Home & Garden,3934.26,496.83,32.0
2024-01-07,EMEA,Beauty,2018.52,187.13,
2023-01-27,Middle East,Beauty,276.34,75.24,9.0
2023-03-30,APAC,Food & Beverage,7884.37,2281.0,24.0
2023-08-02,Middle East,Sports,6644.36,2372.47,20.0
2022-08-02,APAC,Electronics,1366.02,493.86,32.0
2024-12-06,Middle East,Sports,8651.22,580.87,30.0
2024-09-23,EMEA,Food & Beverage,20145.02,3037.98,41.0
2024-04-18,Middle East,Food & Beverage,16678.59,4853.77,37.0
2024-11-05,EMEA,Beauty,5301.4,1742.9,25.0
2022-05-18,EMEA,Home & Garden,14353.62,5443.7,32.0
2023-06-21,LATAM,Electronics,1055.68,237.54,30.0
2023-04-17,Middle East,Sports,840.65,123.3,42.0
2023-08-18,APAC,Electronics,1360.12,184.95,
2022-05-07,EMEA,Food & Beverage,10588.29,2703.29,42.0
2022-09-01,EMEA,Beauty,14129.44,853.49,33.0
2023-05-26,LATAM,Apparel,622.45,149.96,3.0
2022-08-20,EMEA,Food & Beverage,8621.7,1053.08,30.0
2024-05-16,APAC,Sports,3319.58,374.39,
2024-10-06,LATAM,Apparel,15788.81,2097.87,35.0
2024-01-10,Middle East,Apparel,12667.07,3757.88,47.0
2023-03-31,North America,Food & Beverage,9652.12,3193.43,25.0
2022-08-31,APAC,Electronics,1724.23,444.16,4.0
2023-07-20,APAC,Beauty,6158.43,2179.53,25.0
2024-11-15,North America,Home & Garden,11992.04,2780.68,32.0
2022-01-30,North America,Home & Garden,1336.59,239.49,7.0
2023-11-04,Middle East,Beauty,7294.16,2364.51,40.0
2022-10-07,North America,Beauty,12211.46,3190.12,38.0
2023-09-12,EMEA,Electronics,16271.86,2271.64,46.0
2022-12-04,Middle East,Sports,1356.78,356.21,17.0
2024-02-04,North America,Electronics,20719.05,1067.21,49.0
2022-07-13,APAC,Food & Beverage,4542.43,331.23,12.0
2023-02-09,LATAM,Food & Beverage,12289.22,3883.77,27.0
2022-09-13,EMEA,Sports,10111.57,3376.19,42.0
2022-10-06,North America,Sports,16961.79,6359.74,42.0
2023-08-21,EMEA,Electronics,1561.7,231.59,11.0
2022-04-02,Middle East,Home & Garden,4994.42,1512.97,23.0
2022-11-30,LATAM,Home & Garden,1928.74,130.5,25.0
2023-05-12,North America,Apparel,124.2,16.84,1.0
2023-02-07,APAC,Sports,244.81,57.41,2.0
2024-12-23,APAC,Beauty,14672.62,2893.55,33.0
2024-05-13,North America,Electronics,2243.76,842.23,
2023-07-13,EMEA,Apparel,8316.4,934.94,19.0
2024-12-29,EMEA,Food & Beverage,6356.64,1576.28,14.0
2022-09-04,Middle East,Sports,10288.52,1604.27,30.0
2022-05-20,EMEA,Electronics,1726.16,400.07,24.0
2023-09-04,EMEA,Electronics,866.54,69.55,4.0
2023-09-30,LATAM,Sports,6808.19,1337.57,46.0
2022-10-26,APAC,Home & Garden,5543.91,1298.08,44.0
2022-12-06,LATAM,Home & Garden,14097.97,2485.95,44.0
2024-01-15,North America,Sports,1587.45,428.06,33.0
2024-12-15,LATAM,Sports,5307.5,828.08,23.0
2024-02-02,North America,Home & Garden,16150.17,1460.5,43.0
2023-12-07,APAC,Food & Beverage,1076.51,184.99,26.0
2024-12-23,LATAM,Sports,2759.29,434.84,12.0
2022-06-06,EMEA,Home & Garden,8833.63,2598.44,33.0
2024-05-06,Middle East,Home & Garden,7002.54,2082.27,37.0
2024-11-06,APAC,Apparel,2279.56,824.9,24.0
2022-02-16,APAC,Apparel,23377.04,6532.28,45.0
2023-07-10,North America,Home & Garden,20949.87,2662.29,49.0
2023-04-27,North America,Beauty,1409.07,334.95,15.0
2024-03-10,EMEA,Electronics,10133.28,2857.78,37.0
2022-01-17,APAC,Electronics,9551.46,2202.5,21.0
2023-12-01,LATAM,Food & Beverage,4046.54,1128.97,16.0
2023-02-27,North America,Food & Beverage,626.33,173.03,23.0
2024-06-17,EMEA,Food & Beverage,7281.75,1195.85,23.0
2022-06-04,Middle East,Sports,339.04,60.34,1.0
2022-11-09,APAC,Home & Garden,51.35,19.35,3.0
2024-04-07,LATAM,Beauty,1633.78,486.35,26.0
2022-02-18,North America,Apparel,6077.08,537.9,23.0
2024-04-03,Middle East,Sports,2882.73,502.31,43.0
2024-06-01,Middle East,Home & Garden,334.57,52.62,2.0
2022-09-29,APAC,Home & Garden,297.85,97.07,1.0
2023-02-26,LATAM,Electronics,6621.46,791.42,23.0
2022-06-18,LATAM,Sports,12662.6,731.12,29.0
2024-06-16,EMEA,Electronics,4176.53,1327.28,31.0
2023-01-04,LATAM,Beauty,2438.16,885.67,33.0
2023-11-18,LATAM,Sports,10203.19,2020.99,20.0
2024-04-29,LATAM,Apparel,7905.47,2059.05,23.0
2024-04-09,Middle East,Apparel,15749.62,1478.86,34.0
2024-02-03,LATAM,Sports,3493.77,1065.55,22.0
2024-11-21,LATAM,Sports,1471.66,317.25,6.0
2023-10-22,EMEA,Home & Garden,13196.34,3122.54,33.0
2022-03-07,LATAM,Beauty,23944.56,7828.21,48.0
2023-05-19,EMEA,Sports,4656.34,1137.52,16.0
2022-01-29,LATAM,Sports,7589.81,2782.32,24.0
2024-01-22,EMEA,Home & Garden,9894.56,1407.91,26.0
2023-11-04,North America,Beauty,1652.81,358.9,12.0
2022-08-14,LATAM,Beauty,4914.85,796.13,21.0
2022-09-10,APAC,Home & Garden,2486.6,277.11,9.0
2024-08-19,EMEA,Electronics,3557.48,221.99,10.0
2023-02-13,APAC,Food & Beverage,6239.13,1081.08,33.0
2022-06-14,LATAM,Home & Garden,14079.96,4740.68,39.0
2023-03-07,Middle East,Home & Garden,2080.86,265.69,8.0
2023-01-10,APAC,Electronics,5311.71,919.91,41.0
2022-09-23,Middle East,Apparel,15130.71,3362.97,34.0
2024-01-28,North America,Beauty,393.16,105.1,5.0
2023-09-23,North America,Home & Garden,1239.69,77.27,6.0
2022-05-11,APAC,Apparel,1716.89,142.43,24.0
2023-09-29,EMEA,Sports,5318.17,1694.42,30.0
2022-02-19,EMEA,Home & Garden,1559.1,122.2,8.0
2024-10-17,EMEA,Electronics,2227.86,337.64,24.0
2022-10-27,APAC,Electronics,3172.97,822.88,11.0
2024-10-17,North America,Sports,3658.2,1150.52,14.0
2023-03-10,EMEA,Electronics,15655.9,5751.58,46.0
2023-03-01,EMEA,Home & Garden,1188.74,241.13,14.0
2023-11-11,APAC,Electronics,5265.08,857.99,10.0
2024-12-13,LATAM,Home & Garden,9626.91,2066.18,41.0
2022-11-12,EMEA,Home & Garden,2921.9,848.59,20.0
2022-10-06,APAC,Sports,369.28,65.87,29.0
2022-08-20,EMEA,Sports,6164.11,859.5,13.0
2022-12-30,APAC,Beauty,15564.56,4971.21,36.0
2024-05-31,LATAM,Home & Garden,8868.25,912.77,47.0
2023-01-17,APAC,Home & Garden,13916.07,3504.55,36.0
2022-12-30,LATAM,Sports,8080.62,3034.17,29.0
2024-10-06,North America,Sports,6860.7,1358.47,26.0
2023-10-12,LATAM,Home & Garden,208.49,17.18,2.0
2023-11-21,LATAM,Electronics,9130.02,555.16,26.0
2022-01-26,North America,Food & Beverage,29.42,7.77,1.0
2024-01-27,LATAM,Home & Garden,13953.25,1778.47,28.0
2024-05-24,EMEA,Electronics,5546.77,1708.49,14.0
2023-02-08,LATAM,Home & Garden,11018.79,1252.0,25.0
2022-03-29,APAC,Home & Garden,2481.63,838.96,15.0
2024-09-19,APAC,Apparel,496.88,58.53,43.0
2023-03-02,Middle East,Food & Beverage,10544.46,2384.78,38.0
2022-06-23,Middle East,Beauty,2748.72,891.26,23.0
2022-08-08,North America,Food & Beverage,11420.0,3672.51,27.0
2023-03-08,Middle East,Home & Garden,5229.38,361.28,17.0
2022-04-03,APAC,Sports,2631.4,611.18,42.0
2022-04-02,North America,Home & Garden,12801.34,2308.13,31.0
2024-04-08,EMEA,Sports,3680.96,1004.6,35.0
2024-03-07,Middle East,Beauty,1676.47,422.51,10.0
2024-12-14,EMEA,Sports,9136.43,1469.16,44.0
2024-12-29,North America,Beauty,10229.92,728.97,49.0
2023-11-18,North America,Electronics,3777.09,499.72,8.0
2022-04-05,EMEA,Sports,11082.85,3086.64,44.0
2023-05-30,North America,Home & Garden,18591.28,5084.51,41.0
2023-08-03,North America,Beauty,3816.46,218.1,21.0
2022-09-08,APAC,Apparel,2280.83,615.97,38.0
2022-06-02,North America,Apparel,8784.79,3163.94,31.0
2024-04-28,APAC,Home & Garden,58.47,14.55,2.0
2022-10-17,APAC,Electronics,1120.15,222.07,49.0
2023-05-18,Middle East,Sports,10479.81,3400.47,37.0
2022-02-19,LATAM,Beauty,22543.3,1177.84,45.0
2022-06-28,LATAM,Electronics,4571.5,549.84,12.0
2024-12-07,North America,Electronics,12383.25,875.44,38.0
2023-01-06,LATAM,Food & Beverage,11803.71,1607.76,44.0
2023-08-12,EMEA,Home & Garden,11574.53,3438.5,42.0
2023-03-03,LATAM,Home & Garden,1627.06,274.64,26.0
2024-05-01,Middle East,Electronics,359.79,125.38,5.0
2022-02-23,LATAM,Food & Beverage,7104.55,1109.33,40.0
2022-11-04,LATAM,Electronics,2822.83,514.05,17.0
2022-04-04,North America,Apparel,8178.03,1236.86,49.0
2023-02-28,EMEA,Home & Garden,6154.28,622.68,26.0
2022-07-08,EMEA,Home & Garden,22806.27,4445.78,48.0
2023-01-17,APAC,Electronics,10496.3,2153.37,36.0
2023-01-25,APAC,Sports,1777.15,441.83,9.0
2022-02-20,APAC,Apparel,1029.4,64.56,18.0
2022-11-06,APAC,Beauty,8682.14,2784.79,38.0
2022-12-20,EMEA,Sports,937.2,240.49,22.0
2022-10-13,LATAM,Electronics,1287.02,428.73,38.0
2022-12-11,Middle East,Apparel,2295.23,144.83,17.0
2023-09-16,EMEA,Sports,8876.26,3070.89,21.0
2024-09-11,North America,Apparel,18483.02,1680.87,35.0
2023-01-17,North America,Electronics,8749.12,2452.83,34.0
2022-05-23,North America,Apparel,15567.74,3885.81,45.0
2023-04-11,APAC,Apparel,4673.23,630.65,20.0
2024-05-08,EMEA,Apparel,14968.59,3687.93,36.0
2022-06-07,Middle East,Electronics,3131.03,1084.72,23.0
2023-05-30,EMEA,Food & Beverage,16999.49,1951.01,43.0
2024-05-14,LATAM,Food & Beverage,2823.92,542.79,34.0
2023-10-11,EMEA,Food & Beverage,2501.61,428.87,10.0
2023-10-20,APAC,Apparel,8017.57,2998.08,31.0
2022-11-16,LATAM,Apparel,6006.46,1865.09,23.0
2023-06-22,North America,Electronics,15662.81,1486.89,31.0
2023-07-15,Middle East,Home & Garden,541.99,67.56,47.0
2023-08-04,LATAM,Apparel,489.38,141.41,2.0
2023-01-10,North America,Electronics,6280.87,793.23,20.0
2023-11-07,Middle East,Electronics,9212.07,2569.66,40.0
2023-08-15,Middle East,Home & Garden,9747.06,2539.82,30.0
2024-11-11,LATAM,Electronics,4015.1,1461.71,17.0
2023-10-27,APAC,Apparel,1191.29,346.76,16.0
2024-05-05,APAC,Beauty,4607.12,1402.8,44.0
2022-06-15,LATAM,Home & Garden,3719.63,1134.81,8.0
2022-10-31,North America,Apparel,2157.95,470.77,6.0
2023-05-15,APAC,Beauty,3324.79,497.46,7.0
2022-11-07,LATAM,Beauty,4520.94,309.5,13.0
2022-07-16,North America,Electronics,8538.98,2219.18,24.0
2024-05-06,North America,Beauty,544.5,117.03,38.0
2024-10-07,LATAM,Food & Beverage,4136.42,861.16,10.0
2023-08-05,North America,Food & Beverage,2119.89,617.33,7.0
2024-07-12,APAC,Food & Beverage,8838.79,2944.84,39.0
2023-07-19,APAC,Beauty,10836.94,854.64,
2022-05-11,EMEA,Apparel,5797.4,1922.07,48.0
2023-06-28,North America,Electronics,1105.24,263.63,25.0
2023-11-07,North America,Home & Garden,14593.34,4744.49,36.0
2022-12-11,EMEA,Food & Beverage,327.09,119.3,2.0
2022-02-15,EMEA,Home & Garden,2736.56,209.92,8.0
2022-09-15,EMEA,Beauty,13114.16,2785.52,32.0
2022-06-03,Middle East,Apparel,3383.83,646.0,8.0
2022-01-06,APAC,Apparel,9345.67,525.63,43.0
2023-07-05,Middle East,Beauty,8255.84,1346.61,21.0
2023-10-29,LATAM,Home & Garden,3129.42,696.45,8.0
2022-04-18,LATAM,Home & Garden,3403.08,226.12,14.0
2023-03-28,EMEA,Electronics,10230.28,,48.0
2024-10-07,North America,Beauty,181.57,13.08,8.0
2024-06-04,EMEA,Electronics,12963.9,1461.4,42.0
2024-06-15,APAC,Home & Garden,2006.39,651.79,31.0
2024-01-13,APAC,Home & Garden,3667.44,492.78,23.0
2023-02-12,North America,Electronics,5460.96,287.64,18.0
2022-03-14,APAC,Home & Garden,6296.77,713.98,16.0
2024-09-08,Middle East,Sports,4582.33,1570.84,43.0
2024-10-22,LATAM,Apparel,13236.26,3235.26,27.0
2022-11-19,North America,Apparel,455.79,169.31,1.0
2022-11-08,EMEA,Sports,9345.79,534.56,39.0
2024-04-04,EMEA,Electronics,1444.69,138.58,26.0
2022-07-18,EMEA,Apparel,6046.14,1198.17,34.0
2024-03-01,LATAM,Electronics,829.12,302.36,16.0
2024-05-29,North America,Sports,,640.23,31.0
2023-05-23,North America,Home & Garden,4467.23,929.93,40.0
2023-02-12,LATAM,Food & Beverage,19899.27,4218.51,49.0
2024-02-01,LATAM,Electronics,6404.03,978.26,20.0
2024-06-14,APAC,Beauty,15860.12,5644.52,43.0
2024-05-04,LATAM,Sports,231.56,55.47,2.0
2023-08-15,APAC,Beauty,3168.57,858.69,21.0
2022-06-11,LATAM,Home & Garden,6536.62,2001.04,45.0
2022-02-18,Middle East,Electronics,1478.89,244.45,10.0
2022-04-27,APAC,Home & Garden,13119.87,804.23,48.0
2023-08-20,North America,Food & Beverage,1337.03,126.35,5.0
2024-02-05,EMEA,Beauty,824.7,44.99,3.0
2024-06-27,Middle East,Home & Garden,14655.22,1979.05,39.0
2022-05-11,EMEA,Sports,1281.94,115.34,17.0
2023-01-11,Middle East,Food & Beverage,7618.42,2101.93,24.0
2024-12-15,APAC,Sports,203.24,19.12,20.0
2022-05-25,North America,Food & Beverage,3028.23,355.01,8.0
2022-12-05,North America,Beauty,891.64,181.31,45.0
2024-03-16,EMEA,Apparel,707.86,251.68,9.0
2023-03-08,LATAM,Food & Beverage,2542.52,434.72,26.0
2023-10-03,APAC,Electronics,3288.09,479.86,24.0
2023-05-10,North America,Electronics,4087.15,482.32,9.0
2022-09-14,LATAM,Home & Garden,455.87,73.82,15.0
2022-08-28,LATAM,Apparel,10212.75,988.56,21.0
2024-09-22,Middle East,Beauty,21363.72,4085.67,45.0
2024-05-13,LATAM,Beauty,2969.99,583.05,17.0
2024-06-15,EMEA,Apparel,4514.86,1353.6,31.0
2024-11-18,EMEA,Sports,5849.26,394.9,48.0
2024-10-15,EMEA,Sports,2702.85,1008.42,29.0
2022-06-02,LATAM,Food & Beverage,11182.28,3752.63,23.0
2023-10-08,North America,Home & Garden,8578.03,1438.78,33.0
2024-09-23,Middle East,Sports,5798.61,1434.33,22.0
2023-04-07,LATAM,Sports,12410.56,4482.75,36.0
2022-06-19,Middle East,Sports,2434.53,857.64,21.0
2023-09-30,LATAM,Electronics,12258.22,3022.85,27.0
2024-01-02,APAC,Sports,3199.86,720.57,14.0
2023-04-19,APAC,Beauty,7655.32,904.58,17.0
2024-03-16,APAC,Food & Beverage,1866.67,144.44,7.0
2022-05-27,North America,Sports,2667.75,589.06,12.0
2022-01-12,APAC,Electronics,2110.75,622.14,16.0
2022-02-20,APAC,Food & Beverage,738.45,152.63,37.0
2024-05-04,LATAM,Apparel,1820.87,428.15,4.0
2022-08-29,APAC,Beauty,1948.37,213.58,17.0
2024-07-20,EMEA,Food & Beverage,15614.99,5379.83,39.0
2024-05-02,Middle East,Home & Garden,14187.82,5196.88,30.0
2022-06-27,North America,Home & Garden,108.81,18.5,6.0
2023-11-27,LATAM,Home & Garden,19794.28,6253.04,49.0
2024-03-20,North America,Sports,6895.61,1731.37,16.0
2023-11-17,EMEA,Food & Beverage,7950.41,2382.1,19.0
2022-05-05,North America,Apparel,5892.95,1743.25,33.0
2023-12-06,LATAM,Beauty,15339.26,2901.01,37.0
2024-08-24,LATAM,Food & Beverage,9376.26,2289.74,42.0
2024-05-11,Middle East,Sports,8002.46,2009.19,35.0
2023-12-07,Middle East,Home & Garden,15060.16,4585.5,48.0
2022-06-19,APAC,Home & Garden,13953.06,3746.19,39.0
2023-12-20,LATAM,Beauty,15591.36,1841.58,38.0
2023-05-18,North America,Sports,4125.21,1416.7,24.0
2022-04-12,APAC,Beauty,7312.2,2451.58,27.0
2024-04-21,LATAM,Beauty,5874.97,1664.2,14.0
2022-11-19,Middle East,Apparel,1128.75,176.22,18.0
2023-03-08,APAC,Food & Beverage,379.91,44.64,21.0
2023-10-25,Middle East,Home & Garden,1034.86,229.27,49.0
2024-02-20,Middle East,Apparel,9591.64,2440.63,45.0
2023-09-04,EMEA,Apparel,7791.73,1654.39,44.0
2024-07-16,EMEA,Food & Beverage,2901.66,379.62,8.0
2023-08-03,Middle East,Electronics,7388.86,1070.74,28.0
2023-12-13,Middle East,Apparel,1673.04,135.75,9.0
2023-04-16,APAC,Food & Beverage,7986.69,2452.99,40.0
2022-01-09,Middle East,Electronics,866.91,121.8,31.0
2022-12-05,North America,Beauty,4689.09,627.73,15.0
2023-04-05,LATAM,Sports,8560.39,2707.71,33.0
2024-07-01,LATAM,Electronics,1712.93,361.05,7.0
2023-09-10,APAC,Food & Beverage,1664.78,560.08,7.0
2024-12-27,LATAM,Electronics,1996.76,247.59,26.0
2023-01-23,APAC,Food & Beverage,2849.86,771.59,20.0
2022-06-24,LATAM,Apparel,1577.9,328.65,21.0
2022-08-30,Middle East,Home & Garden,7496.15,2271.58,18.0
2024-09-02,LATAM,Electronics,110.28,28.06,4.0
2023-11-14,EMEA,Electronics,13115.57,2977.12,37.0
2024-10-27,EMEA,Apparel,384.36,60.12,26.0
2023-02-01,EMEA,Beauty,12311.39,4297.4,43.0
2022-11-12,EMEA,Sports,5327.46,1744.43,23.0
2024-10-29,North America,Home & Garden,11651.68,2867.69,33.0
2024-05-16,North America,Food & Beverage,159.32,47.84,2.0
2022-09-17,EMEA,Food & Beverage,3518.81,1085.97,9.0
2022-05-23,EMEA,Apparel,650.13,196.21,5.0
2022-06-29,Middle East,Food & Beverage,8450.43,3200.94,23.0
2023-06-22,LATAM,Sports,1886.07,329.67,6.0
2023-07-29,LATAM,Apparel,314.01,37.89,1.0
2024-12-20,EMEA,Home & Garden,11104.07,3583.77,41.0
2024-05-27,EMEA,Home & Garden,256.77,19.92,6.0
2024-01-18,EMEA,Beauty,7880.01,2691.79,23.0
2024-03-03,North America,Food & Beverage,9046.14,2143.25,22.0
2023-07-29,LATAM,Apparel,12669.63,4564.77,25.0
2023-04-28,Middle East,Food & Beverage,12236.85,3236.57,25.0
2023-09-10,Middle East,Sports,13362.41,4308.25,40.0
2024-10-23,Middle East,Home & Garden,2452.18,680.42,22.0
2023-09-07,APAC,Apparel,20385.12,4006.23,40.0
2023-10-21,North America,Food & Beverage,3599.81,596.04,23.0
2023-09-16,EMEA,Food & Beverage,8045.76,1396.67,17.0
2022-01-12,APAC,Home & Garden,14820.7,4508.0,29.0
2024-12-31,APAC,Food & Beverage,1082.64,408.6,22.0
2022-12-31,EMEA,Electronics,9483.82,2277.61,44.0
2022-02-26,Middle East,Sports,9458.74,1753.34,40.0
2024-07-24,LATAM,Home & Garden,6383.89,1758.48,17.0
2024-04-22,EMEA,Food & Beverage,8267.85,1245.08,39.0
2024-06-13,EMEA,Beauty,2642.94,392.67,13.0
2024-07-13,Middle East,Beauty,215.64,49.81,1.0
2022-08-11,EMEA,Electronics,10059.79,917.97,41.0
2024-06-23,Middle East,Beauty,8694.44,2820.73,28.0
2022-10-15,North America,Electronics,9115.57,3393.07,21.0
2022-12-16,LATAM,Apparel,593.88,113.8,2.0
2024-05-25,North America,Sports,13262.32,1534.31,37.0
2022-06-08,Middle East,Food & Beverage,5564.37,1720.54,24.0
2022-05-16,LATAM,Food & Beverage,2459.19,466.2,11.0
2023-02-06,North America,Apparel,240.53,50.69,12.0
2022-01-20,Middle East,Sports,2896.57,494.17,12.0
2023-07-15,EMEA,Apparel,4459.29,926.85,44.0
2022-12-18,North America,Food & Beverage,12624.17,4389.59,36.0
2024-10-08,North America,Sports,7407.85,1718.87,
2023-11-28,APAC,Sports,7654.89,1274.38,17.0
2024-02-26,LATAM,Beauty,11299.71,798.85,26.0
2023-01-05,LATAM,Beauty,961.71,156.89,6.0
2023-06-09,LATAM,Home & Garden,20733.54,7072.36,41.0
2022-11-18,Middle East,Food & Beverage,1886.09,525.85,21.0
2022-07-25,Middle East,Beauty,2846.01,435.58,26.0
2024-08-14,EMEA,Sports,4470.52,900.28,16.0
2024-12-27,APAC,Beauty,17330.52,1286.29,40.0
2022-05-14,Middle East,Beauty,1999.24,503.17,16.0
2022-10-31,LATAM,Apparel,7921.68,2661.83,24.0
2023-07-04,North America,Food & Beverage,4040.55,370.52,24.0
2022-11-07,Middle East,Home & Garden,3481.19,988.47,31.0
2023-02-11,North America,Home & Garden,313.59,114.78,3.0
2023-12-22,Middle East,Sports,5510.05,1137.03,14.0
2022-01-14,North America,Apparel,816.29,184.32,24.0
2024-12-12,APAC,Home & Garden,20238.71,2825.0,48.0
2023-04-07,North America,Food & Beverage,878.14,235.36,31.0
2024-08-13,EMEA,Electronics,5103.18,1409.71,18.0
2024-12-15,North America,Home & Garden,1133.65,307.5,42.0
2024-06-22,North America,Food & Beverage,2552.41,326.07,13.0
2024-09-03,EMEA,Food & Beverage,19133.85,2229.12,49.0
2023-06-25,EMEA,Home & Garden,947.7,257.14,6.0
2024-11-23,North America,Sports,3902.07,1237.64,21.0
2023-07-24,EMEA,Sports,445.65,101.34,1.0
2022-12-05,Middle East,Beauty,15374.39,3197.25,43.0
2023-08-29,APAC,Sports,2940.3,436.84,8.0
2024-09-22,North America,Home & Garden,2718.59,858.12,12.0
2023-10-13,Middle East,Apparel,1339.6,150.78,4.0
2023-05-13,LATAM,Home & Garden,9631.95,3183.01,25.0
2022-07-20,APAC,Food & Beverage,10399.23,2138.38,38.0
2022-10-05,APAC,Electronics,1352.08,186.01,17.0
2024-12-17,Middle East,Food & Beverage,20505.49,4746.0,49.0
2023-08-11,APAC,Apparel,3328.92,342.79,18.0
2024-04-13,EMEA,Sports,2276.31,773.91,24.0
2023-07-18,North America,Food & Beverage,471.98,79.16,20.0
2024-02-17,Middle East,Sports,13507.82,854.13,41.0
2022-02-13,APAC,Electronics,1216.86,254.23,14.0
2022-03-30,North America,Electronics,3868.27,432.22,21.0
2023-06-07,North America,Beauty,723.69,143.61,36.0
2024-05-25,EMEA,Apparel,841.77,256.04,
2022-02-18,EMEA,Electronics,20136.56,4703.23,49.0
2022-10-01,EMEA,Electronics,7922.97,1850.56,47.0
2023-03-28,LATAM,Electronics,6779.05,2378.84,41.0
2022-09-20,LATAM,Apparel,6399.56,709.34,21.0
2023-09-01,North America,Home & Garden,688.11,211.57,6.0
2022-05-21,APAC,Electronics,6812.06,1116.73,25.0
2023-05-18,EMEA,Electronics,14559.46,2737.44,49.0
2023-08-28,Middle East,Home & Garden,12603.77,4498.06,44.0
2024-11-14,LATAM,Electronics,17241.84,6059.47,35.0
2023-11-09,APAC,Apparel,14526.89,1396.72,35.0
2024-07-19,EMEA,Sports,2204.59,197.75,7.0
2024-12-08,Middle East,Beauty,10843.02,1394.98,27.0
2022-02-26,Middle East,Sports,1047.66,59.85,26.0
2023-08-16,LATAM,Apparel,16297.31,5967.36,42.0
2022-04-30,North America,Apparel,10442.25,2439.37,26.0
2023-04-19,EMEA,Food & Beverage,9743.5,3459.24,19.0
2023-08-06,EMEA,Apparel,3763.21,1347.29,13.0
2022-04-05,LATAM,Food & Beverage,4205.76,1379.51,34.0
2023-07-10,Middle East,Apparel,2057.96,600.32,32.0
2024-07-01,Middle East,Apparel,1531.83,549.79,17.0
2022-06-20,Middle East,Food & Beverage,691.71,230.58,2.0
2024-01-08,North America,Beauty,9747.62,1802.9,45.0
2024-01-18,Middle East,Beauty,696.69,242.71,3.0
2023-04-11,LATAM,Home & Garden,9761.6,991.23,24.0
2023-10-01,APAC,Food & Beverage,377.12,91.7,1.0
2023-09-18,Middle East,Electronics,2876.67,426.4,38.0
2024-08-19,North America,Food & Beverage,5727.29,556.03,17.0
2023-07-15,North America,Beauty,2429.29,486.09,22.0
2023-02-21,North America,Electronics,597.3,165.83,42.0
2022-08-12,Middle East,Food & Beverage,10854.49,1340.57,39.0
2024-05-03,LATAM,Apparel,4104.98,371.82,33.0
2022-02-21,APAC,Food & Beverage,529.67,83.28,6.0
2022-12-20,EMEA,Beauty,3919.69,,24.0
2022-07-05,Middle East,Beauty,5599.29,1214.93,40.0
2023-07-19,EMEA,Sports,10998.8,1507.92,44.0
2022-08-20,LATAM,Beauty,3076.66,1130.16,8.0
2023-07-27,LATAM,Sports,323.77,57.76,1.0
2022-09-07,Middle East,Home & Garden,5982.03,366.59,17.0
2024-02-17,LATAM,Apparel,339.79,124.88,5.0
2024-10-14,APAC,Beauty,4150.57,1342.85,25.0
2024-04-27,Middle East,Sports,9912.05,1692.01,30.0
2022-10-31,LATAM,Sports,9953.82,3385.55,32.0
2023-03-13,North America,Apparel,8861.11,1829.21,38.0
2022-01-02,LATAM,Sports,3341.17,880.18,27.0
2022-04-09,APAC,Apparel,2140.6,413.43,40.0
2023-04-14,LATAM,Apparel,5950.93,1993.22,25.0
2023-08-19,APAC,Apparel,1348.12,142.23,7.0
2023-04-11,North America,Apparel,1676.53,300.62,45.0
2024-01-17,LATAM,Food & Beverage,1757.75,408.48,7.0
2022-08-10,Middle East,Food & Beverage,5382.18,677.33,40.0
2022-08-12,LATAM,Food & Beverage,491.38,126.13,1.0
2024-02-13,EMEA,Electronics,2874.34,844.91,26.0
2023-10-06,North America,Electronics,5686.9,939.88,43.0
2023-04-30,APAC,Apparel,5244.78,1742.19,13.0
2024-05-07,APAC,Food & Beverage,2648.89,564.88,10.0
2023-08-01,APAC,Apparel,3512.24,,31.0
2022-03-09,North America,Apparel,7670.9,2358.79,21.0
2022-03-02,Middle East,Home & Garden,10374.54,885.14,24.0
2024-07-09,LATAM,Sports,1952.59,478.16,4.0
2024-08-29,LATAM,Sports,1464.88,315.81,12.0
2022-08-24,Middle East,Beauty,14143.53,1053.61,35.0
2023-05-13,North America,Beauty,15580.21,3468.27,36.0
2022-11-27,North America,Food & Beverage,14292.21,4666.95,36.0
2024-08-03,LATAM,Apparel,5949.25,1260.93,23.0
2024-08-08,North America,Apparel,5103.88,1892.21,10.0
2022-07-09,LATAM,Electronics,4290.66,970.13,11.0
2023-11-21,Middle East,Food & Beverage,14671.15,2757.94,37.0
2024-01-30,APAC,Apparel,4792.54,720.48,27.0
2022-11-14,APAC,Apparel,678.71,62.75,35.0
2024-01-02,North America,Beauty,1259.12,168.28,14.0
2024-05-22,EMEA,Home & Garden,20949.1,1212.44,45.0
2024-04-13,North America,Beauty,1066.76,259.7,26.0
2023-04-16,LATAM,Home & Garden,2357.74,871.39,30.0
2022-07-06,APAC,Apparel,7204.78,1580.53,17.0
2022-12-31,APAC,Sports,4831.66,1654.79,12.0
2024-09-07,North America,Home & Garden,3841.11,1139.56,14.0
2024-04-15,North America,Apparel,317.36,79.85,1.0
2024-06-25,APAC,Beauty,3908.79,1005.28,15.0
2022-01-14,Middle East,Sports,5367.38,1889.05,11.0
2024-03-06,North America,Food & Beverage,4719.46,1266.93,29.0
2024-08-13,Middle East,Sports,6673.07,727.34,18.0
2023-03-12,Middle East,Home & Garden,15873.61,5880.04,39.0
2022-07-06,North America,Electronics,2700.85,254.26,7.0
2022-01-27,LATAM,Food & Beverage,11522.05,1555.4,21.0
2023-07-24,APAC,Apparel,2462.56,854.02,10.0
2022-10-27,LATAM,Apparel,2105.43,240.98,8.0
2023-08-09,APAC,Food & Beverage,14816.16,1326.27,35.0
2023-11-06,North America,Sports,352.26,117.24,3.0
2024-09-29,Middle East,Apparel,9482.87,2672.99,49.0
2023-05-06,Middle East,Food & Beverage,16999.25,6119.58,33.0
2023-05-22,North America,Electronics,13584.86,3261.54,38.0
2023-03-11,LATAM,Beauty,6636.2,1632.76,31.0
2022-09-15,APAC,Food & Beverage,3625.82,547.09,18.0
2024-01-10,EMEA,Apparel,9609.19,2552.63,27.0
2023-12-02,North America,Food & Beverage,152.23,21.3,1.0
2022-12-04,APAC,Sports,515.16,139.14,14.0
2022-01-24,Middle East,Apparel,17831.29,5448.78,40.0
2023-07-06,APAC,Electronics,5767.39,,14.0
2024-01-18,EMEA,Beauty,7880.01,2691.79,23.0
2023-01-15,APAC,Sports,4038.96,800.11,21.0
2022-02-13,LATAM,Home & Garden,5881.96,1731.06,34.0
2024-12-23,EMEA,Food & Beverage,3721.87,377.32,20.0
2023-11-11,APAC,Electronics,3651.41,622.24,27.0
2024-02-16,North America,Food & Beverage,377.79,43.78,3.0
2024-07-20,North America,Sports,4288.54,1384.87,17.0
2024-07-25,North America,Food & Beverage,18612.22,5291.29,40.0
2022-09-21,Middle East,Apparel,9353.85,3412.52,36.0
2023-04-26,APAC,Apparel,14292.86,4437.24,45.0
2023-08-16,APAC,Apparel,1504.18,500.38,6.0
2022-01-02,Middle East,Beauty,11802.45,2495.06,26.0
2022-03-28,Middle East,Beauty,2416.33,127.05,24.0
2024-10-04,North America,Apparel,18702.37,5304.5,44.0
2023-07-11,LATAM,Food & Beverage,8483.86,1443.01,42.0
2023-08-26,EMEA,Beauty,5038.62,1694.76,20.0
2022-12-14,EMEA,Home & Garden,2997.85,830.13,18.0
2022-06-15,North America,Food & Beverage,1139.0,114.52,24.0
2024-01-12,APAC,Home & Garden,1881.31,710.48,15.0
2024-09-02,APAC,Electronics,1184.96,407.27,35.0
2024-07-06,North America,Apparel,5812.24,558.96,12.0
2023-01-13,LATAM,Apparel,10004.05,2314.11,35.0
2023-12-03,LATAM,Sports,8824.02,1325.32,31.0
2024-11-09,North America,Food & Beverage,9036.85,1339.68,28.0
2024-06-27,LATAM,Electronics,564.61,113.38,2.0
2022-09-24,North America,Sports,3682.97,1028.9,26.0
2024-12-15,Middle East,Food & Beverage,10897.31,2417.74,23.0
2023-06-18,EMEA,Electronics,2330.0,126.76,13.0
2024-02-11,EMEA,Home & Garden,13853.11,1182.28,41.0
2022-09-28,EMEA,Electronics,129.96,37.65,11.0
2024-02-28,Middle East,Electronics,97.22,9.39,2.0
2024-05-07,Middle East,Electronics,534.82,123.99,2.0
2023-06-10,Middle East,Beauty,8625.12,2106.76,35.0
2024-03-10,North America,Beauty,10199.07,1906.27,27.0
2024-07-26,EMEA,Electronics,5429.07,1893.7,14.0
2024-09-23,North America,Food & Beverage,652.2,140.49,11.0
2024-10-21,North America,Food & Beverage,1818.23,202.07,5.0
2023-04-24,LATAM,Electronics,17733.64,4998.16,46.0
2023-12-23,Middle East,Apparel,20871.01,2944.55,47.0
2022-09-26,APAC,Electronics,12275.85,1973.14,45.0
2024-09-20,EMEA,Sports,439.7,50.88,3.0
2024-10-28,North America,Sports,773.75,41.95,25.0
2022-09-26,APAC,Sports,142.24,8.7,2.0
2022-08-13,Middle East,Food & Beverage,19617.0,4941.35,48.0
2023-05-31,LATAM,Beauty,10404.45,1380.96,31.0
2022-03-18,North America,Food & Beverage,2315.18,350.48,38.0
2022-08-29,EMEA,Beauty,2883.37,376.01,9.0
2023-08-21,APAC,Apparel,9744.88,3674.38,31.0
2024-07-31,APAC,Beauty,19373.96,6440.65,43.0
2023-10-17,Middle East,Home & Garden,421.78,133.52,1.0
2023-08-08,Middle East,Beauty,1822.15,295.75,25.0
2024-12-17,Middle East,Beauty,12103.89,4150.94,29.0
2024-10-07,APAC,Food & Beverage,6109.81,1077.14,49.0
2024-04-03,North America,Apparel,3427.6,277.59,12.0
2022-02-26,APAC,Sports,11352.99,1669.77,24.0
2022-05-17,Middle East,Beauty,7763.6,2330.73,42.0
2024-10-26,North America,Electronics,17495.55,6390.62,40.0
2022-02-02,EMEA,Food & Beverage,5834.47,398.45,25.0
2022-04-06,Middle East,Beauty,6251.05,626.24,30.0
2022-10-22,Middle East,Home & Garden,2204.39,614.07,49.0
2024-08-02,Middle East,Beauty,19730.83,5235.36,43.0
2023-01-15,LATAM,Food & Beverage,8904.33,3300.25,32.0
2024-12-31,Middle East,Home & Garden,11006.11,707.79,36.0
2022-12-14,APAC,Apparel,2035.92,641.7,26.0
2023-05-15,Middle East,Home & Garden,17832.2,2837.51,49.0
2022-06-16,LATAM,Food & Beverage,15935.29,1348.81,42.0
2024-12-02,LATAM,Beauty,540.69,60.97,2.0
2022-03-04,EMEA,Apparel,2727.51,892.99,9.0
2023-08-29,Middle East,Food & Beverage,582.37,74.53,7.0
2022-03-02,APAC,Apparel,8200.26,891.82,44.0
2023-08-01,North America,Home & Garden,6601.2,2455.48,29.0
2023-05-20,EMEA,Sports,5499.83,1107.42,40.0
2023-10-25,North America,Food & Beverage,25671.24,3139.15,49.0
2024-06-13,LATAM,Home & Garden,851.6,102.48,13.0
2022-06-15,Middle East,Food & Beverage,14350.6,1205.7,28.0
2022-11-23,North America,Food & Beverage,9105.25,1323.92,33.0
2024-11-18,North America,Beauty,7900.56,1200.41,38.0
2022-11-05,Middle East,Apparel,10905.21,4111.24,37.0
2022-09-16,LATAM,Electronics,20556.38,,48.0
2024-08-10,Middle East,Electronics,15840.19,2898.73,45.0
2022-05-19,North America,Food & Beverage,1198.42,71.43,8.0
2024-06-07,APAC,Sports,7649.29,1079.23,30.0
2023-07-01,Middle East,Sports,4926.79,581.8,22.0
2022-03-08,LATAM,Food & Beverage,5535.69,313.69,38.0
2024-11-10,Middle East,Home & Garden,4102.39,423.42,
2024-04-25,LATAM,Sports,6658.5,2080.92,15.0
2022-03-16,Middle East,Food & Beverage,4203.99,531.22,25.0
2024-02-20,North America,Electronics,454.42,82.54,10.0
2023-04-18,LATAM,Apparel,1540.57,482.2,13.0
2023-11-01,Middle East,Apparel,4691.1,1679.01,11.0
2023-11-14,LATAM,Sports,306.77,79.2,2.0
2024-03-09,APAC,Food & Beverage,3232.95,564.72,42.0
2023-01-20,Middle East,Sports,334.68,23.07,2.0
2022-07-09,LATAM,Apparel,12356.5,4427.14,44.0
2023-03-30,LATAM,Electronics,1922.93,583.29,15.0
2024-05-31,APAC,Electronics,8805.48,447.4,32.0
2022-03-16,Middle East,Home & Garden,19.56,2.71,1.0
2023-03-06,EMEA,Beauty,11416.49,2453.69,39.0
2024-04-15,EMEA,Apparel,9269.63,1699.04,43.0
2024-11-17,EMEA,Beauty,5463.46,2017.98,24.0
2022-08-20,LATAM,Beauty,3076.66,1130.16,8.0
2024-04-28,APAC,Beauty,1012.28,127.98,45.0
2022-07-18,LATAM,Electronics,16123.97,1754.15,49.0
2024-08-17,North America,Electronics,1120.61,116.17,4.0
2024-07-04,Middle East,Sports,4231.76,985.19,43.0
2024-08-15,EMEA,Home & Garden,13877.87,1495.23,26.0
2023-11-18,APAC,Food & Beverage,4203.87,431.01,32.0
2024-06-09,APAC,Sports,899.11,211.42,31.0
2023-12-04,North America,Sports,8130.28,2720.01,24.0
2023-04-11,APAC,Electronics,4845.28,1718.14,10.0
2022-09-07,Middle East,Beauty,2608.23,332.93,15.0
2023-09-03,APAC,Sports,15059.75,2901.61,32.0
2022-01-01,North America,Electronics,1371.84,257.56,26.0
2023-05-29,Middle East,Apparel,13029.02,1910.46,40.0
2022-04-04,North America,Apparel,359.03,113.76,1.0
2022-11-26,EMEA,Electronics,955.28,170.6,2.0
2024-06-03,Middle East,Electronics,6850.87,1047.38,48.0
2022-04-04,LATAM,Beauty,9489.23,2436.55,44.0
2023-06-28,Middle East,Electronics,369.97,121.46,5.0
2024-02-20,Middle East,Food & Beverage,5599.89,1612.13,44.0
2022-11-22,North America,Apparel,5978.21,1869.18,11.0
2024-02-17,LATAM,Food & Beverage,1414.97,247.89,37.0
2023-10-30,EMEA,Electronics,5679.78,1879.63,37.0
2023-01-10,North America,Apparel,2118.14,368.47,6.0
2024-12-17,LATAM,Food & Beverage,2456.58,335.01,36.0
2023-04-07,Middle East,Home & Garden,10742.81,3309.37,26.0
2024-05-22,EMEA,Beauty,8079.85,1696.93,32.0
2023-04-13,APAC,Apparel,8487.17,2343.86,18.0
2022-02-26,Middle East,Home & Garden,2368.31,615.59,35.0
2023-04-13,EMEA,Food & Beverage,3134.48,1044.66,25.0
2022-01-30,North America,Sports,3301.66,611.53,21.0
2022-08-28,North America,Apparel,8814.22,1476.2,40.0
2023-10-06,Middle East,Electronics,2512.61,906.54,7.0
2022-01-16,North America,Beauty,9211.74,3313.26,39.0
2022-01-03,APAC,Food & Beverage,2854.25,615.27,21.0
2022-12-06,North America,Sports,9690.8,1446.95,21.0
2023-09-30,APAC,Beauty,5333.15,682.4,25.0
2024-07-02,APAC,Home & Garden,18679.2,3296.7,39.0
2023-09-07,EMEA,Electronics,18834.91,6493.86,41.0
2023-02-01,EMEA,Apparel,14534.89,984.23,43.0
2023-04-04,LATAM,Sports,1666.91,290.85,17.0
2022-01-06,APAC,Beauty,6346.35,944.58,12.0
2022-12-23,North America,Sports,11551.54,3958.65,23.0
2023-04-26,North America,Sports,8034.95,1020.43,26.0
2023-11-08,Middle East,Beauty,3709.96,438.28,13.0
2024-12-17,Middle East,Apparel,3469.82,511.46,27.0
2023-01-10,LATAM,Home & Garden,18896.21,2623.39,49.0
2024-03-22,North America,Apparel,375.09,20.78,6.0
2024-06-24,Middle East,Food & Beverage,17569.13,6214.43,35.0
2024-12-14,North America,Electronics,1825.42,635.52,41.0
2022-12-03,APAC,Beauty,518.74,190.78,7.0
2022-10-11,EMEA,Beauty,4837.09,1808.94,41.0
2022-10-09,North America,Sports,5380.57,837.71,16.0
2023-11-06,EMEA,Home & Garden,2439.32,581.38,7.0
2022-03-16,Middle East,Sports,824.1,110.6,7.0
2022-04-22,APAC,Sports,1354.74,195.5,13.0
2022-10-10,EMEA,Beauty,8821.5,1365.16,33.0
2024-02-05,EMEA,Food & Beverage,9078.55,1159.97,27.0
2024-08-05,North America,Sports,4984.76,1035.79,30.0
2022-03-01,Middle East,Beauty,8329.98,987.97,19.0
2022-10-31,APAC,Food & Beverage,589.65,112.61,9.0
2024-05-25,LATAM,Beauty,4340.97,1573.04,15.0
2024-11-20,Middle East,Food & Beverage,10643.28,3553.93,45.0
2024-06-03,APAC,Electronics,5148.19,1063.16,42.0
2022-09-12,Middle East,Food & Beverage,4645.89,1602.83,14.0
2024-03-28,Middle East,Sports,13335.17,3530.87,31.0
2022-06-30,EMEA,Apparel,338.81,25.53,14.0
2022-11-15,Middle East,Beauty,13995.48,1235.2,33.0
2023-03-31,APAC,Apparel,1900.51,439.15,7.0
2024-12-05,EMEA,Food & Beverage,13424.7,1917.76,45.0
2022-02-09,North America,Apparel,23965.69,8116.77,45.0
2024-12-15,Middle East,Apparel,6354.68,1432.66,28.0
2024-03-21,North America,Apparel,1122.91,260.1,6.0
2024-06-06,Middle East,Beauty,1937.4,422.84,11.0
2024-02-12,LATAM,Electronics,9998.67,1486.7,48.0
2022-01-02,Middle East,Electronics,5431.47,601.09,16.0
2024-10-08,Middle East,Apparel,3622.06,1161.84,46.0
2023-10-16,LATAM,Electronics,10738.33,3047.01,46.0
2024-09-20,EMEA,Electronics,6224.31,320.0,21.0
2022-02-12,Middle East,Apparel,1549.94,276.3,10.0
2024-04-25,North America,Apparel,457.88,,43.0
2024-02-24,APAC,Beauty,2476.7,324.59,33.0
2024-02-07,APAC,Apparel,10282.95,1411.01,34.0
2022-03-17,Middle East,Home & Garden,2961.87,919.41,22.0
2023-04-13,APAC,Apparel,6769.77,1044.68,39.0
2023-08-16,APAC,Electronics,7621.34,1953.34,28.0
2023-10-18,Middle East,Food & Beverage,341.57,75.99,1.0
2022-12-16,LATAM,Food & Beverage,413.56,100.0,
2022-06-30,Middle East,Apparel,13747.82,1999.37,47.0
2023-01-21,LATAM,Sports,5860.37,1687.93,18.0
2022-05-27,North America,Food & Beverage,11590.37,2844.88,28.0
2024-10-08,APAC,Home & Garden,4740.32,708.01,16.0
2024-05-06,Middle East,Beauty,6079.05,1299.5,47.0
2023-10-13,North America,Home & Garden,14286.1,2998.5,37.0
2024-03-21,North America,Beauty,642.66,172.98,36.0
2022-07-02,APAC,Beauty,3103.7,192.94,7.0
2023-12-19,North America,Beauty,2206.36,671.09,5.0
2022-07-01,EMEA,Electronics,14465.02,4848.35,43.0
2024-06-12,APAC,Apparel,2607.43,739.25,12.0
2024-08-31,LATAM,Apparel,2559.93,512.7,9.0
2022-09-07,Middle East,Sports,14708.74,3715.15,41.0
2024-09-21,APAC,Apparel,3641.14,1239.12,35.0
2023-04-27,EMEA,Home & Garden,944.6,,3.0
2023-09-17,EMEA,Sports,9933.15,2892.95,21.0
2022-05-27,Middle East,Apparel,6318.48,1433.49,48.0
2024-09-15,APAC,Beauty,5308.86,1626.06,33.0
2023-04-16,Middle East,Electronics,17917.85,6497.13,43.0
2022-11-16,LATAM,Home & Garden,4450.79,1216.01,35.0
2023-11-03,EMEA,Electronics,19850.75,1129.43,40.0
2022-05-15,LATAM,Apparel,2727.91,326.81,10.0
2024-10-06,North America,Electronics,1035.97,380.37,41.0
2023-04-02,LATAM,Home & Garden,11493.21,3086.06,38.0
2023-02-09,Middle East,Beauty,5459.78,1206.31,11.0
2022-04-02,EMEA,Apparel,6168.9,734.7,36.0
2024-04-26,LATAM,Sports,5002.51,340.84,27.0
2023-06-09,North America,Food & Beverage,6223.49,2010.54,29.0
2022-09-17,LATAM,Food & Beverage,2843.6,473.6,24.0
2023-04-08,LATAM,Electronics,8954.4,1055.16,32.0
2024-01-13,APAC,Beauty,776.24,53.74,7.0
2023-07-24,EMEA,Home & Garden,3392.07,985.72,18.0
2023-12-16,EMEA,Apparel,11555.65,1322.89,27.0
2023-01-12,EMEA,Beauty,1073.28,264.51,6.0
2023-06-28,LATAM,Home & Garden,2532.96,453.22,12.0
2024-11-06,Middle East,Electronics,9153.87,715.86,22.0
2023-01-05,North America,Home & Garden,18703.23,1114.01,48.0
2024-01-23,Middle East,Home & Garden,468.3,177.29,15.0
2023-06-06,EMEA,Home & Garden,9997.34,,22.0
2022-07-13,North America,Electronics,349.82,83.35,
2023-07-03,Middle East,Food & Beverage,11227.16,1179.32,34.0
2024-07-12,LATAM,Electronics,1199.98,74.1,12.0
2023-05-13,APAC,Electronics,739.86,66.15,30.0
2024-10-19,EMEA,Food & Beverage,7362.33,1553.32,24.0
2024-04-01,North America,Home & Garden,34.03,6.15,2.0
2023-08-31,LATAM,Food & Beverage,3697.8,903.95,47.0
2023-04-11,EMEA,Sports,1993.04,736.09,43.0
2022-03-30,North America,Electronics,15894.25,3063.58,45.0
2022-12-04,EMEA,Home & Garden,1839.48,168.65,13.0
2023-07-24,EMEA,Beauty,1896.79,604.52,13.0
2024-04-24,North America,Electronics,716.91,262.98,15.0
2023-07-17,Middle East,Electronics,3305.84,673.52,9.0
2023-05-27,EMEA,Sports,432.01,47.03,1.0
2022-09-26,Middle East,Sports,3386.14,623.18,7.0
2023-09-22,EMEA,Sports,4257.05,321.6,13.0
2024-05-29,EMEA,Food & Beverage,19025.8,4164.33,41.0
2022-10-24,APAC,Food & Beverage,1524.82,546.02,14.0
2024-04-26,LATAM,Beauty,3778.9,305.24,30.0
2022-12-13,EMEA,Electronics,8515.51,1362.49,28.0
2024-06-20,North America,Electronics,19715.4,3710.75,46.0
2022-11-22,North America,Apparel,1171.97,149.67,3.0
2022-07-21,EMEA,Home & Garden,6660.47,1336.16,29.0
2023-09-28,LATAM,Food & Beverage,5007.33,1396.0,16.0
2022-02-20,EMEA,Home & Garden,3184.24,746.02,16.0
2022-03-24,North America,Home & Garden,1469.82,94.58,26.0
2024-03-10,LATAM,Sports,3697.39,266.35,34.0
2023-07-21,EMEA,Sports,14611.12,3463.31,34.0
2022-10-26,North America,Food & Beverage,1884.92,354.67,6.0
2024-11-12,Middle East,Food & Beverage,12068.44,1347.63,28.0
2022-05-29,North America,Beauty,20042.63,4895.39,42.0
2024-09-01,LATAM,Food & Beverage,2363.49,217.57,6.0
2024-01-28,EMEA,Food & Beverage,605.86,177.68,9.0
2022-01-14,EMEA,Apparel,3277.41,1027.87,19.0
2023-03-06,APAC,Food & Beverage,6535.82,2344.68,12.0
2024-03-03,North America,Beauty,10553.64,,22.0
2024-09-27,Middle East,Sports,417.55,26.5,2.0
2023-10-14,Middle East,Home & Garden,11895.52,2737.57,48.0
2022-04-30,North America,Apparel,5594.77,454.46,21.0
2024-01-26,EMEA,Beauty,11755.58,3711.23,44.0
2023-06-01,APAC,Beauty,5597.15,1264.39,21.0
2022-01-08,LATAM,Home & Garden,6341.73,1736.3,21.0
2024-03-04,North America,Electronics,1338.08,346.5,20.0
2023-02-17,EMEA,Home & Garden,14270.88,2208.89,37.0
2022-01-04,APAC,Food & Beverage,2142.52,397.47,19.0
2024-10-05,EMEA,Apparel,18373.62,2543.51,41.0
2022-08-18,Middle East,Home & Garden,894.02,324.58,27.0
2023-06-26,Middle East,Sports,14530.73,5459.17,41.0
2024-06-10,North America,Electronics,10075.91,2919.03,27.0
2022-08-12,LATAM,Sports,6686.67,573.59,30.0
2022-07-20,LATAM,Beauty,6171.64,803.45,35.0
2023-03-20,North America,Beauty,2713.64,602.96,11.0
2023-08-08,Middle East,Food & Beverage,7989.32,1626.57,20.0
2024-07-29,LATAM,Beauty,8311.82,1632.48,20.0
2022-08-10,EMEA,Sports,498.04,149.18,1.0
2024-08-18,EMEA,Beauty,26320.09,7313.8,49.0
2024-06-08,APAC,Sports,19722.33,5049.63,44.0
2023-02-25,LATAM,Apparel,11130.59,3638.27,45.0
2022-11-17,EMEA,Sports,2660.67,539.11,11.0
2024-02-06,EMEA,Beauty,8543.98,968.61,29.0
2023-10-23,APAC,Home & Garden,3636.16,899.98,21.0
2024-09-01,APAC,Home & Garden,12040.73,1125.57,25.0
2022-08-24,EMEA,Beauty,6362.87,1585.1,19.0
2023-10-18,North America,Sports,4496.07,1170.24,40.0
2024-12-13,APAC,Beauty,4559.0,1498.56,30.0
2022-02-21,EMEA,Apparel,331.47,113.82,2.0
2024-03-10,EMEA,Food & Beverage,3073.95,239.2,44.0
2023-12-16,Middle East,Home & Garden,11412.44,1359.89,46.0
2022-11-29,LATAM,Electronics,3639.61,706.53,18.0
2023-05-09,EMEA,Food & Beverage,12691.33,4402.27,27.0
2023-08-10,EMEA,Sports,8318.25,2108.2,19.0
2023-01-11,LATAM,Food & Beverage,1245.19,332.2,4.0
2022-03-23,LATAM,Sports,991.36,209.38,16.0
2022-04-29,LATAM,Home & Garden,7304.26,2058.89,42.0
2022-11-07,LATAM,Home & Garden,341.34,128.49,10.0
2024-03-07,Middle East,Food & Beverage,8089.27,500.28,49.0
2022-04-07,North America,Sports,14311.28,896.56,44.0
2023-12-31,LATAM,Electronics,5292.23,1942.61,32.0
2022-07-05,LATAM,Home & Garden,1918.73,728.44,14.0
2023-10-30,Middle East,Food & Beverage,2339.48,790.14,29.0
2022-05-02,Middle East,Beauty,13173.2,3262.45,29.0
2023-08-14,LATAM,Electronics,22486.49,8336.01,43.0
2023-12-27,APAC,Sports,4941.03,1350.53,28.0
2023-08-22,APAC,Electronics,1563.25,143.17,26.0
2024-12-17,Middle East,Sports,6128.37,1868.23,43.0
2024-02-03,North America,Sports,4365.4,1082.49,32.0
2024-05-22,APAC,Apparel,2944.97,565.6,17.0
2024-02-09,LATAM,Food & Beverage,786.22,91.09,2.0
2024-04-02,Middle East,Apparel,251.78,48.04,1.0
2023-08-29,North America,Home & Garden,10462.03,3624.34,36.0
2022-11-08,LATAM,Apparel,8357.31,744.85,28.0
2023-08-23,APAC,Electronics,4713.81,1533.39,49.0
2023-08-23,APAC,Sports,6261.7,593.6,40.0
2024-12-12,LATAM,Electronics,8633.07,2491.39,24.0
2022-01-09,North America,Sports,4741.13,894.62,40.0
2024-04-18,APAC,Beauty,451.86,113.58,26.0
2022-04-22,LATAM,Sports,11170.06,4231.71,24.0
2024-04-06,Middle East,Apparel,25.33,8.28,1.0
2023-03-04,APAC,Food & Beverage,4415.64,656.98,16.0
2023-07-27,Middle East,Home & Garden,4508.1,433.02,16.0
2022-08-13,LATAM,Beauty,10839.25,712.68,20.0
2022-10-26,EMEA,Home & Garden,5906.42,,20.0
2023-12-31,North America,Beauty,7641.35,1160.32,49.0
2022-05-28,EMEA,Sports,10714.79,2765.95,23.0
2022-10-12,North America,Electronics,15986.76,2323.91,45.0
2024-08-05,LATAM,Food & Beverage,2823.1,897.48,11.0
2022-04-11,EMEA,Home & Garden,3161.23,1105.84,36.0
2023-04-19,APAC,Food & Beverage,7785.22,2655.69,18.0
2024-01-21,LATAM,Food & Beverage,1606.33,483.82,38.0
2023-02-21,Middle East,Apparel,9360.39,1355.64,20.0
2022-06-14,North America,Home & Garden,2422.06,505.14,18.0
2023-09-21,North America,Home & Garden,4635.95,821.25,31.0
2024-06-14,APAC,Home & Garden,15164.47,3692.09,39.0
2024-08-01,LATAM,Sports,6896.48,1130.46,49.0
2024-03-14,Middle East,Apparel,697.35,184.94,11.0
2024-11-12,Middle East,Sports,11610.4,3990.32,24.0
2024-10-19,EMEA,Food & Beverage,588.18,128.11,10.0
2022-10-01,North America,Home & Garden,20394.33,2890.7,39.0
2023-08-13,Middle East,Home & Garden,902.73,88.35,21.0
2022-08-10,North America,Home & Garden,2450.07,422.59,42.0
2024-04-25,Middle East,Home & Garden,1891.66,176.49,11.0
2024-11-05,APAC,Home & Garden,5621.05,1236.35,13.0
2024-01-08,EMEA,Apparel,5806.98,2153.75,46.0
2022-05-10,APAC,Beauty,3545.68,1344.92,15.0
2024-11-20,Middle East,Food & Beverage,2252.53,840.93,8.0
2022-12-15,LATAM,Food & Beverage,1982.76,185.81,5.0
2024-01-27,EMEA,Electronics,8400.91,1705.02,17.0
2024-10-28,LATAM,Electronics,3163.77,865.37,20.0
2024-05-28,LATAM,Food & Beverage,7879.49,1288.12,37.0
2024-04-13,LATAM,Beauty,14363.09,4553.2,31.0
2022-06-04,EMEA,Sports,3734.66,1338.01,13.0
2022-09-25,LATAM,Electronics,8251.86,2349.7,44.0
2022-12-26,North America,Food & Beverage,5708.51,557.56,11.0
2024-05-25,North America,Electronics,6566.84,779.68,14.0
2022-04-27,Middle East,Sports,23434.44,5238.14,47.0
2023-09-17,APAC,Food & Beverage,21469.66,3751.55,47.0
2022-03-21,North America,Beauty,1182.89,115.81,20.0
2023-10-24,Middle East,Food & Beverage,7598.44,1786.29,47.0
2024-11-28,EMEA,Electronics,667.34,44.12,7.0
2023-12-19,LATAM,Food & Beverage,315.99,115.71,5.0
2022-01-20,APAC,Beauty,3229.01,795.3,12.0
2023-07-21,EMEA,Home & Garden,5102.07,1901.16,26.0
2022-09-20,APAC,Beauty,5537.58,1708.85,40.0
2024-05-21,APAC,Beauty,5883.35,661.23,36.0
2023-09-01,Middle East,Home & Garden,15001.19,4686.69,44.0
2024-09-22,LATAM,Sports,1180.49,375.76,17.0
2024-06-06,Middle East,Sports,17811.42,,47.0
2023-11-07,EMEA,Apparel,13180.31,2062.7,38.0
2023-06-14,APAC,Beauty,403.64,123.75,19.0
2022-11-13,EMEA,Home & Garden,2490.44,182.29,9.0
2023-08-02,APAC,Electronics,2914.25,989.27,7.0
2024-01-26,North America,Electronics,1525.56,358.21,4.0
2022-02-05,APAC,Home & Garden,6235.06,779.67,22.0
2024-12-04,North America,Home & Garden,3748.3,201.53,
2022-08-22,EMEA,Sports,3798.04,412.28,12.0
2023-05-04,LATAM,Apparel,4362.44,837.45,41.0
2024-12-03,LATAM,Food & Beverage,10349.03,667.73,45.0
2022-02-09,APAC,Food & Beverage,180.32,67.74,3.0
2024-05-24,North America,Home & Garden,3672.73,902.0,29.0
2022-09-15,North America,Electronics,2511.57,357.98,18.0
2023-06-26,North America,Food & Beverage,11629.28,2295.84,46.0
2024-05-16,Middle East,Electronics,10387.35,3783.87,30.0
2023-12-18,LATAM,Electronics,1015.06,383.28,9.0
2023-02-28,APAC,Electronics,6316.36,1994.24,32.0
2022-10-17,Middle East,Home & Garden,3341.54,567.4,8.0
2023-01-15,EMEA,Sports,3866.61,1104.92,
2023-09-27,Middle East,Electronics,20036.77,5083.74,42.0
2023-02-06,LATAM,Apparel,870.32,135.56,33.0
2022-03-22,North America,Home & Garden,2740.82,994.63,
2024-02-06,APAC,Home & Garden,582.59,123.99,4.0
2024-12-31,North America,Electronics,13714.55,4983.95,34.0
2023-05-30,LATAM,Apparel,1108.51,310.04,3.0
2023-10-17,EMEA,Sports,3494.93,776.05,19.0
2023-07-14,North America,Apparel,9884.36,1014.14,22.0
2023-01-06,North America,Electronics,556.92,139.08,14.0
2023-01-15,LATAM,Electronics,19488.63,5310.25,43.0
2023-05-26,APAC,Beauty,5324.56,1202.45,48.0
2022-09-27,APAC,Food & Beverage,5640.85,1393.09,14.0
2024-11-13,Middle East,Electronics,2235.89,646.49,11.0
2024-03-29,EMEA,Beauty,8271.24,1194.05,30.0
2023-09-07,APAC,Beauty,2395.86,625.81,26.0
2022-03-19,North America,Sports,4831.7,1124.23,19.0
2022-05-27,North America,Home & Garden,2003.43,212.26,11.0
2024-11-01,North America,Electronics,6739.33,1134.79,25.0
2024-12-02,North America,Sports,9888.38,893.7,43.0
2022-04-16,LATAM,Home & Garden,234.82,,20.0
2024-08-12,Middle East,Food & Beverage,3555.77,272.0,9.0
2024-09-28,North America,Apparel,4083.32,1097.84,37.0
2024-01-19,North America,Beauty,1934.68,,28.0
2024-02-02,Middle East,Sports,2934.9,278.11,17.0
2022-12-11,LATAM,Apparel,1874.92,536.93,16.0
2022-02-09,Middle East,Electronics,12548.13,2327.34,34.0
2023-06-26,APAC,Beauty,5468.21,1525.63,24.0
2023-10-13,APAC,Home & Garden,1374.18,225.34,12.0
2023-03-23,LATAM,Home & Garden,3656.32,1205.59,49.0
2022-12-09,APAC,Apparel,2833.71,904.28,10.0
2022-12-06,Middle East,Beauty,7780.75,1942.62,46.0
2022-08-08,EMEA,Sports,12513.3,3192.94,32.0
2024-11-19,North America,Home & Garden,11868.34,3858.5,30.0
2024-12-01,Middle East,Sports,4813.16,1374.91,28.0
2024-04-19,North America,Sports,1575.17,503.28,33.0
2022-07-23,North America,Electronics,9539.38,782.6,30.0
2023-09-23,APAC,Sports,2594.78,439.87,40.0
2023-12-29,LATAM,Home & Garden,2684.99,207.3,8.0
2023-07-27,LATAM,Apparel,8142.53,2177.38,49.0
2023-12-25,EMEA,Home & Garden,1276.65,307.73,24.0
2024-03-24,APAC,Electronics,10780.5,2122.12,30.0
2023-06-14,North America,Food & Beverage,5756.4,1629.51,34.0
2024-01-09,Middle East,Apparel,9940.71,2306.42,39.0
2023-12-02,North America,Food & Beverage,1638.3,381.66,30.0
2024-03-04,EMEA,Beauty,1840.18,536.24,31.0
2023-09-20,APAC,Sports,9614.61,2558.73,26.0
2023-09-16,EMEA,Apparel,1245.02,246.13,3.0
2024-01-29,EMEA,Sports,1998.58,192.55,
2024-04-01,North America,Beauty,447.63,58.84,6.0
2022-04-12,APAC,Electronics,14618.35,1391.76,34.0
2024-06-11,LATAM,Home & Garden,7712.34,713.11,20.0
2022-04-17,APAC,Apparel,7854.93,2908.21,20.0
2024-02-25,LATAM,Apparel,14787.87,3128.22,34.0
2023-12-27,North America,Food & Beverage,13912.49,3264.91,46.0
2022-09-09,APAC,Sports,9173.3,3251.61,39.0
2024-05-11,Middle East,Electronics,1552.06,200.25,25.0
2023-07-28,APAC,Home & Garden,2780.48,780.91,46.0
2023-07-30,EMEA,Beauty,12498.37,2111.99,28.0
2023-10-09,North America,Apparel,8610.52,3182.4,29.0
2024-03-24,EMEA,Sports,8502.21,1665.38,47.0
2023-01-21,APAC,Home & Garden,1530.47,555.39,3.0
2024-09-28,Middle East,Electronics,5171.62,1309.79,12.0
2022-03-31,LATAM,Food & Beverage,10899.59,2195.33,20.0
2022-06-23,LATAM,Food & Beverage,9814.16,2237.44,38.0
2024-01-10,LATAM,Electronics,890.19,197.36,47.0
2023-03-22,LATAM,Electronics,892.62,183.38,15.0
2022-09-21,LATAM,Home & Garden,11579.7,1150.1,28.0
2023-03-30,North America,Sports,5122.63,1785.37,29.0
2024-05-23,Middle East,Electronics,9837.2,1205.21,25.0
2023-04-21,LATAM,Home & Garden,1719.2,289.89,45.0
2024-11-03,LATAM,Food & Beverage,3614.4,1118.43,12.0
2024-05-31,North America,Beauty,6851.95,1644.88,26.0
2022-11-22,EMEA,Home & Garden,18920.69,2890.81,37.0
2023-12-24,North America,Sports,1193.29,397.85,8.0
2023-09-15,Middle East,Sports,7703.39,2609.2,42.0
2024-08-05,APAC,Electronics,5368.89,1915.04,47.0
2023-09-29,EMEA,Sports,6327.88,1541.62,22.0
2023-11-14,EMEA,Home & Garden,2773.96,725.13,23.0
2024-04-24,EMEA,Apparel,12188.2,3092.82,30.0
2022-02-01,LATAM,Beauty,9241.58,2480.71,35.0
2024-02-16,Middle East,Home & Garden,1205.11,121.92,11.0
2024-07-15,LATAM,Food & Beverage,2180.95,425.14,7.0
2022-08-08,LATAM,Sports,1110.51,321.17,12.0
2024-03-21,Middle East,Beauty,3465.19,1306.59,49.0
2022-01-16,North America,Electronics,617.02,176.03,14.0
2022-10-07,EMEA,Sports,6005.13,1032.41,17.0
2023-08-20,Middle East,Home & Garden,6414.81,,16.0
2022-11-11,North America,Apparel,13192.61,1024.88,41.0
2022-01-12,LATAM,Sports,6827.55,2568.84,42.0
2023-06-22,Middle East,Apparel,5812.24,680.8,22.0
2022-01-11,North America,Sports,18932.04,1371.03,43.0
2022-01-26,LATAM,Electronics,2451.38,590.81,34.0
2022-08-25,Middle East,Home & Garden,16400.3,2798.03,40.0
2023-03-11,Middle East,Home & Garden,17751.15,1985.95,42.0
2022-04-14,North America,Apparel,1674.43,626.49,10.0
2023-06-25,EMEA,Home & Garden,21182.42,1486.92,48.0
2022-05-18,North America,Electronics,8831.87,1346.08,27.0
2024-10-28,EMEA,Food & Beverage,498.71,148.25,1.0
2022-11-18,EMEA,Food & Beverage,6350.3,1722.12,48.0
2022-07-13,North America,Apparel,2871.69,535.44,16.0
2022-07-25,EMEA,Apparel,3396.24,754.55,11.0
2022-02-28,LATAM,Food & Beverage,12417.0,2641.74,41.0
2024-08-09,North America,Electronics,8447.14,3146.19,45.0
2022-01-16,EMEA,Beauty,9160.26,1282.64,42.0
2024-08-31,Middle East,Sports,683.53,111.31,3.0
2024-03-25,LATAM,Home & Garden,10202.65,603.54,31.0
2023-08-19,Middle East,Beauty,9104.23,1781.77,34.0
2022-11-18,Middle East,Sports,5207.81,832.77,12.0
2024-06-17,North America,Beauty,1066.39,396.51,15.0
2022-06-20,North America,Apparel,4856.6,812.89,28.0
2024-05-23,APAC,Beauty,5859.75,1859.81,35.0
2023-03-17,LATAM,Sports,237.44,45.12,1.0
2022-01-19,North America,Food & Beverage,3941.67,908.85,10.0
2023-04-11,APAC,Sports,4971.51,732.12,20.0
2023-04-06,APAC,Beauty,1931.77,379.26,16.0
2024-04-18,North America,Sports,2832.79,672.58,13.0
2022-11-12,Middle East,Sports,13961.84,2578.56,44.0
2023-11-18,Middle East,Apparel,20177.66,1774.16,41.0
2024-12-09,LATAM,Home & Garden,16193.91,4847.85,35.0
2023-01-31,APAC,Food & Beverage,352.75,105.09,21.0
2024-08-01,Middle East,Sports,6330.87,518.84,32.0
2023-03-08,EMEA,Electronics,3258.59,1012.04,35.0
2023-06-28,LATAM,Sports,4554.02,1633.39,27.0
2022-09-06,LATAM,Sports,1175.19,120.35,3.0
2023-06-06,Middle East,Sports,3497.24,1042.01,10.0
2023-07-19,LATAM,Food & Beverage,2237.29,226.31,9.0
2022-10-13,APAC,Electronics,6117.56,416.01,41.0
2024-08-16,EMEA,Sports,1356.65,103.75,41.0
2024-12-03,EMEA,Home & Garden,6878.86,442.76,34.0
2022-12-23,EMEA,Apparel,15115.16,3271.95,43.0
2022-02-06,Middle East,Food & Beverage,16824.71,2639.69,36.0
2024-11-02,LATAM,Home & Garden,7930.02,2601.77,31.0
2022-02-28,LATAM,Sports,6074.73,1204.38,44.0
2022-08-30,Middle East,Electronics,15257.84,4595.55,41.0
2023-08-17,APAC,Apparel,7817.41,1051.98,20.0
2024-06-23,APAC,Home & Garden,1737.93,382.85,17.0
2023-08-03,LATAM,Electronics,2510.92,208.46,16.0
2022-05-06,North America,Electronics,3940.52,312.27,
2023-04-06,APAC,Apparel,6248.94,556.67,20.0
2022-07-06,LATAM,Electronics,18357.82,2437.05,44.0
2022-10-05,EMEA,Apparel,9532.05,2617.1,28.0
2023-06-29,APAC,Electronics,473.94,151.17,4.0
2024-09-18,APAC,Beauty,4261.32,532.97,27.0
2022-10-24,EMEA,Apparel,820.08,189.2,
2024-04-24,LATAM,Sports,5068.31,635.53,16.0
2024-06-05,EMEA,Electronics,1835.89,245.93,4.0
2023-12-28,EMEA,Sports,2822.59,915.88,40.0
2023-11-02,North America,Electronics,10596.12,3622.23,24.0
2024-01-30,Middle East,Food & Beverage,804.03,156.02,27.0
2023-05-06,LATAM,Apparel,1965.15,447.64,14.0
2022-04-28,APAC,Sports,4516.39,933.39,30.0
2022-11-12,EMEA,Food & Beverage,7848.61,524.53,22.0
2022-01-07,Middle East,Home & Garden,5159.91,652.03,49.0
2023-05-29,EMEA,Apparel,3379.47,690.22,7.0
2023-11-08,LATAM,Sports,5674.97,652.37,31.0
2024-01-08,APAC,Electronics,4469.95,1029.58,16.0
2024-12-30,APAC,Home & Garden,4008.84,788.56,17.0
2022-05-22,APAC,Apparel,3422.15,713.3,27.0
2022-02-25,EMEA,Electronics,7616.61,2610.27,31.0
2024-04-11,North America,Food & Beverage,17621.87,5240.98,38.0
2022-04-30,North America,Sports,7095.22,2673.91,19.0
2022-04-05,LATAM,Beauty,5352.15,1945.65,22.0
2022-06-28,Middle East,Beauty,1472.56,490.95,39.0
2022-08-02,North America,Food & Beverage,4177.68,743.69,35.0
2023-01-17,LATAM,Apparel,4621.82,1331.27,34.0
2023-02-26,APAC,Home & Garden,7476.11,905.89,28.0
2022-03-18,North America,Food & Beverage,881.55,308.65,26.0
2024-04-19,North America,Apparel,12741.21,1864.22,38.0
2024-11-08,North America,Sports,18783.11,1670.98,46.0
2023-07-02,Middle East,Electronics,149.81,52.51,8.0
2022-10-11,EMEA,Food & Beverage,1232.27,184.52,13.0
2022-08-05,North America,Beauty,2348.22,200.44,9.0
2022-10-07,APAC,Sports,2309.69,507.12,42.0
2024-12-12,North America,Food & Beverage,20543.74,7560.15,44.0
2024-08-11,APAC,Apparel,5308.02,1869.51,29.0
2022-04-22,EMEA,Sports,1981.7,342.36,7.0
2023-12-02,EMEA,Food & Beverage,10196.98,2954.66,26.0
2023-09-27,North America,Food & Beverage,1749.7,400.46,
2023-08-10,North America,Home & Garden,2942.82,392.84,10.0
2024-02-25,North America,Home & Garden,7505.08,2704.21,24.0
2024-10-05,Middle East,Food & Beverage,3265.11,730.2,34.0
2022-11-27,LATAM,Apparel,9695.51,2598.44,21.0
2024-01-14,APAC,Food & Beverage,824.1,145.38,2.0
2022-06-22,EMEA,Beauty,2350.05,745.41,7.0
2022-12-18,North America,Sports,4420.29,,10.0
2024-04-24,North America,Home & Garden,3076.23,796.83,8.0
2022-06-11,Middle East,Home & Garden,1761.5,638.81,11.0
2023-06-16,APAC,Home & Garden,9705.74,1971.59,27.0
2023-04-04,EMEA,Home & Garden,9866.97,1651.44,29.0
2024-03-20,Middle East,Beauty,1462.54,84.4,8.0
2023-03-14,Middle East,Apparel,3265.64,544.23,16.0
2023-07-14,North America,Electronics,4308.87,740.59,10.0
2024-05-24,APAC,Apparel,7028.42,2273.0,42.0
2023-08-03,LATAM,Electronics,645.21,42.13,21.0
2023-08-18,EMEA,Beauty,1796.77,297.96,5.0
2022-05-03,Middle East,Apparel,1337.53,428.89,20.0
2023-08-08,APAC,Sports,6176.99,1187.75,15.0
2023-01-28,North America,Sports,14427.51,4681.1,38.0
2024-02-25,APAC,Electronics,10217.69,3017.59,43.0
2024-12-09,Middle East,Home & Garden,949.83,351.43,2.0
2023-03-06,APAC,Apparel,13297.19,3823.28,34.0
2022-01-09,LATAM,Electronics,3131.46,985.25,39.0
2023-11-28,LATAM,Sports,3304.36,1211.42,39.0
2024-08-31,Middle East,Home & Garden,972.49,113.56,23.0
2022-12-24,APAC,Beauty,15292.26,4724.85,41.0
2024-07-16,LATAM,Sports,3037.06,384.51,25.0
2024-10-18,EMEA,Sports,8010.54,2394.09,25.0
2023-08-14,North America,Electronics,1160.54,161.67,22.0
2022-09-04,APAC,Sports,211.03,49.77,10.0
2022-03-26,APAC,Food & Beverage,468.7,,3.0
2023-04-21,APAC,Home & Garden,1450.3,169.02,13.0
2023-08-18,North America,Apparel,8577.19,2327.13,35.0
2023-07-22,LATAM,Beauty,2511.08,491.69,9.0
2024-07-11,North America,Apparel,9096.34,861.81,32.0
2022-07-17,Middle East,Electronics,508.31,120.34,19.0
2022-10-24,North America,Apparel,720.63,252.35,6.0
2024-04-10,Middle East,Food & Beverage,6090.3,1243.93,48.0
2022-03-20,LATAM,Sports,1686.87,251.48,10.0
2023-08-24,EMEA,Sports,548.2,163.78,40.0
2022-02-04,North America,Apparel,3453.32,413.61,13.0
2024-05-01,Middle East,Beauty,7262.06,1730.62,15.0
2022-07-14,North America,Beauty,6317.86,1194.22,14.0
2022-11-04,APAC,Food & Beverage,16106.35,5872.33,38.0
2022-08-20,LATAM,Home & Garden,2352.89,860.86,18.0
2024-05-20,North America,Sports,10297.1,2769.38,20.0
2023-01-17,EMEA,Electronics,11724.28,1492.55,33.0
2022-11-15,LATAM,Sports,17719.85,6260.13,43.0
2022-04-01,APAC,Food & Beverage,282.37,89.23,2.0
2024-03-30,EMEA,Sports,2434.88,766.27,32.0
2022-07-16,North America,Beauty,58.93,13.93,2.0
2022-09-06,APAC,Home & Garden,428.51,56.42,35.0
2024-09-23,North America,Electronics,11651.94,3142.33,34.0
2023-11-14,North America,Home & Garden,16484.83,4997.86,43.0
2023-01-02,LATAM,Sports,1324.35,489.95,10.0
2023-08-10,APAC,Electronics,7830.5,2214.97,20.0
2023-03-15,EMEA,Sports,4744.83,1785.41,10.0
2023-09-21,Middle East,Beauty,1653.59,124.25,32.0
2023-12-01,EMEA,Electronics,6105.79,1255.13,13.0
2023-03-12,EMEA,Apparel,22041.11,6525.92,45.0
2022-07-21,Middle East,Home & Garden,18522.79,6971.85,47.0
2024-11-14,EMEA,Food & Beverage,23098.36,7582.82,46.0
2024-11-17,LATAM,Apparel,14320.72,1788.55,47.0
2023-05-03,Middle East,Apparel,392.16,90.97,16.0
2022-02-01,North America,Sports,2934.31,555.51,44.0
2022-02-08,EMEA,Home & Garden,7066.24,2104.38,32.0
2024-06-07,Middle East,Electronics,5151.33,1019.83,44.0
2024-08-13,APAC,Beauty,6823.31,1485.44,23.0
2023-01-18,APAC,Sports,8458.71,2726.3,36.0
2023-08-30,Middle East,Electronics,16277.87,2334.71,31.0
2022-02-05,APAC,Electronics,3173.92,669.37,32.0
2024-03-27,North America,Electronics,7732.11,1119.39,20.0
2023-07-24,North America,Beauty,7008.65,1157.07,24.0
2024-03-02,APAC,Home & Garden,13726.5,2870.18,47.0
2023-04-22,LATAM,Electronics,1317.54,145.68,18.0
2023-01-08,EMEA,Beauty,4375.67,986.7,22.0
2024-06-27,Middle East,Beauty,2863.18,555.49,6.0
2024-10-12,APAC,Food & Beverage,2439.22,726.05,22.0
2022-08-10,Middle East,Beauty,343.02,74.45,25.0
2024-04-18,EMEA,Home & Garden,4007.94,313.72,28.0
2023-10-08,Middle East,Food & Beverage,5433.08,467.26,22.0
2022-09-10,North America,Electronics,19122.61,6536.27,48.0
2024-11-11,APAC,Beauty,4462.25,1556.17,24.0
2024-04-27,North America,Home & Garden,2171.24,235.99,5.0
2023-12-24,North America,Beauty,1937.29,384.18,15.0
2023-03-12,Middle East,Electronics,6563.86,836.87,17.0
2022-01-05,LATAM,Sports,13266.28,4344.08,35.0
2022-09-05,EMEA,Sports,8776.05,3044.1,26.0
2023-04-19,North America,Food & Beverage,12906.63,1031.98,29.0
2023-12-18,LATAM,Home & Garden,17220.95,3611.5,38.0
2024-06-29,EMEA,Electronics,10619.16,828.56,34.0
2023-12-15,EMEA,Beauty,2996.6,818.97,44.0
2024-02-12,LATAM,Sports,1215.84,252.47,14.0
2022-09-27,APAC,Sports,7319.91,1200.39,22.0
2024-03-25,LATAM,Home & Garden,958.11,91.86,46.0
2023-06-17,North America,Apparel,8323.99,1995.71,22.0
2024-09-24,APAC,Beauty,378.46,109.71,12.0
2024-06-15,LATAM,Home & Garden,741.95,202.62,3.0
2024-06-20,EMEA,Home & Garden,1063.91,314.55,11.0
2024-03-27,Middle East,Home & Garden,12302.87,3566.3,36.0
2024-09-15,APAC,Home & Garden,1090.01,288.48,24.0
2024-06-27,North America,Food & Beverage,9064.99,3078.42,46.0
2024-10-15,EMEA,Beauty,17394.26,4342.45,44.0
2023-06-10,LATAM,Apparel,14116.97,2377.98,43.0
2022-08-04,EMEA,Sports,14166.2,,30.0
2022-02-16,APAC,Electronics,13241.82,1604.4,43.0
2023-11-03,APAC,Food & Beverage,8562.05,1414.77,28.0
2023-07-28,APAC,Electronics,10599.87,840.65,25.0
2022-06-17,LATAM,Food & Beverage,2702.56,894.97,28.0
2023-05-07,North America,Electronics,3863.19,576.95,8.0
2024-07-17,APAC,Home & Garden,5762.48,980.26,17.0
2022-03-30,EMEA,Sports,10336.29,2383.87,41.0
2022-12-20,North America,Sports,7648.78,1605.91,15.0
2024-05-21,LATAM,Electronics,1362.02,417.31,19.0
2023-09-24,APAC,Food & Beverage,16402.77,4504.66,42.0
2023-09-08,Middle East,Electronics,7031.45,2103.02,33.0
2022-01-24,Middle East,Sports,6995.85,2218.99,29.0
2023-03-04,Middle East,Apparel,880.68,137.29,33.0
2023-07-03,APAC,Food & Beverage,4263.76,628.49,25.0
2023-03-23,EMEA,Apparel,707.06,246.1,12.0
2024-04-04,North America,Apparel,1103.94,390.43,14.0
2024-11-05,EMEA,Food & Beverage,12201.9,1434.73,31.0
2024-10-24,APAC,Food & Beverage,2528.13,614.65,6.0
2024-02-01,LATAM,Sports,6668.74,1426.21,47.0
2022-12-08,EMEA,Apparel,637.8,242.16,15.0
2023-06-30,EMEA,Electronics,1791.51,179.66,
2022-12-20,EMEA,Electronics,18416.18,2355.13,47.0
2023-03-24,Middle East,Sports,1004.71,112.38,4.0
2023-07-28,LATAM,Home & Garden,10658.09,2626.16,
2024-08-16,North America,Apparel,18052.08,6226.04,49.0
2022-09-13,APAC,Beauty,388.09,65.4,2.0
2022-07-20,APAC,Apparel,209.05,79.13,1.0
2023-10-08,Middle East,Home & Garden,1244.78,197.47,15.0
2023-07-02,North America,Apparel,11701.17,2234.42,29.0
2024-10-12,North America,Home & Garden,18816.44,5221.27,39.0
2023-08-06,EMEA,Apparel,10474.0,551.06,36.0
2024-07-28,Middle East,Electronics,2569.49,,7.0
2024-03-10,APAC,Home & Garden,9244.18,1855.7,21.0
2022-04-13,Middle East,Beauty,1122.27,106.44,25.0
2023-08-30,North America,Home & Garden,589.58,126.71,3.0
2022-11-25,LATAM,Beauty,12391.12,2607.78,37.0
2022-10-18,APAC,Electronics,16637.93,4236.05,41.0
2023-02-04,North America,Home & Garden,6874.4,891.86,38.0
2022-10-07,North America,Electronics,18876.57,4038.06,42.0
2022-07-27,Middle East,Beauty,6245.82,2207.92,24.0
2023-09-28,LATAM,Electronics,2966.03,,7.0
2022-04-10,EMEA,Sports,13672.51,2064.6,41.0
2024-07-26,EMEA,Food & Beverage,82.19,31.12,1.0
2023-08-11,EMEA,Home & Garden,697.96,244.26,2.0
2022-10-20,LATAM,Home & Garden,2701.53,759.16,16.0
2022-05-25,Middle East,Beauty,12210.39,4019.38,33.0
2022-12-14,APAC,Electronics,2372.16,231.41,9.0
2022-02-21,EMEA,Beauty,4515.04,1319.69,18.0
2024-04-09,Middle East,Apparel,5616.44,1823.3,30.0
2023-02-08,North America,Home & Garden,7398.28,1465.36,23.0
2024-01-05,EMEA,Beauty,1381.96,309.09,3.0
2023-06-25,APAC,Home & Garden,9687.42,895.97,34.0
2022-01-04,EMEA,Sports,3422.47,532.93,9.0
2023-06-29,North America,Apparel,11540.17,1115.33,26.0
2022-02-23,Middle East,Electronics,1567.48,365.28,5.0
2023-06-17,EMEA,Electronics,14901.43,4245.38,36.0
2023-05-04,EMEA,Apparel,8446.63,1041.32,33.0
2023-05-15,LATAM,Beauty,783.36,285.71,20.0
2022-02-19,Middle East,Apparel,14145.31,2633.93,40.0
2023-11-14,Middle East,Sports,17896.61,2021.75,39.0
2024-03-12,EMEA,Food & Beverage,9935.93,2505.35,27.0
2023-08-26,APAC,Apparel,608.05,67.03,8.0
2022-02-14,North America,Food & Beverage,14348.79,4071.3,39.0
2024-02-16,North America,Home & Garden,6835.11,1001.86,49.0
2024-05-12,APAC,Electronics,2326.14,736.63,23.0
2023-02-14,North America,Beauty,15546.88,1784.51,
2022-03-01,North America,Beauty,4089.8,423.2,12.0
2024-12-10,APAC,Apparel,1432.53,359.96,38.0
2022-12-17,North America,Apparel,7380.05,2417.23,46.0
2024-09-28,EMEA,Food & Beverage,2442.87,279.5,22.0
2023-09-18,North America,Apparel,1429.12,283.68,48.0
2022-08-03,Middle East,Food & Beverage,363.05,84.16,2.0
2023-03-11,North America,Apparel,4703.21,336.57,11.0
2024-04-13,Middle East,Home & Garden,7825.09,1871.18,37.0
2023-06-21,APAC,Apparel,954.84,254.08,3.0
2024-06-17,APAC,Home & Garden,2172.59,339.05,38.0
2023-05-02,Middle East,Electronics,16912.09,5507.53,37.0
2022-12-12,EMEA,Sports,13651.67,5119.88,30.0
2023-05-14,Middle East,Electronics,11378.12,3703.16,25.0
2023-10-16,EMEA,Apparel,3778.12,485.87,43.0
2024-01-22,APAC,Apparel,2662.81,238.58,
2022-04-10,LATAM,Apparel,3211.6,601.57,8.0
2024-05-18,APAC,Beauty,11646.49,938.63,48.0
2023-04-07,North America,Electronics,340.23,79.96,9.0
2022-09-18,Middle East,Beauty,2363.46,508.84,28.0
2023-02-20,APAC,Sports,4487.34,1147.16,43.0
2022-11-25,LATAM,Beauty,2044.92,604.16,9.0
2022-08-19,LATAM,Food & Beverage,14888.37,3920.43,45.0
2023-10-29,APAC,Home & Garden,11090.84,2765.23,37.0
2024-06-10,LATAM,Food & Beverage,1907.56,538.64,
2023-04-15,North America,Electronics,6064.06,587.46,46.0
2024-10-09,APAC,Apparel,6867.05,2463.27,32.0
2022-03-19,LATAM,Electronics,18612.23,4784.27,41.0
2023-06-30,LATAM,Home & Garden,15718.31,2464.47,43.0
2024-07-24,North America,Apparel,9986.37,3446.35,28.0
2024-07-27,Middle East,Home & Garden,3668.32,957.54,39.0
2024-06-03,EMEA,Beauty,738.14,124.75,12.0
2024-03-23,Middle East,Beauty,15311.46,1469.29,43.0
2023-01-01,EMEA,Home & Garden,9553.55,3131.75,47.0
2022-09-02,LATAM,Home & Garden,579.94,197.23,24.0
2024-12-08,North America,Apparel,22576.76,7186.82,44.0
2023-10-09,EMEA,Sports,16626.81,3812.92,
2022-12-31,LATAM,Sports,12339.79,1169.92,26.0
2023-08-25,LATAM,Apparel,6460.69,482.27,18.0
2023-02-23,LATAM,Home & Garden,5784.58,1045.94,13.0
2024-06-12,LATAM,Sports,618.16,155.17,17.0
2024-03-28,Middle East,Apparel,7311.59,2556.05,41.0
2022-11-07,Middle East,Sports,2659.12,867.98,9.0
2024-05-28,APAC,Sports,3903.98,1315.64,21.0
2023-04-25,Middle East,Apparel,16633.09,3078.75,36.0
2022-06-04,Middle East,Electronics,3116.03,714.87,42.0
2024-01-13,APAC,Home & Garden,2205.8,664.99,6.0
2024-05-26,APAC,Food & Beverage,1943.4,103.15,8.0
2023-12-14,Middle East,Apparel,11395.35,2274.27,44.0
2024-10-25,LATAM,Electronics,10317.34,3315.37,34.0
2022-01-05,EMEA,Beauty,1044.5,361.88,26.0
2023-05-30,North America,Apparel,7276.5,707.07,25.0
2023-10-01,Middle East,Sports,,834.95,22.0
2024-02-02,APAC,Sports,6580.09,905.17,44.0
2023-02-22,APAC,Food & Beverage,1954.31,139.02,6.0
2022-03-13,Middle East,Beauty,2437.92,361.41,6.0
2024-10-30,North America,Home & Garden,18849.83,4043.09,43.0
2024-08-02,EMEA,Electronics,4933.41,1378.0,17.0
2023-05-25,LATAM,Home & Garden,6538.75,822.88,14.0
2023-11-04,EMEA,Home & Garden,326.32,24.87,2.0
2023-09-09,EMEA,Home & Garden,1818.89,172.96,28.0
2023-10-27,Middle East,Home & Garden,13097.32,2155.94,49.0
2023-10-27,APAC,Sports,5899.6,451.09,23.0
2023-01-07,EMEA,Sports,799.94,44.96,47.0
2024-02-16,Middle East,Apparel,12956.42,1564.59,25.0
2024-05-15,APAC,Electronics,5869.27,2225.69,35.0
2024-05-13,Middle East,Electronics,5825.85,1682.71,18.0
2023-03-17,APAC,Sports,206.59,76.89,1.0
2024-08-02,LATAM,Food & Beverage,16330.75,1542.68,44.0
2022-10-06,North America,Home & Garden,3455.4,351.91,13.0
2024-03-07,EMEA,Home & Garden,3146.42,667.68,11.0
2022-05-08,Middle East,Food & Beverage,4114.27,1246.57,16.0
2023-04-12,APAC,Food & Beverage,725.29,270.34,11.0
2023-07-21,North America,Electronics,6786.63,770.83,15.0
2023-10-09,LATAM,Food & Beverage,1507.32,206.88,3.0
2024-09-11,North America,Apparel,12837.19,794.66,32.0
2022-06-07,Middle East,Food & Beverage,12995.75,3963.83,40.0
2024-06-16,APAC,Home & Garden,318.65,38.25,8.0
2024-11-14,LATAM,Food & Beverage,769.33,92.31,24.0
2022-05-01,LATAM,Electronics,7050.08,,22.0
2024-01-14,LATAM,Electronics,21167.55,4921.8,44.0
2023-02-11,North America,Sports,1666.35,587.74,15.0
2024-02-26,Middle East,Apparel,4238.41,1060.9,18.0
2024-02-05,Middle East,Beauty,8013.95,2115.78,20.0
2024-11-17,APAC,Beauty,2144.68,443.19,10.0
2023-04-24,EMEA,Home & Garden,3167.9,933.54,26.0
2022-05-10,North America,Beauty,4765.38,590.23,33.0
2024-10-01,North America,Beauty,5989.52,381.01,13.0
2022-02-15,APAC,Electronics,7822.98,2896.83,22.0
2022-10-27,APAC,Beauty,180.78,9.29,8.0
2022-06-03,North America,Apparel,758.62,45.33,2.0
2023-04-26,North America,Home & Garden,3097.85,930.85,7.0
2023-07-27,EMEA,Apparel,1357.19,,10.0
2022-10-14,Middle East,Electronics,5996.58,1435.6,14.0
2024-05-15,APAC,Beauty,,437.79,6.0
2024-10-04,LATAM,Electronics,8729.42,450.21,20.0
2022-10-31,LATAM,Apparel,8623.46,750.65,41.0
2024-04-04,Middle East,Apparel,3010.81,903.21,19.0
2024-01-20,APAC,Electronics,618.74,157.99,12.0
2024-08-04,North America,Apparel,1452.75,149.77,5.0
2022-12-14,Middle East,Apparel,3246.18,720.17,12.0
2024-10-31,Middle East,Apparel,12219.35,3034.21,34.0
2024-09-06,LATAM,Beauty,13559.14,1193.09,29.0
2024-12-24,APAC,Beauty,15264.74,4539.06,35.0
2022-03-28,LATAM,Home & Garden,4753.66,774.82,23.0
2022-04-18,LATAM,Home & Garden,5952.06,2081.35,17.0
2024-11-01,APAC,Sports,9445.29,2240.39,23.0
2024-02-23,APAC,Food & Beverage,3154.06,543.97,11.0
2024-05-31,North America,Electronics,3924.65,427.91,22.0
2022-02-25,EMEA,Apparel,10451.26,1244.33,36.0
2023-10-21,Middle East,Home & Garden,3314.28,1133.63,21.0
2024-05-26,EMEA,Electronics,3464.77,1245.21,
2023-03-06,APAC,Apparel,1183.5,173.67,9.0
2022-01-25,APAC,Electronics,9198.7,3423.73,46.0
2024-04-18,LATAM,Beauty,6269.09,1579.31,19.0
2024-05-28,North America,Electronics,1889.28,518.03,5.0
2022-01-22,EMEA,Food & Beverage,3091.54,1085.99,20.0
2022-06-26,Middle East,Food & Beverage,4666.56,1187.1,17.0
2023-07-20,EMEA,Electronics,3473.94,533.28,9.0
2022-03-08,North America,Food & Beverage,12227.55,1269.89,48.0
2023-09-18,APAC,Food & Beverage,8785.06,2394.5,37.0
2022-03-29,Middle East,Apparel,6460.89,656.66,15.0
2024-06-10,LATAM,Sports,9573.02,1820.22,23.0
2024-07-06,LATAM,Home & Garden,1477.65,138.36,5.0
2022-05-14,APAC,Home & Garden,5737.85,1043.61,42.0
2024-09-28,North America,Beauty,2672.14,1003.71,42.0
2024-12-05,LATAM,Apparel,9276.18,844.05,26.0
2022-07-23,EMEA,Food & Beverage,13604.01,1257.83,28.0
2023-01-12,Middle East,Food & Beverage,7476.73,1220.28,27.0
2024-04-17,Middle East,Beauty,3221.11,1215.84,15.0
2024-03-14,North America,Apparel,4518.47,292.68,10.0
2022-12-06,LATAM,Apparel,10549.93,3823.11,28.0
2023-06-01,EMEA,Beauty,12355.38,3789.96,33.0
2022-06-18,Middle East,Electronics,15391.22,1141.61,38.0
2024-04-28,LATAM,Food & Beverage,5121.14,590.29,11.0
2024-01-27,North America,Apparel,2665.14,523.73,24.0
2023-05-28,APAC,Sports,1596.34,519.67,4.0
2023-09-18,North America,Sports,8633.15,1611.62,20.0
2024-12-24,APAC,Electronics,7997.78,2932.27,29.0
2024-03-26,LATAM,Beauty,9158.62,1247.14,26.0
2023-09-07,EMEA,Home & Garden,3460.96,1127.37,9.0
2022-12-03,EMEA,Apparel,18468.32,2543.98,38.0
2024-10-19,North America,Electronics,175.39,66.0,7.0
2023-10-28,North America,Beauty,7256.66,383.27,27.0
2024-05-22,APAC,Home & Garden,3867.05,1358.96,36.0
2023-07-13,Middle East,Beauty,19724.86,3731.6,44.0
2023-06-13,LATAM,Apparel,1915.37,602.38,19.0
2022-05-30,APAC,Home & Garden,2746.16,876.13,10.0
2023-04-08,LATAM,Beauty,6940.28,361.84,26.0
2022-04-18,LATAM,Food & Beverage,3256.48,931.28,7.0
2022-02-02,LATAM,Food & Beverage,5680.97,1302.61,48.0
2024-07-12,Middle East,Food & Beverage,1371.86,456.02,3.0
2022-02-06,North America,Home & Garden,2904.79,713.13,7.0
2023-12-28,LATAM,Beauty,12250.18,3496.97,40.0
2023-07-18,North America,Beauty,4898.51,1111.1,32.0
2023-09-23,Middle East,Beauty,3983.74,1248.96,35.0
2022-06-16,APAC,Beauty,,474.39,44.0
2024-03-20,North America,Home & Garden,6916.78,816.86,
2023-02-16,Middle East,Sports,7783.37,1191.29,21.0
2022-06-30,LATAM,Beauty,2046.75,397.66,5.0
2023-03-08,EMEA,Home & Garden,3831.34,1021.75,22.0
2023-05-29,LATAM,Beauty,19675.75,4390.69,48.0
2023-02-08,EMEA,Beauty,14322.52,1280.78,35.0
2022-07-01,North America,Home & Garden,8714.67,829.33,31.0
2023-04-02,North America,Food & Beverage,20740.6,5696.81,44.0
2022-07-28,EMEA,Electronics,4485.96,583.03,47.0
2022-08-04,APAC,Apparel,25.18,3.3,1.0
2022-02-08,Middle East,Apparel,1760.56,136.98,6.0
2023-05-19,Middle East,Beauty,7464.21,2440.66,32.0
2023-10-01,North America,Sports,4732.59,542.31,14.0
2022-12-07,LATAM,Food & Beverage,7196.81,2294.63,25.0
2023-02-09,Middle East,Beauty,1998.02,319.09,40.0
2023-09-26,LATAM,Food & Beverage,4391.44,1077.07,36.0
2022-05-12,Middle East,Apparel,13050.21,2189.35,42.0
2023-02-03,APAC,Beauty,444.08,119.4,21.0
2024-03-17,Middle East,Sports,1979.73,601.68,9.0
2022-02-14,North America,Apparel,1229.3,272.37,5.0
2023-03-06,North America,Home & Garden,10163.46,787.6,42.0
2023-09-19,North America,Home & Garden,16101.1,3521.91,43.0
2024-05-19,Middle East,Beauty,17368.33,1357.77,38.0
2024-05-12,Middle East,Sports,1775.94,480.28,7.0
2023-12-26,LATAM,Beauty,4024.24,,25.0
2022-06-30,North America,Electronics,650.79,128.5,3.0
2024-07-10,North America,Home & Garden,3385.32,1121.3,28.0
2023-06-18,Middle East,Apparel,1729.6,186.84,23.0
2023-11-09,APAC,Beauty,10306.81,891.66,33.0
2024-03-19,LATAM,Apparel,6494.06,1195.64,47.0
2024-03-11,EMEA,Beauty,13475.42,4620.3,46.0
2023-04-05,APAC,Beauty,10823.86,1890.02,42.0
2024-07-07,North America,Food & Beverage,688.59,81.92,2.0
2023-05-20,Middle East,Apparel,9697.76,1375.0,27.0
2022-06-18,LATAM,Beauty,15783.06,3401.32,43.0
2022-04-20,North America,Electronics,10826.75,3125.81,44.0
2023-02-07,APAC,Apparel,10841.35,1843.74,44.0
2022-05-07,LATAM,Food & Beverage,8478.88,2387.38,21.0
2024-04-28,North America,Beauty,11598.99,2603.6,28.0
2022-03-24,North America,Food & Beverage,14105.2,1393.1,41.0
2022-06-02,North America,Sports,19385.29,5822.97,39.0
2024-04-20,Middle East,Apparel,429.9,85.78,6.0
2022-04-14,APAC,Electronics,5286.47,458.5,13.0
2022-09-17,Middle East,Sports,3400.66,1198.85,37.0
2023-11-03,LATAM,Sports,19834.89,4597.06,48.0
2022-05-26,North America,Beauty,11271.14,3087.98,35.0
2024-10-25,Middle East,Electronics,1723.42,227.58,30.0
2024-04-01,EMEA,Electronics,3125.29,476.07,42.0
2024-10-19,EMEA,Home & Garden,2048.17,775.24,4.0
2022-10-09,LATAM,Food & Beverage,739.72,132.3,28.0
2023-11-07,EMEA,Food & Beverage,4235.71,1074.26,38.0
2022-02-05,North America,Food & Beverage,7470.62,1197.65,45.0
2022-04-02,APAC,Sports,6994.2,1580.89,32.0
2024-12-10,North America,Apparel,1429.53,113.63,33.0
2022-10-19,APAC,Apparel,1073.59,147.32,27.0
2023-08-12,EMEA,Sports,139.19,35.38,7.0
2023-09-10,Middle East,Home & Garden,2741.23,917.46,28.0
2024-08-05,Middle East,Food & Beverage,9138.77,2389.04,23.0
2022-01-04,APAC,Electronics,47.35,2.41,1.0
2023-07-31,North America,Electronics,421.32,43.25,2.0
2022-12-08,EMEA,Beauty,4704.53,1043.56,30.0
2024-09-25,APAC,Home & Garden,6690.18,779.69,20.0
2022-06-11,Middle East,Apparel,2472.39,431.51,33.0
2024-01-20,APAC,Electronics,3549.51,528.91,9.0
2023-11-21,North America,Beauty,5808.18,1785.22,28.0
2023-12-28,APAC,Electronics,1375.54,103.8,6.0
2023-04-28,APAC,Electronics,972.45,130.21,34.0
2024-10-04,LATAM,Electronics,18388.96,2351.63,46.0
2023-08-02,Middle East,Apparel,8817.54,1673.39,29.0
2023-05-10,LATAM,Apparel,1133.5,159.43,6.0
2022-05-19,APAC,Apparel,2255.67,837.23,41.0
2024-08-06,APAC,Sports,2384.7,454.02,6.0
2023-01-31,APAC,Apparel,4986.41,1723.49,13.0
2022-07-27,North America,Food & Beverage,2936.6,889.5,30.0
2023-08-08,APAC,Apparel,7221.26,2691.61,18.0
2024-12-20,EMEA,Sports,1802.87,651.45,5.0
2024-10-01,APAC,Food & Beverage,2289.45,663.65,42.0
2023-03-29,North America,Electronics,12654.29,4385.2,40.0
2022-02-08,EMEA,Beauty,18541.56,2499.58,45.0
2023-02-17,EMEA,Apparel,2466.62,691.53,6.0
2024-12-20,North America,Home & Garden,2817.95,327.09,47.0
2024-02-29,LATAM,Home & Garden,14565.99,4670.85,34.0
2022-11-05,APAC,Home & Garden,8706.6,2877.87,32.0
2023-08-12,North America,Sports,887.2,314.32,27.0
2023-08-25,North America,Electronics,15400.26,5840.17,38.0
2024-02-21,Middle East,Home & Garden,2675.88,550.26,27.0
2022-01-04,APAC,Sports,14468.59,4952.27,40.0
2024-01-07,LATAM,Home & Garden,4172.48,1340.14,49.0
2024-11-16,EMEA,Apparel,1377.22,114.2,34.0
2023-04-30,LATAM,Beauty,13840.32,3517.56,45.0
2023-10-05,APAC,Sports,14638.05,2932.11,36.0
2022-02-23,Middle East,Apparel,1011.82,325.14,11.0
2023-12-02,North America,Apparel,819.65,60.48,25.0
2022-07-22,North America,Home & Garden,5032.3,1665.28,28.0
2022-01-18,Middle East,Sports,585.88,140.66,11.0
2023-05-20,APAC,Electronics,4950.22,552.95,35.0
2024-09-27,APAC,Sports,16213.6,4775.59,42.0
2023-03-20,LATAM,Food & Beverage,1484.6,352.74,4.0
2024-12-04,North America,Sports,2135.85,332.37,15.0
2024-03-16,EMEA,Apparel,3250.43,484.2,48.0
2023-07-19,LATAM,Electronics,9518.48,1586.55,19.0
2024-12-03,North America,Food & Beverage,9927.31,2246.2,39.0
2023-08-31,APAC,Home & Garden,10136.67,1245.4,36.0
2022-03-07,Middle East,Beauty,8710.6,1072.91,49.0
2023-08-14,North America,Sports,13471.62,4580.41,32.0
2023-04-09,EMEA,Beauty,2387.28,534.24,16.0
2024-11-10,Middle East,Food & Beverage,3827.89,684.96,42.0
2023-04-15,LATAM,Beauty,8446.41,2920.17,23.0
2023-04-07,Middle East,Beauty,13838.18,2203.49,33.0
2022-11-18,EMEA,Sports,746.53,270.14,43.0
2024-10-24,APAC,Home & Garden,8682.34,,19.0
2023-07-30,North America,Beauty,5932.75,966.35,26.0
2024-03-08,Middle East,Apparel,3033.19,330.21,37.0
2023-01-08,Middle East,Home & Garden,12986.6,3580.71,40.0
2024-06-25,EMEA,Home & Garden,3376.11,1144.86,9.0
2022-08-31,EMEA,Beauty,207.51,67.36,5.0
2022-05-03,EMEA,Sports,2446.02,925.21,6.0
2024-03-09,LATAM,Apparel,9749.37,3419.6,45.0
2022-10-13,LATAM,Apparel,606.82,209.17,5.0
2024-05-02,EMEA,Electronics,6829.26,2158.07,20.0
2023-06-22,EMEA,Home & Garden,9568.15,2961.99,49.0
2023-07-11,APAC,Electronics,16453.39,1949.89,46.0
2023-05-13,APAC,Sports,302.14,75.47,3.0
2023-08-20,EMEA,Electronics,4847.72,1471.64,21.0
2023-01-02,Middle East,Beauty,946.1,97.43,13.0
2023-08-05,LATAM,Beauty,7339.6,1199.37,18.0
2024-10-04,North America,Food & Beverage,7870.36,2496.65,18.0
2024-07-08,EMEA,Home & Garden,1625.34,137.5,22.0
2023-10-27,EMEA,Food & Beverage,1193.03,327.59,44.0
2024-07-24,LATAM,Electronics,2082.76,539.25,30.0
2022-11-07,Middle East,Apparel,11688.18,657.89,43.0
2022-12-04,EMEA,Apparel,3400.27,1002.91,12.0
2023-05-21,Middle East,Food & Beverage,8328.65,1437.56,42.0
2024-09-02,LATAM,Apparel,14752.22,4946.4,35.0
2024-10-22,EMEA,Home & Garden,15453.78,1511.31,40.0
2022-09-12,APAC,Food & Beverage,3022.94,1106.6,10.0
2023-10-05,North America,Electronics,7897.84,2747.05,40.0
2023-12-10,EMEA,Home & Garden,2319.81,688.46,45.0
2024-04-14,North America,Apparel,2020.45,528.61,5.0
2023-10-15,LATAM,Home & Garden,1982.05,509.78,6.0
2023-10-11,Middle East,Food & Beverage,3210.34,383.65,19.0
2022-10-01,LATAM,Food & Beverage,1046.52,190.4,5.0
2023-02-04,EMEA,Home & Garden,1508.47,386.65,16.0
2023-11-16,EMEA,Sports,10459.98,3714.98,36.0
2022-08-20,APAC,Home & Garden,10088.33,3637.12,21.0
2024-06-14,EMEA,Electronics,8991.91,3026.6,41.0
2023-09-30,North America,Sports,856.18,204.52,38.0
2024-01-13,North America,Electronics,13217.27,1885.96,45.0
2023-11-08,APAC,Food & Beverage,12290.17,2743.58,27.0
2022-11-03,LATAM,Home & Garden,3017.19,167.52,10.0
2022-03-28,LATAM,Beauty,3916.77,689.37,39.0
2022-05-28,LATAM,Food & Beverage,3384.58,439.7,8.0
2024-03-09,LATAM,Sports,17619.09,5814.31,44.0
2023-08-22,Middle East,Sports,12133.04,3683.9,30.0
2024-06-16,North America,Apparel,12001.77,2830.72,34.0
2023-10-11,APAC,Beauty,4485.62,983.99,14.0
2024-03-17,EMEA,Food & Beverage,501.94,91.99,15.0
2022-05-19,EMEA,Sports,5321.39,826.18,37.0
2023-06-24,LATAM,Food & Beverage,6673.75,1858.28,44.0
2023-03-03,LATAM,Electronics,3000.74,770.3,10.0
2022-05-30,Middle East,Electronics,634.55,222.64,3.0
2024-07-07,Middle East,Sports,15944.27,2715.53,49.0
2023-10-10,LATAM,Sports,10340.24,,21.0
2023-04-15,Middle East,Sports,16598.35,2567.71,45.0
2023-02-12,EMEA,Sports,476.59,112.2,4.0
2023-05-22,APAC,Apparel,1942.2,435.53,45.0
2023-03-18,North America,Apparel,4688.25,1188.18,41.0
2023-12-04,Middle East,Food & Beverage,3419.63,443.74,46.0
2022-03-08,North America,Home & Garden,329.85,65.05,18.0
2023-05-04,APAC,Home & Garden,10651.08,2695.19,27.0
2022-03-21,LATAM,Home & Garden,3891.38,790.81,9.0
2024-09-16,Middle East,Sports,2266.23,402.9,41.0
2024-10-22,North America,Food & Beverage,16216.52,1914.31,45.0
2024-01-07,LATAM,Sports,17159.74,6391.76,33.0
2023-04-30,North America,Food & Beverage,2502.5,642.54,8.0
2022-03-21,APAC,Beauty,14105.03,4056.72,34.0
2022-12-06,Middle East,Sports,1342.82,173.89,27.0
2024-10-13,APAC,Sports,464.56,40.95,1.0
2022-11-16,EMEA,Apparel,239.2,77.96,1.0
2022-12-19,North America,Electronics,11969.55,3466.94,23.0
2023-07-25,LATAM,Food & Beverage,1720.37,177.17,11.0
2022-11-21,LATAM,Food & Beverage,12086.45,1764.29,49.0
2022-11-15,Middle East,Apparel,7941.07,2687.23,22.0
2024-01-15,APAC,Home & Garden,619.89,85.79,12.0
2023-03-23,EMEA,Apparel,9330.13,2892.98,22.0
2024-02-13,LATAM,Apparel,323.09,63.63,28.0
2023-07-30,LATAM,Apparel,950.27,58.77,6.0
2024-10-13,LATAM,Home & Garden,1907.98,464.33,5.0
2023-03-08,Middle East,Sports,2401.06,594.03,16.0
2024-10-18,LATAM,Apparel,2772.14,843.36,6.0
2024-12-17,Middle East,Apparel,12409.0,,41.0
2024-07-21,LATAM,Apparel,4846.24,571.3,33.0
2022-09-02,Middle East,Electronics,3508.55,306.44,29.0
2023-06-04,LATAM,Apparel,3001.53,1085.95,30.0
2024-08-28,North America,Beauty,2427.32,421.38,10.0
2023-06-06,APAC,Electronics,5782.26,1181.48,49.0
2023-09-25,Middle East,Food & Beverage,1949.75,652.58,37.0
2023-06-02,APAC,Apparel,539.0,109.73,9.0
2024-10-10,APAC,Apparel,1138.05,179.82,11.0
2022-02-28,APAC,Beauty,1817.68,267.89,49.0
2024-04-21,Middle East,Food & Beverage,1286.1,242.88,9.0
2022-10-02,APAC,Apparel,3263.25,885.62,11.0
2022-05-17,Middle East,Beauty,4830.45,997.57,37.0
2022-07-23,LATAM,Sports,3208.0,181.53,8.0
2022-01-27,LATAM,Electronics,796.55,48.8,4.0
2022-05-25,APAC,Food & Beverage,5693.56,836.16,32.0
2023-02-25,Middle East,Beauty,4499.16,974.42,42.0
2022-05-24,Middle East,Beauty,2234.76,806.99,9.0
2022-11-06,APAC,Apparel,10976.45,1767.31,46.0
2023-02-27,LATAM,Electronics,2168.85,805.67,36.0
2023-05-07,APAC,Electronics,13265.88,2763.94,34.0
2022-01-29,North America,Home & Garden,3178.44,797.46,21.0
2022-03-23,LATAM,Beauty,3322.43,1255.81,35.0
2022-12-13,LATAM,Sports,931.45,246.75,23.0
2022-10-20,North America,Apparel,8120.0,2411.9,24.0
2024-04-16,Middle East,Electronics,12072.27,2699.79,30.0
2024-03-21,APAC,Home & Garden,2078.27,498.6,38.0
2022-04-15,APAC,Home & Garden,10724.33,677.65,37.0
2023-10-09,APAC,Sports,6352.65,1026.64,16.0
2024-10-12,EMEA,Electronics,21606.46,3513.08,47.0
2024-09-21,Middle East,Electronics,3638.05,534.51,11.0
2022-08-03,LATAM,Apparel,1260.76,123.48,9.0
2024-03-07,Middle East,Apparel,2269.68,293.54,6.0
2024-09-02,EMEA,Home & Garden,4231.62,416.43,49.0
2024-09-11,APAC,Food & Beverage,2981.44,771.42,13.0
2024-06-01,North America,Beauty,279.62,101.64,1.0
2022-08-24,LATAM,Apparel,13912.67,2646.99,32.0
2022-06-25,LATAM,Electronics,3196.46,729.72,15.0
2024-04-18,EMEA,Home & Garden,390.21,46.47,8.0
2022-05-29,LATAM,Home & Garden,21757.75,1921.05,44.0
2022-06-10,North America,Sports,7276.21,686.63,43.0
2023-03-19,Middle East,Beauty,2264.75,613.22,5.0
2023-05-12,APAC,Food & Beverage,6320.36,1975.34,15.0
2024-06-04,EMEA,Beauty,487.92,153.06,10.0
2022-01-14,APAC,Sports,2972.42,302.37,29.0
2022-03-28,APAC,Sports,1905.57,494.75,31.0
2022-11-12,Middle East,Beauty,10514.9,3610.8,37.0
2024-03-16,EMEA,Beauty,922.69,207.32,38.0
2022-06-03,EMEA,Sports,240.44,67.14,3.0
2023-12-27,Middle East,Electronics,770.26,58.41,30.0
2024-08-18,Middle East,Electronics,365.12,48.45,1.0
2022-10-27,Middle East,Home & Garden,17836.32,3403.37,39.0
2022-08-09,EMEA,Beauty,710.94,52.71,39.0
2024-04-12,Middle East,Sports,17401.88,4101.19,42.0
2023-01-27,LATAM,Sports,1227.79,244.5,36.0
2022-02-09,Middle East,Beauty,11776.94,4028.23,47.0
2022-02-18,Middle East,Sports,1303.56,250.0,3.0
2024-04-05,Middle East,Sports,1351.98,493.97,9.0
2022-12-09,Middle East,Apparel,11092.06,1648.24,43.0
2023-08-05,LATAM,Sports,4962.33,1664.75,34.0
2024-05-24,LATAM,Home & Garden,2587.23,435.19,25.0
2022-04-04,LATAM,Sports,15221.99,,34.0
2022-05-17,APAC,Apparel,14096.36,1661.83,36.0
2023-12-29,APAC,Sports,7652.37,1216.35,21.0
2023-01-07,APAC,Food & Beverage,9695.4,942.2,41.0
2023-09-20,LATAM,Beauty,4513.01,1621.09,29.0
2023-01-24,Middle East,Apparel,7481.63,1148.47,
2023-03-02,LATAM,Home & Garden,8498.19,3204.14,45.0
2023-08-22,APAC,Beauty,544.57,189.8,29.0
2023-05-05,Middle East,Home & Garden,5753.61,987.5,41.0
2022-05-16,EMEA,Electronics,12453.49,723.1,48.0
2023-07-08,Middle East,Sports,6882.31,620.08,24.0
2022-07-27,LATAM,Apparel,743.03,125.79,31.0
2024-10-12,North America,Electronics,776.18,163.35,2.0
2023-02-07,North America,Beauty,2619.88,908.21,30.0
2024-05-10,APAC,Beauty,4252.98,357.02,11.0
2024-10-27,LATAM,Food & Beverage,16.8,1.59,1.0
2022-05-14,LATAM,Apparel,3009.73,1060.66,15.0
2023-11-30,EMEA,Beauty,5347.99,823.76,32.0
2024-09-24,LATAM,Beauty,4130.99,477.68,46.0
2023-08-23,Middle East,Apparel,538.35,52.39,8.0
2023-08-02,Middle East,Apparel,3598.19,890.17,14.0
2024-11-15,APAC,Home & Garden,7124.35,518.65,35.0
2022-04-17,Middle East,Home & Garden,9013.94,1000.68,39.0
2022-04-22,EMEA,Sports,,1434.56,36.0
2024-06-27,Middle East,Electronics,12752.06,1602.48,26.0
2022-01-08,North America,Sports,10819.83,2787.0,32.0
2022-10-10,Middle East,Electronics,12991.93,3161.48,30.0
2022-03-24,Middle East,Food & Beverage,2446.75,239.88,40.0
2024-12-27,APAC,Home & Garden,12631.29,2749.13,36.0
2023-10-22,North America,Electronics,13611.97,1526.26,43.0
2022-10-12,LATAM,Home & Garden,3905.86,673.29,16.0
2023-09-02,APAC,Home & Garden,101.34,34.71,2.0
2022-02-27,APAC,Food & Beverage,1403.28,157.03,14.0
2024-12-13,LATAM,Electronics,6257.67,1965.01,31.0
2024-05-03,LATAM,Food & Beverage,22500.38,7864.53,49.0
2024-05-19,North America,Food & Beverage,10147.38,3491.14,37.0
2024-07-12,Middle East,Food & Beverage,1255.11,198.15,22.0
2022-07-06,EMEA,Sports,4711.83,1222.88,19.0
2022-08-02,LATAM,Beauty,3382.46,1152.2,16.0
2023-12-15,LATAM,Food & Beverage,5856.45,2067.94,16.0
2022-11-05,APAC,Apparel,17352.75,4704.57,36.0
2024-12-06,North America,Electronics,4658.4,1557.74,9.0
2024-01-03,EMEA,Food & Beverage,11039.25,2514.63,36.0
2024-07-21,APAC,Apparel,141.31,14.48,2.0
2022-08-18,North America,Beauty,17208.5,2518.45,35.0
2023-04-28,Middle East,Apparel,933.26,,11.0
2024-12-20,APAC,Beauty,200.67,28.89,10.0
2024-12-10,EMEA,Home & Garden,1679.66,551.13,7.0
2022-01-05,LATAM,Beauty,22257.4,6420.66,45.0
2024-07-30,EMEA,Electronics,19028.98,5979.32,43.0
2023-09-01,APAC,Electronics,3686.2,1164.49,8.0
2024-07-08,APAC,Home & Garden,993.4,106.53,2.0
2023-10-27,Middle East,Home & Garden,1952.35,561.32,4.0
2023-04-16,EMEA,Home & Garden,10929.82,2191.86,38.0
2023-10-08,Middle East,Beauty,18950.06,5963.91,48.0
2024-03-04,LATAM,Food & Beverage,1356.77,139.22,5.0
2022-06-05,EMEA,Electronics,21392.33,8068.12,42.0
2024-07-20,Middle East,Food & Beverage,13688.65,4981.72,30.0
2022-06-10,Middle East,Home & Garden,792.75,143.04,3.0
2023-08-27,Middle East,Beauty,3882.74,783.36,12.0
2023-12-19,North America,Home & Garden,982.53,143.87,2.0
2022-11-29,LATAM,Apparel,17761.48,3820.93,44.0
2022-07-01,North America,Food & Beverage,4304.08,387.53,10.0
2022-09-15,Middle East,Sports,5720.3,964.41,17.0
2023-07-22,EMEA,Apparel,13994.36,3598.52,33.0
2022-06-19,EMEA,Electronics,21904.63,4244.82,44.0
2022-04-05,North America,Home & Garden,11161.99,895.16,36.0
2022-06-02,North America,Apparel,5653.59,1604.29,14.0
2024-11-29,APAC,Electronics,5253.27,318.46,10.0
2022-03-28,Middle East,Electronics,4394.42,1557.81,23.0
2023-05-11,APAC,Food & Beverage,16864.58,3651.64,39.0
2023-10-03,EMEA,Home & Garden,2282.12,710.85,6.0
2022-10-06,EMEA,Home & Garden,11189.51,2674.83,34.0
2023-09-08,EMEA,Beauty,2872.86,516.24,40.0
2023-03-18,EMEA,Beauty,4933.77,286.9,22.0
2024-08-02,Middle East,Home & Garden,2670.0,902.66,48.0
2024-11-13,LATAM,Beauty,232.91,68.6,3.0
2023-11-02,LATAM,Sports,563.59,43.59,2.0
2022-11-10,North America,Electronics,7800.74,400.82,37.0
2024-11-30,North America,Sports,3694.04,1258.95,17.0
2023-10-19,EMEA,Home & Garden,10652.14,1974.31,29.0
2024-11-30,North America,Home & Garden,2676.57,863.06,43.0
2023-03-15,Middle East,Apparel,8819.19,979.7,19.0
2022-12-03,LATAM,Apparel,4837.61,523.88,17.0
2024-04-15,Middle East,Electronics,13396.26,3658.13,48.0
2024-07-25,North America,Sports,408.89,97.95,1.0
2023-06-09,North America,Beauty,570.78,196.51,32.0
2022-10-13,APAC,Sports,7896.43,1353.14,31.0
2023-12-12,Middle East,Electronics,2152.97,542.53,5.0
2024-03-12,EMEA,Beauty,1392.72,519.67,5.0
2024-12-20,LATAM,Beauty,1340.16,424.87,9.0
2023-04-02,North America,Home & Garden,18534.93,4319.72,49.0
2022-05-16,Middle East,Food & Beverage,19513.36,2088.71,38.0
2023-12-29,Middle East,Electronics,1716.82,573.61,41.0
2024-11-27,North America,Electronics,12968.67,1051.51,31.0
2022-01-26,North America,Home & Garden,12467.72,3285.92,34.0
2023-03-25,North America,Electronics,918.36,343.23,8.0
2023-09-21,EMEA,Apparel,13240.94,4247.21,35.0
2022-09-13,Middle East,Apparel,255.47,84.3,5.0
2024-02-21,North America,Electronics,2087.74,371.09,10.0
2024-12-26,EMEA,Sports,2568.68,928.77,38.0
2022-07-13,Middle East,Sports,9992.45,1972.49,21.0
2023-09-02,LATAM,Home & Garden,2072.05,758.77,24.0
2022-03-14,LATAM,Beauty,613.43,130.07,44.0
2022-07-05,EMEA,Apparel,10830.79,3638.52,39.0
2023-08-09,North America,Apparel,23720.75,7274.11,49.0
2023-08-04,APAC,Home & Garden,2493.64,636.22,8.0
2024-05-23,APAC,Electronics,,942.4,21.0
2024-09-15,North America,Electronics,10325.41,548.24,33.0
2022-08-04,EMEA,Food & Beverage,11716.66,3068.62,29.0
2024-05-03,North America,Apparel,21783.29,7501.95,48.0
2022-05-27,EMEA,Electronics,2510.11,698.18,33.0
2024-11-28,North America,Beauty,373.03,79.49,5.0
2022-08-07,EMEA,Sports,11974.47,1131.94,35.0
2023-08-14,APAC,Beauty,18090.34,6626.79,48.0
2022-10-02,APAC,Home & Garden,10451.72,966.2,38.0
2024-05-22,EMEA,Home & Garden,2531.38,,32.0
2024-10-05,APAC,Sports,12732.24,2214.78,27.0
2024-03-09,LATAM,Apparel,10946.09,1147.58,27.0
2022-09-10,North America,Home & Garden,7475.49,1267.04,17.0
2023-10-25,EMEA,Beauty,6096.72,1962.95,22.0
2023-06-24,EMEA,Electronics,578.44,49.53,16.0
2022-02-14,Middle East,Food & Beverage,5869.72,629.6,36.0
2023-05-28,LATAM,Sports,3575.72,447.03,12.0
2022-07-06,LATAM,Food & Beverage,14723.74,3406.24,48.0
2022-11-21,LATAM,Home & Garden,15593.5,2258.75,49.0
2024-07-01,LATAM,Sports,2321.24,702.73,30.0
2024-01-03,LATAM,Apparel,11974.96,2964.05,41.0
2024-10-14,Middle East,Home & Garden,7373.43,2365.3,37.0
2023-10-09,North America,Beauty,13523.72,3415.67,44.0
2023-04-05,EMEA,Food & Beverage,4330.28,655.02,21.0
2023-11-18,North America,Apparel,5512.77,2044.54,13.0
2023-06-01,EMEA,Beauty,19489.78,4921.39,43.0
2022-10-22,North America,Food & Beverage,2614.6,442.93,
2022-11-15,North America,Electronics,6792.94,1461.52,15.0
2022-06-14,EMEA,Home & Garden,2411.02,746.44,13.0
2023-02-21,APAC,Home & Garden,3697.11,535.57,47.0
2024-05-10,Middle East,Apparel,6533.24,956.11,25.0
2024-12-30,LATAM,Sports,3058.17,958.63,23.0
2023-05-24,North America,Beauty,4045.42,1096.03,15.0
2023-04-21,APAC,Apparel,20318.74,7597.86,43.0
2024-09-12,North America,Food & Beverage,13372.27,3097.7,36.0
2022-04-28,Middle East,Apparel,6490.47,2198.38,19.0
2024-08-20,APAC,Beauty,762.07,273.52,17.0
2024-12-21,North America,Apparel,9549.82,2585.99,23.0
2022-05-12,North America,Apparel,174.98,34.32,9.0
2023-01-23,Middle East,Beauty,8657.72,1128.74,28.0
2023-05-15,APAC,Food & Beverage,1254.98,337.67,26.0
2022-05-27,Middle East,Apparel,12982.17,1186.02,40.0
2023-09-29,EMEA,Electronics,22672.61,2532.29,48.0
2022-10-10,APAC,Food & Beverage,10803.05,1370.86,31.0
2024-12-03,EMEA,Apparel,9158.45,1248.28,36.0
2023-12-18,LATAM,Food & Beverage,590.86,175.32,2.0
2022-11-27,EMEA,Electronics,14813.73,4742.73,43.0
2023-03-28,EMEA,Home & Garden,2835.85,945.44,46.0
2023-01-19,APAC,Beauty,7374.69,993.45,19.0
2023-08-19,EMEA,Food & Beverage,20621.24,5419.08,46.0
2024-12-23,EMEA,Sports,680.92,112.53,11.0
2023-04-26,Middle East,Apparel,8739.26,2826.77,37.0
2022-03-05,EMEA,Food & Beverage,9062.14,2587.25,22.0
2024-04-28,LATAM,Food & Beverage,717.33,43.09,7.0
2023-07-04,APAC,Electronics,1249.04,334.71,8.0
2023-08-21,Middle East,Apparel,13409.08,1292.31,41.0
2022-06-03,North America,Apparel,1539.0,205.91,6.0
2024-01-07,APAC,Home & Garden,883.61,128.43,40.0
2023-06-19,North America,Apparel,737.09,167.33,25.0
2024-11-02,North America,Electronics,480.15,65.89,10.0
2024-11-02,LATAM,Food & Beverage,19326.8,2696.41,43.0
2023-01-02,EMEA,Electronics,2928.04,898.84,10.0
2023-07-06,North America,Electronics,10419.78,2058.07,36.0
2023-12-20,LATAM,Food & Beverage,2164.7,234.07,16.0
2022-11-19,APAC,Apparel,510.43,104.39,12.0
2022-03-28,Middle East,Food & Beverage,6465.0,1474.11,47.0
2023-04-11,APAC,Beauty,493.85,86.79,44.0
2024-09-02,APAC,Food & Beverage,3784.18,795.27,26.0
2023-06-23,APAC,Apparel,11334.74,888.2,35.0
2024-04-23,Middle East,Home & Garden,3163.11,1046.66,44.0
2022-03-30,EMEA,Beauty,1259.08,276.55,10.0
2022-05-16,EMEA,Electronics,13101.33,1117.47,
2024-11-02,APAC,Sports,6277.93,1782.62,28.0
2022-09-03,Middle East,Apparel,8615.26,1138.34,47.0
2024-04-04,LATAM,Beauty,4549.57,637.53,44.0
2022-03-01,Middle East,Beauty,919.73,238.63,3.0
2024-10-16,North America,Sports,2109.25,279.03,10.0
2024-12-02,LATAM,Apparel,11004.91,3035.23,23.0
2024-10-11,EMEA,Electronics,224.25,71.0,9.0
2023-11-09,APAC,Beauty,2487.57,167.5,7.0
2023-07-21,LATAM,Electronics,19633.55,2980.64,46.0
2023-08-12,APAC,Electronics,1331.62,239.01,29.0
2022-09-21,EMEA,Beauty,6352.29,1188.24,24.0
2024-06-04,North America,Sports,6375.35,472.79,31.0
2023-12-23,North America,Apparel,16592.48,1318.47,46.0
2024-12-10,APAC,Home & Garden,16277.25,891.11,41.0
2022-10-29,LATAM,Food & Beverage,406.95,86.31,4.0
2024-05-04,North America,Electronics,7004.67,845.94,13.0
2023-04-03,North America,Home & Garden,1441.11,455.79,6.0
2023-07-05,LATAM,Home & Garden,12627.01,1418.64,33.0
2023-04-22,EMEA,Electronics,14723.81,2042.52,48.0
2024-12-19,APAC,Sports,1694.87,372.77,11.0
2023-12-13,APAC,Food & Beverage,9744.87,2195.58,33.0
2023-04-04,Middle East,Electronics,1542.39,364.94,6.0
2023-01-08,EMEA,Beauty,4007.32,1348.86,45.0
2022-09-28,EMEA,Home & Garden,21310.74,7236.8,47.0
2023-10-27,Middle East,Home & Garden,10998.55,,36.0
2024-09-30,Middle East,Food & Beverage,7986.14,2673.44,31.0
2023-08-08,EMEA,Sports,19200.39,4646.62,41.0
2022-01-18,LATAM,Sports,3507.03,844.94,13.0
2022-12-12,Middle East,Apparel,1060.66,,3.0
2022-06-15,APAC,Home & Garden,3857.44,1269.25,10.0
2022-08-17,EMEA,Beauty,11612.43,3409.38,
2023-05-31,North America,Sports,5663.13,1216.14,14.0
2024-02-19,LATAM,Apparel,19213.05,6932.68,46.0
2024-09-14,EMEA,Electronics,2922.91,806.33,30.0
2022-01-10,EMEA,Electronics,5760.53,331.54,34.0
2022-04-15,North America,Apparel,877.46,111.13,15.0
2022-02-18,North America,Sports,7612.76,1265.22,33.0
2023-01-07,EMEA,Apparel,1587.27,260.51,7.0
2022-01-24,LATAM,Apparel,6815.87,2411.8,22.0
2022-02-13,Middle East,Home & Garden,5877.46,530.28,34.0
2023-07-20,Middle East,Apparel,2703.09,,10.0
2024-08-08,Middle East,Sports,1765.63,430.79,26.0
2024-02-11,EMEA,Electronics,3565.23,1294.1,23.0
2023-09-21,Middle East,Apparel,9514.09,,18.0
2022-03-10,LATAM,Sports,2512.88,754.82,12.0
2023-09-19,EMEA,Food & Beverage,11852.34,2765.69,47.0
2022-09-14,Middle East,Apparel,7425.53,2817.38,27.0
2023-07-16,APAC,Home & Garden,6867.14,2148.0,
2024-09-19,Middle East,Beauty,5013.5,724.49,13.0
2024-08-29,LATAM,Home & Garden,4412.97,1329.32,30.0
2024-05-30,Middle East,Sports,1652.93,609.79,12.0
2022-02-14,LATAM,Beauty,2034.51,,4.0
2022-06-09,North America,Beauty,10585.82,3349.25,43.0
2022-04-21,EMEA,Food & Beverage,2964.75,857.88,9.0
2024-03-11,LATAM,Food & Beverage,62.93,6.71,3.0
2023-12-27,Middle East,Electronics,11787.28,2478.77,42.0
2023-02-18,North America,Beauty,784.59,212.65,5.0
2022-06-30,EMEA,Home & Garden,10576.44,1660.78,47.0
2024-01-17,LATAM,Electronics,6572.3,2146.91,27.0
2024-01-22,LATAM,Food & Beverage,11655.38,1139.34,49.0
2022-09-29,EMEA,Apparel,749.13,191.3,15.0
2024-06-03,Middle East,Home & Garden,4815.94,1300.25,25.0
2022-03-18,LATAM,Electronics,1482.75,197.23,49.0
2024-09-20,North America,Beauty,11656.49,807.7,33.0
2024-12-20,Middle East,Home & Garden,12100.31,4545.19,38.0
2023-02-24,North America,Food & Beverage,11228.43,927.2,26.0
2022-11-23,Middle East,Electronics,7138.79,1451.52,19.0
2022-03-12,Middle East,Home & Garden,7686.38,2653.02,34.0
2022-04-26,EMEA,Electronics,9702.9,1874.66,42.0
2023-12-29,LATAM,Food & Beverage,69.64,17.35,1.0
2024-10-25,APAC,Food & Beverage,1084.14,299.2,3.0
2022-10-02,Middle East,Food & Beverage,11909.27,2660.63,46.0
2024-10-01,APAC,Food & Beverage,17233.7,4378.18,33.0
2024-06-19,APAC,Food & Beverage,7434.89,1552.75,35.0
2022-12-11,Middle East,Sports,18913.54,2344.17,48.0
2023-06-20,North America,Home & Garden,9907.89,1268.93,36.0
2024-11-27,APAC,Beauty,3070.3,912.01,41.0
2022-09-28,APAC,Apparel,2111.01,614.57,9.0
2022-02-22,Middle East,Home & Garden,2230.99,654.71,45.0
2023-08-03,EMEA,Food & Beverage,8151.03,1227.96,32.0
2022-12-18,EMEA,Apparel,456.51,116.12,2.0
2022-10-28,EMEA,Electronics,14522.95,734.55,38.0
2024-06-17,LATAM,Electronics,4030.1,1471.25,
2024-04-28,EMEA,Sports,12960.74,4071.95,46.0
2024-11-21,LATAM,Food & Beverage,4181.49,990.06,10.0
2023-09-01,EMEA,Electronics,8496.31,2535.41,25.0
2023-12-17,North America,Sports,11171.18,2089.29,32.0
2022-02-22,North America,Sports,832.85,277.36,19.0
2024-11-03,North America,Apparel,1862.63,217.5,10.0
2022-08-15,Middle East,Sports,6630.99,1386.33,27.0
2022-09-30,North America,Beauty,10918.27,2984.25,35.0
2024-10-22,North America,Electronics,14147.2,4608.73,36.0
2022-04-30,LATAM,Sports,3280.88,784.29,15.0
2024-05-16,North America,Beauty,2543.91,177.3,9.0
2022-03-28,APAC,Apparel,2555.63,388.41,5.0
2022-08-23,LATAM,Sports,20542.94,2974.14,44.0
2023-08-09,APAC,Apparel,4284.83,760.64,13.0
2022-05-20,APAC,Sports,444.06,115.78,1.0
2022-12-14,EMEA,Home & Garden,14494.59,4861.88,32.0
2022-12-04,North America,Electronics,4209.91,440.97,22.0
2023-07-26,North America,Sports,19646.95,5522.9,47.0
2024-09-27,EMEA,Beauty,21193.61,2556.97,45.0
2023-07-25,EMEA,Food & Beverage,6041.58,1696.77,27.0
2024-03-19,Middle East,Beauty,3991.31,1151.78,23.0
2022-04-25,APAC,Sports,1553.82,389.65,3.0
2022-11-25,LATAM,Beauty,366.91,86.68,10.0
2022-04-05,EMEA,Sports,2402.41,803.81,16.0
2024-06-05,LATAM,Sports,3710.33,695.75,11.0
2024-10-14,North America,Beauty,9565.05,1789.14,43.0
2023-12-13,EMEA,Electronics,2687.47,330.4,8.0
2023-05-29,EMEA,Home & Garden,2808.82,814.57,6.0
2023-04-23,LATAM,Apparel,9549.7,2411.85,39.0
2022-07-14,EMEA,Apparel,1539.12,107.24,6.0
2022-09-17,APAC,Electronics,408.75,21.04,1.0
2023-04-05,North America,Home & Garden,3993.05,339.49,28.0
2023-03-18,LATAM,Electronics,5481.09,1483.22,16.0
2023-05-30,EMEA,Home & Garden,18547.22,5930.51,40.0
2022-02-16,Middle East,Beauty,14146.94,3054.6,46.0
2023-07-09,APAC,Beauty,7890.09,2572.08,40.0
2023-04-28,Middle East,Apparel,7728.91,,22.0
2022-07-03,North America,Apparel,1551.63,102.72,8.0
2023-04-17,EMEA,Sports,10149.34,3654.09,23.0
2023-08-03,EMEA,Apparel,4708.84,865.49,23.0
2023-01-08,Middle East,Electronics,1358.27,216.0,42.0
2023-10-08,EMEA,Apparel,589.47,84.51,32.0
2022-06-03,EMEA,Sports,1801.55,578.19,5.0
2023-02-21,Middle East,Electronics,4066.34,823.19,35.0
2024-11-24,EMEA,Beauty,1476.93,497.14,41.0
2022-10-12,Middle East,Electronics,15889.93,4749.3,37.0
2023-12-06,EMEA,Apparel,14984.29,1681.04,29.0
2023-02-25,Middle East,Food & Beverage,5262.4,1950.85,38.0
2022-08-19,North America,Sports,1342.98,277.91,6.0
2023-12-05,Middle East,Apparel,103.4,15.73,2.0
2022-10-12,EMEA,Electronics,1918.84,634.4,19.0
2023-06-26,Middle East,Sports,22139.56,3101.83,49.0
2024-04-13,Middle East,Apparel,768.42,91.69,2.0
2024-12-11,North America,Beauty,8462.85,467.96,18.0
2023-01-14,LATAM,Food & Beverage,6871.64,1347.73,18.0
2022-05-31,North America,Sports,19813.76,2044.39,46.0
2023-03-20,EMEA,Home & Garden,8345.15,2130.62,27.0
2024-08-14,North America,Home & Garden,23128.19,3926.82,44.0
2023-08-15,North America,Beauty,4601.53,1602.18,9.0
2024-05-06,APAC,Electronics,1154.42,350.06,14.0
2024-05-25,North America,Beauty,5960.21,773.37,35.0
2022-07-14,North America,Electronics,1815.63,550.34,7.0
2024-06-10,North America,Home & Garden,6541.66,407.48,28.0
2022-06-30,APAC,Food & Beverage,3267.71,1146.72,18.0
2022-08-21,EMEA,Electronics,2460.88,772.83,6.0
2022-04-07,Middle East,Sports,1091.63,66.24,4.0
2024-11-21,APAC,Beauty,6442.46,381.17,34.0
2023-12-02,North America,Food & Beverage,7620.8,2635.63,19.0
2024-10-19,EMEA,Beauty,4534.6,792.27,11.0
2023-08-11,APAC,Beauty,11163.2,2866.18,24.0
2024-10-13,APAC,Food & Beverage,2340.2,887.58,25.0
2024-11-17,EMEA,Apparel,4650.67,1084.73,12.0
2023-12-24,Middle East,Apparel,14937.65,3899.31,46.0
2023-01-06,North America,Beauty,11126.21,1383.9,27.0
2023-05-11,APAC,Home & Garden,5410.17,1328.21,26.0
2023-06-29,LATAM,Apparel,5708.35,781.03,11.0
2024-02-09,LATAM,Food & Beverage,6038.21,597.93,42.0
2023-01-16,Middle East,Apparel,4763.51,1506.3,26.0
2023-12-17,LATAM,Food & Beverage,6564.65,2115.76,25.0
2022-06-21,North America,Food & Beverage,21050.66,5131.04,47.0
2022-11-23,LATAM,Home & Garden,3362.36,677.66,35.0
2022-03-11,EMEA,Beauty,7480.26,2811.2,18.0
2022-12-06,Middle East,Electronics,10141.25,1036.97,38.0
2024-08-10,EMEA,Beauty,1581.5,572.21,8.0
2024-03-21,APAC,Sports,13268.09,950.44,35.0
2023-01-21,North America,Electronics,10516.78,799.29,20.0
2024-01-13,EMEA,Electronics,4579.47,,10.0
2022-12-19,LATAM,Sports,6770.6,902.71,30.0
2022-11-27,EMEA,Sports,14324.62,3596.48,46.0
2024-07-22,North America,Food & Beverage,1388.75,280.14,4.0
2022-02-19,LATAM,Sports,14500.02,4919.08,40.0
2022-01-11,Middle East,Sports,549.48,99.31,27.0
2022-10-17,APAC,Electronics,15915.72,3433.57,45.0
2024-07-04,LATAM,Apparel,4553.57,635.75,11.0
2022-01-05,Middle East,Home & Garden,368.16,70.12,2.0
2022-01-06,EMEA,Home & Garden,1348.26,367.63,5.0
2023-04-25,Middle East,Home & Garden,283.77,84.47,22.0
2024-09-16,APAC,Home & Garden,938.76,71.2,4.0
2023-01-19,North America,Food & Beverage,785.48,294.55,7.0
2022-09-12,APAC,Beauty,5238.23,356.11,40.0
2024-09-18,Middle East,Home & Garden,979.77,206.23,6.0
2023-11-01,Middle East,Electronics,1723.02,205.1,27.0
2022-02-02,EMEA,Beauty,12584.04,3614.28,39.0
2023-02-06,North America,Apparel,12324.25,4479.17,42.0
2022-11-15,EMEA,Beauty,6990.55,1938.85,22.0
2022-07-15,LATAM,Beauty,11999.11,3225.31,24.0
2022-06-13,APAC,Home & Garden,7409.83,1167.71,30.0
2024-08-16,Middle East,Food & Beverage,5332.05,1918.97,16.0
2023-01-18,APAC,Apparel,1949.76,558.79,5.0
2023-12-24,North America,Electronics,15727.17,5684.45,45.0
2023-01-08,LATAM,Sports,11888.66,3131.13,35.0
2022-02-02,EMEA,Sports,5659.32,715.54,13.0
2024-07-13,North America,Electronics,3161.74,425.18,14.0
2023-08-19,EMEA,Electronics,2841.42,578.83,44.0
2024-04-16,APAC,Food & Beverage,7366.59,1523.89,33.0
2023-04-12,North America,Home & Garden,14842.1,4915.01,28.0
2024-03-08,LATAM,Apparel,1257.84,141.85,8.0
2023-07-15,EMEA,Home & Garden,8044.24,1367.08,47.0
2022-11-14,LATAM,Food & Beverage,8547.55,926.2,33.0
2022-06-26,Middle East,Electronics,7158.21,1785.93,19.0
2024-05-05,North America,Sports,328.14,68.9,1.0
2024-12-18,Middle East,Sports,464.71,78.32,3.0
2023-12-15,North America,Food & Beverage,4889.01,1322.54,34.0
2022-08-08,APAC,Food & Beverage,17268.92,1806.78,36.0
2023-11-18,EMEA,Sports,3164.51,714.53,14.0
2023-10-06,Middle East,Electronics,1097.96,376.34,7.0
2024-09-10,LATAM,Beauty,295.74,77.95,8.0
2024-04-22,EMEA,Beauty,99.7,29.82,3.0
2024-04-30,EMEA,Food & Beverage,6278.16,2350.42,40.0
2024-04-09,APAC,Food & Beverage,4744.39,1248.37,32.0
2023-02-13,APAC,Food & Beverage,1591.22,293.28,14.0
2023-03-10,North America,Home & Garden,9374.11,1099.23,28.0
2022-02-10,LATAM,Electronics,1173.16,407.95,4.0
2023-09-07,Middle East,Home & Garden,16799.17,3778.91,47.0
2022-07-14,Middle East,Electronics,1365.97,207.7,31.0
2023-08-02,EMEA,Beauty,7145.3,1746.78,19.0
2022-11-08,North America,Apparel,988.4,335.2,15.0
2022-06-25,North America,Home & Garden,50.08,5.74,3.0
2022-01-18,LATAM,Apparel,16520.87,3870.94,45.0
2023-02-19,North America,Beauty,14072.92,919.13,31.0
2024-07-05,EMEA,Electronics,4313.46,634.26,37.0
2024-08-19,LATAM,Sports,12139.95,3569.43,35.0
2023-09-08,APAC,Apparel,17811.86,1341.45,34.0
2024-03-15,Middle East,Sports,9964.16,1493.32,20.0
2022-01-31,North America,Home & Garden,683.23,104.98,9.0
2024-02-10,Middle East,Home & Garden,433.88,140.53,1.0
2023-06-10,LATAM,Sports,3203.34,314.72,8.0
2024-12-10,EMEA,Apparel,8085.38,562.7,30.0
2022-09-29,LATAM,Home & Garden,4853.27,1712.59,19.0
2024-04-21,Middle East,Apparel,5538.18,738.57,11.0
2023-03-22,EMEA,Food & Beverage,214.66,60.09,1.0
2023-01-10,Middle East,Food & Beverage,1617.58,87.48,33.0
2024-07-20,APAC,Beauty,1244.72,117.55,3.0
2022-05-18,North America,Beauty,3434.04,244.11,7.0
2022-06-03,APAC,Home & Garden,16941.31,6425.48,48.0
2024-07-17,Middle East,Beauty,8835.91,703.85,47.0
2022-10-19,LATAM,Electronics,456.08,108.62,39.0
2023-12-28,EMEA,Apparel,5824.46,1811.61,40.0
2024-10-30,North America,Beauty,2196.51,486.28,10.0
2024-03-15,LATAM,Beauty,9810.78,3517.28,24.0
2022-02-27,APAC,Sports,1296.03,434.11,13.0
2022-01-02,APAC,Beauty,2801.44,298.03,45.0
2022-03-10,North America,Food & Beverage,8216.72,1088.55,19.0
2024-09-19,APAC,Home & Garden,6053.73,1486.95,16.0
2023-05-07,North America,Beauty,9068.75,604.69,19.0
2022-09-08,APAC,Home & Garden,3404.7,993.99,35.0
2024-03-28,LATAM,Home & Garden,18359.2,4553.58,42.0
2022-01-17,North America,Apparel,1928.66,339.6,7.0
2024-06-04,Middle East,Home & Garden,380.45,46.98,14.0
2024-07-29,North America,Home & Garden,7687.28,2013.03,21.0
2022-12-28,APAC,Beauty,10806.97,3804.97,26.0
2024-10-10,APAC,Food & Beverage,1530.41,278.58,12.0
2022-06-18,EMEA,Food & Beverage,16306.47,1711.71,49.0
2024-07-12,North America,Sports,3520.26,370.92,12.0
2024-12-27,EMEA,Sports,9075.83,1390.01,42.0
2023-08-06,Middle East,Electronics,200.94,39.29,1.0
2024-10-12,Middle East,Electronics,11512.66,2465.12,28.0
2024-05-25,EMEA,Sports,1109.51,121.99,3.0
2023-07-15,North America,Food & Beverage,2972.53,1087.71,27.0
2022-10-23,EMEA,Home & Garden,7167.53,1961.27,49.0
2022-10-29,Middle East,Sports,7803.56,2532.73,29.0
2024-07-31,EMEA,Apparel,19542.17,6013.11,45.0
2022-04-28,Middle East,Electronics,253.67,76.34,15.0
2024-07-06,APAC,Sports,516.65,70.73,49.0
2024-04-01,Middle East,Home & Garden,1267.48,389.18,29.0
2024-05-17,North America,Apparel,9438.58,1588.67,39.0
2024-02-05,APAC,Apparel,14460.03,3470.53,45.0
2022-03-28,LATAM,Food & Beverage,14680.7,1256.99,34.0
2024-07-07,Middle East,Home & Garden,10793.68,2522.19,24.0
2023-12-21,EMEA,Apparel,18785.02,2095.98,40.0
2022-04-29,APAC,Electronics,2479.21,742.34,16.0
2022-01-23,North America,Sports,7652.07,1015.52,32.0
2023-05-14,EMEA,Home & Garden,5292.43,1694.76,17.0
2024-03-18,LATAM,Sports,5239.87,556.74,20.0
2024-02-10,EMEA,Beauty,13269.26,2597.88,38.0
2022-02-23,EMEA,Electronics,2515.24,379.57,6.0
2023-06-19,North America,Electronics,2085.45,777.95,22.0
2023-09-20,Middle East,Electronics,19583.27,5846.42,40.0
2024-03-03,North America,Beauty,705.73,219.38,2.0
2023-12-14,EMEA,Electronics,6820.03,1811.96,18.0
2023-08-21,EMEA,Home & Garden,20299.31,,45.0
2024-10-23,APAC,Beauty,12291.61,2485.03,34.0
2022-04-26,EMEA,Sports,4978.54,1873.81,32.0
2023-09-05,EMEA,Sports,7515.17,1559.24,37.0
2022-06-28,LATAM,Home & Garden,6811.41,2458.33,19.0
2024-11-22,EMEA,Electronics,12614.17,2221.38,42.0
2022-04-11,North America,Food & Beverage,8193.94,1789.85,26.0
2024-09-09,APAC,Beauty,4363.24,1426.5,21.0
2023-09-09,Middle East,Apparel,6426.31,2250.32,17.0
2024-10-14,LATAM,Home & Garden,18845.68,5886.98,47.0
2024-07-02,EMEA,Beauty,12956.02,3991.81,41.0
2022-11-23,APAC,Electronics,2531.84,731.59,43.0
2024-09-22,EMEA,Electronics,720.56,88.03,19.0
2022-09-21,LATAM,Electronics,2750.89,838.91,26.0
2022-12-31,APAC,Beauty,14964.07,1742.36,34.0
2022-08-15,APAC,Beauty,12381.66,3902.09,36.0
2022-04-17,EMEA,Electronics,11029.26,2470.54,39.0
2022-08-07,EMEA,Home & Garden,1239.82,301.62,5.0
2022-07-25,North America,Electronics,117.43,17.67,11.0
2022-06-23,North America,Sports,4456.28,1073.51,13.0
2024-12-07,APAC,Food & Beverage,453.66,134.2,10.0
2023-12-10,APAC,Sports,3008.25,486.05,9.0
2024-01-31,APAC,Beauty,5490.97,1335.47,28.0
2024-01-14,North America,Home & Garden,7731.14,2644.49,40.0
2022-12-24,North America,Home & Garden,801.23,65.84,14.0
2023-09-23,EMEA,Electronics,9821.91,2328.76,31.0
2022-04-09,Middle East,Sports,6470.91,340.59,31.0
2023-07-26,North America,Home & Garden,1937.67,135.12,5.0
2023-05-10,North America,Food & Beverage,5025.68,907.74,34.0
2024-01-06,Middle East,Sports,1176.85,384.45,18.0
2024-01-27,LATAM,Beauty,8559.08,2524.92,28.0
2024-05-08,Middle East,Electronics,5720.33,954.69,41.0
2024-09-08,LATAM,Food & Beverage,20554.42,6196.9,39.0
2023-02-09,EMEA,Electronics,2532.55,674.83,10.0
2022-11-24,EMEA,Food & Beverage,13871.11,3375.15,40.0
2022-02-09,EMEA,Electronics,932.49,138.16,3.0
2023-12-21,APAC,Electronics,6742.55,2448.97,20.0
2023-05-18,Middle East,Sports,700.74,147.88,17.0
2024-10-14,Middle East,Sports,249.73,24.55,4.0
2022-10-05,EMEA,Electronics,12187.53,1583.53,42.0
2024-07-22,LATAM,Home & Garden,11317.81,2664.53,42.0
2022-05-27,EMEA,Electronics,824.86,57.82,30.0
2023-06-14,APAC,Sports,14018.2,3972.37,43.0
2023-05-12,Middle East,Home & Garden,1210.34,257.42,
2024-06-25,Middle East,Home & Garden,907.9,128.32,14.0
2024-10-18,APAC,Food & Beverage,834.8,284.31,9.0
2024-09-01,LATAM,Sports,4315.46,1145.06,9.0
2023-06-30,LATAM,Beauty,1494.23,459.81,11.0
2024-12-24,APAC,Food & Beverage,2433.44,197.7,13.0
2022-02-16,North America,Apparel,17754.58,943.88,45.0
2023-01-05,LATAM,Home & Garden,17741.12,5808.25,38.0
2022-01-05,North America,Sports,434.03,32.48,2.0
2023-09-15,EMEA,Beauty,3168.11,544.39,27.0
2022-07-26,APAC,Food & Beverage,779.22,116.16,12.0
2022-02-04,APAC,Home & Garden,263.22,38.63,2.0
2023-09-15,EMEA,Beauty,3825.16,781.26,17.0
2022-06-20,EMEA,Sports,14952.42,3403.67,33.0
2024-01-30,LATAM,Sports,118.58,31.76,1.0
2023-12-15,LATAM,Sports,19973.04,5927.52,44.0
2024-06-21,Middle East,Food & Beverage,3748.78,880.56,
2024-12-28,North America,Home & Garden,3641.43,1172.31,17.0
2023-06-23,LATAM,Apparel,11810.75,797.65,35.0
2022-04-05,LATAM,Sports,1434.55,118.53,3.0
2023-06-21,LATAM,Beauty,2597.27,974.62,6.0
2022-01-24,LATAM,Beauty,8290.03,1974.97,27.0
2024-04-14,EMEA,Food & Beverage,4792.92,499.88,24.0
2022-08-04,EMEA,Food & Beverage,6508.03,1626.74,28.0
2023-12-25,Middle East,Electronics,3266.59,754.06,30.0
2022-11-11,LATAM,Sports,99.01,30.51,2.0
2024-07-20,APAC,Electronics,2090.12,568.19,6.0
2023-09-15,APAC,Food & Beverage,12738.18,2611.29,46.0
2022-09-13,EMEA,Electronics,11033.97,3976.71,47.0
2022-12-29,APAC,Sports,11010.31,1253.93,25.0
2023-01-21,APAC,Food & Beverage,12661.84,936.64,
2024-10-11,North America,Home & Garden,15573.36,5343.98,35.0
2022-08-19,EMEA,Food & Beverage,4695.09,562.03,16.0
2023-04-14,North America,Electronics,20490.34,2261.55,44.0
2022-09-29,Middle East,Electronics,7452.16,1113.51,22.0
2022-08-18,Middle East,Beauty,3768.01,650.89,48.0
2023-05-10,North America,Beauty,10690.22,885.9,33.0
2024-01-08,LATAM,Apparel,5290.97,1409.21,35.0
2024-10-12,LATAM,Electronics,1060.17,214.2,3.0
2022-02-14,North America,Food & Beverage,4223.16,434.87,8.0
2022-04-12,EMEA,Electronics,853.93,166.01,13.0
2024-10-14,APAC,Electronics,3642.97,948.36,12.0
2022-10-13,North America,Electronics,3364.42,,15.0
2022-09-11,APAC,Beauty,5338.58,1731.76,26.0
2023-01-27,LATAM,Apparel,20995.17,2741.71,44.0
2024-10-05,Middle East,Food & Beverage,5889.83,1077.67,47.0
2022-07-20,EMEA,Beauty,252.21,40.59,24.0
2024-04-19,North America,Sports,3632.69,1160.12,8.0
2023-06-12,APAC,Sports,2023.65,763.51,27.0
2024-04-05,North America,Sports,10879.57,3874.32,29.0
2023-11-11,North America,Electronics,72.76,20.78,3.0
2024-12-21,EMEA,Food & Beverage,1746.88,203.85,24.0
2024-05-07,APAC,Electronics,3895.86,1208.51,14.0
2023-07-03,LATAM,Food & Beverage,1213.86,140.48,4.0
2022-08-18,North America,Home & Garden,9771.83,3383.26,27.0
2024-05-27,North America,Sports,19726.07,7278.42,47.0
2022-01-29,EMEA,Electronics,1495.5,222.64,21.0
2024-03-12,EMEA,Electronics,1477.92,121.24,21.0
2024-07-08,Middle East,Electronics,4976.55,759.41,25.0
2024-07-22,APAC,Apparel,1048.48,240.4,47.0
2022-07-06,Middle East,Sports,4120.69,324.95,39.0
2022-05-03,EMEA,Sports,11984.26,1302.85,30.0
2023-10-22,APAC,Electronics,2243.28,480.87,8.0
2023-11-16,North America,Sports,11324.65,3376.52,35.0
2023-07-24,Middle East,Apparel,4111.92,1168.26,17.0
2023-03-28,EMEA,Apparel,10427.37,2489.17,26.0
2024-01-01,North America,Sports,2801.81,836.48,7.0
2023-08-05,LATAM,Apparel,3377.57,432.16,7.0
2024-12-21,Middle East,Apparel,886.62,133.62,2.0
2024-08-28,LATAM,Apparel,391.65,141.01,1.0
2022-07-12,EMEA,Beauty,8446.97,955.2,32.0
2022-06-04,LATAM,Food & Beverage,5459.05,337.73,14.0
2023-03-08,North America,Beauty,9022.78,1745.63,35.0
2022-06-16,EMEA,Electronics,3317.27,376.44,8.0
2022-09-03,Middle East,Electronics,1475.77,113.43,7.0
2023-03-18,LATAM,Food & Beverage,482.34,131.09,14.0
2023-04-22,EMEA,Beauty,2993.47,275.35,41.0
2023-05-07,APAC,Sports,2896.92,641.73,7.0
2024-11-27,Middle East,Electronics,2318.77,853.26,8.0
2023-12-12,North America,Apparel,11178.05,3939.24,38.0
2022-03-10,LATAM,Food & Beverage,23524.2,3253.67,47.0
2022-07-11,EMEA,Electronics,3424.11,1257.25,39.0
2022-06-17,Middle East,Electronics,3906.69,1310.4,24.0
2023-08-07,Middle East,Food & Beverage,6010.94,2178.48,30.0
2023-03-05,Middle East,Food & Beverage,233.27,50.9,3.0
2022-09-28,APAC,Home & Garden,17749.79,2105.08,36.0
2024-08-08,Middle East,Apparel,10729.97,3480.17,21.0
2023-10-02,EMEA,Beauty,100.5,26.02,2.0
2022-11-13,APAC,Electronics,18141.94,6057.75,48.0
2022-07-26,North America,Apparel,1646.5,211.7,12.0
2024-04-24,Middle East,Home & Garden,6276.13,1083.08,49.0
2023-06-06,EMEA,Apparel,11369.4,2680.63,45.0
2023-07-13,North America,Sports,3655.98,314.04,20.0
2022-11-14,EMEA,Beauty,7774.98,2683.81,45.0
2024-09-17,EMEA,Food & Beverage,15252.92,947.86,37.0
2024-01-17,APAC,Food & Beverage,3480.76,687.12,19.0
2023-05-14,North America,Home & Garden,13809.27,3262.11,47.0
2022-01-04,EMEA,Electronics,4665.14,1758.58,13.0
2023-05-13,LATAM,Home & Garden,756.9,135.26,5.0
2023-12-06,EMEA,Home & Garden,17326.98,5522.68,37.0
2023-04-23,LATAM,Electronics,3964.83,842.68,17.0
2022-11-08,EMEA,Home & Garden,6048.08,876.37,23.0
2022-02-26,North America,Sports,618.56,232.48,21.0
2023-06-23,North America,Beauty,10301.38,1875.36,45.0
2024-02-18,North America,Food & Beverage,1829.0,250.29,4.0
2022-04-20,Middle East,Food & Beverage,10950.07,2112.53,45.0
2023-07-16,North America,Electronics,2295.36,311.07,31.0
2023-06-29,EMEA,Food & Beverage,2905.38,791.5,6.0
2022-08-26,APAC,Home & Garden,429.53,158.48,29.0
2022-04-14,APAC,Beauty,384.86,41.79,32.0
2023-02-11,Middle East,Sports,681.15,108.69,26.0
2024-03-15,North America,Food & Beverage,18874.35,3449.8,48.0
2022-04-14,APAC,Home & Garden,2001.07,243.78,6.0
2022-03-24,LATAM,Apparel,4470.5,1050.48,18.0
2023-06-21,LATAM,Home & Garden,2264.06,752.57,12.0
2024-07-27,LATAM,Food & Beverage,3209.03,979.2,17.0
2022-02-17,EMEA,Food & Beverage,5561.83,826.2,35.0
2024-02-22,APAC,Home & Garden,1819.83,167.07,29.0
2023-03-19,APAC,Home & Garden,3204.56,1058.26,8.0
2024-01-06,EMEA,Food & Beverage,2102.42,134.38,9.0
2022-11-25,APAC,Electronics,9851.49,3509.65,42.0
2023-10-23,APAC,Food & Beverage,12810.94,3422.65,26.0
2022-10-24,North America,Electronics,2850.07,240.64,7.0
2022-10-10,EMEA,Electronics,221.1,48.71,1.0
2022-12-17,North America,Electronics,3683.61,1180.02,24.0
2023-09-12,EMEA,Electronics,2548.62,586.41,29.0
2023-01-14,North America,Food & Beverage,13861.04,895.82,49.0
2022-05-26,North America,Apparel,11968.79,3606.14,39.0
2023-03-12,LATAM,Electronics,7537.1,1732.36,28.0
2024-03-21,North America,Sports,15814.92,4948.53,40.0
2024-11-27,North America,Beauty,7717.38,1214.65,46.0
2023-09-29,LATAM,Food & Beverage,3279.35,714.87,23.0
2024-03-09,LATAM,Sports,15878.65,1979.48,49.0
2022-11-08,Middle East,Sports,2786.13,443.63,11.0
2022-08-25,LATAM,Home & Garden,23642.65,8152.46,46.0
2023-09-28,Middle East,Apparel,1903.17,270.36,18.0
2022-07-15,LATAM,Beauty,4412.38,1637.32,26.0
2024-11-10,LATAM,Beauty,15615.24,4019.23,40.0
2024-12-21,Middle East,Sports,5465.19,1757.46,41.0
2024-07-16,EMEA,Home & Garden,2746.73,621.74,6.0
2023-02-14,LATAM,Sports,1959.96,710.75,10.0
2023-03-11,EMEA,Beauty,486.64,112.95,4.0
2024-08-15,Middle East,Sports,4582.85,744.48,32.0
2024-07-10,APAC,Sports,491.93,161.1,2.0
2022-05-21,Middle East,Home & Garden,1408.21,410.92,31.0
2024-03-24,Middle East,Home & Garden,,500.47,6.0
2023-07-18,Middle East,Apparel,420.53,118.29,4.0
2024-04-26,North America,Beauty,7439.31,2264.36,25.0
2023-06-03,North America,Home & Garden,17849.32,2736.11,40.0
2022-12-18,LATAM,Apparel,16644.99,1220.76,35.0
2022-11-25,North America,Sports,10334.87,2816.45,29.0
2023-12-14,EMEA,Beauty,16816.5,3888.29,44.0
2023-11-25,LATAM,Sports,2566.68,914.84,41.0
2022-04-14,Middle East,Beauty,1931.54,441.02,8.0
2023-09-20,North America,Apparel,8357.66,2298.42,18.0
2022-05-25,LATAM,Food & Beverage,2057.22,516.34,10.0
2022-04-14,Middle East,Electronics,3910.23,885.82,39.0
2022-01-07,LATAM,Electronics,4047.64,1037.71,45.0
2024-07-20,North America,Beauty,2383.24,469.74,47.0
2024-10-01,EMEA,Food & Beverage,6998.57,2165.71,15.0
2022-01-21,North America,Home & Garden,927.42,201.74,24.0
2023-06-26,EMEA,Apparel,1673.08,434.3,6.0
2023-05-24,Middle East,Beauty,3969.6,885.79,22.0
2022-01-18,North America,Apparel,6447.67,1717.77,22.0
2022-10-02,EMEA,Sports,4987.98,1465.45,16.0
2023-03-30,APAC,Electronics,5348.03,382.07,15.0
2022-07-31,EMEA,Apparel,1076.22,341.76,15.0
2024-08-09,LATAM,Beauty,5777.7,1649.69,14.0
2022-05-11,LATAM,Apparel,599.7,72.64,28.0
2024-05-10,EMEA,Home & Garden,4042.43,1404.75,12.0
2023-01-24,EMEA,Beauty,9272.22,2927.18,44.0
2023-02-02,LATAM,Food & Beverage,9666.14,2634.44,36.0
2022-12-21,EMEA,Electronics,362.3,108.38,2.0
2023-12-23,North America,Food & Beverage,4048.9,1222.71,11.0
2023-04-26,North America,Beauty,13926.43,3219.27,40.0
2023-01-19,EMEA,Electronics,3457.83,266.67,10.0
2022-10-19,Middle East,Electronics,3303.22,423.56,48.0
2022-09-28,EMEA,Sports,2363.59,810.85,30.0
2022-06-20,North America,Apparel,8682.38,881.52,23.0
2024-11-12,APAC,Electronics,12775.08,819.02,46.0
2023-03-18,APAC,Food & Beverage,7090.95,947.36,38.0
2023-03-03,Middle East,Beauty,2535.55,667.34,12.0
2024-04-09,APAC,Electronics,82.49,22.65,2.0
2024-09-12,North America,Food & Beverage,3681.1,353.1,8.0
2024-05-19,North America,Sports,3415.69,460.0,20.0
2023-12-07,North America,Home & Garden,1459.16,293.26,
2022-04-05,Middle East,Beauty,15717.49,1266.59,31.0
2024-10-23,North America,Food & Beverage,5896.88,1013.8,19.0
2022-09-10,EMEA,Sports,1888.99,539.34,4.0
2024-12-17,EMEA,Sports,12764.78,3595.65,29.0
2023-09-27,EMEA,Food & Beverage,5802.44,1920.48,45.0
2022-03-13,LATAM,Apparel,3817.78,249.61,23.0
2022-01-07,North America,Electronics,9264.71,1497.7,32.0
2022-10-24,LATAM,Food & Beverage,2027.11,586.8,14.0
2022-10-25,APAC,Sports,9087.44,1592.75,22.0
2022-04-13,North America,Home & Garden,1367.94,360.57,8.0
2024-04-18,Middle East,Sports,850.53,192.19,18.0
2023-10-29,Middle East,Home & Garden,4549.0,1722.03,16.0
2024-11-10,APAC,Beauty,19306.5,4090.32,45.0
2024-07-16,APAC,Home & Garden,10989.89,2676.73,34.0
2024-07-06,EMEA,Home & Garden,3848.1,650.92,39.0
2023-07-03,EMEA,Apparel,692.66,145.14,5.0
2023-03-11,EMEA,Sports,14270.58,2374.12,36.0
2024-05-07,North America,Food & Beverage,2925.63,589.62,43.0
2024-01-24,LATAM,Food & Beverage,2679.91,686.97,45.0
2023-04-02,APAC,Sports,11757.64,2977.64,41.0
2023-12-27,Middle East,Electronics,1129.83,348.2,6.0
2022-09-29,LATAM,Electronics,11379.36,4055.12,42.0
2023-11-21,Middle East,Electronics,816.19,231.14,6.0
2024-07-28,LATAM,Food & Beverage,760.47,214.9,5.0
2024-12-16,North America,Sports,9215.76,952.42,22.0
2022-12-15,North America,Beauty,3956.89,418.73,46.0
2024-05-31,Middle East,Food & Beverage,8854.07,893.64,27.0
2024-12-27,LATAM,Apparel,710.92,42.87,12.0
2024-01-30,LATAM,Electronics,8225.96,1606.26,31.0
2023-03-28,APAC,Beauty,7418.3,1565.76,25.0
2024-04-12,LATAM,Electronics,3292.31,1161.02,13.0
2024-08-21,APAC,Apparel,10429.11,1586.66,25.0
2022-11-06,APAC,Food & Beverage,5365.63,1818.14,41.0
2024-01-19,EMEA,Sports,2341.23,622.17,7.0
2022-12-13,APAC,Apparel,3658.91,748.38,36.0
2023-11-27,Middle East,Apparel,5600.53,1776.23,24.0
2024-07-05,Middle East,Home & Garden,7495.44,1812.15,31.0
2023-12-18,APAC,Apparel,10794.24,2494.54,42.0
2023-08-13,North America,Electronics,18891.94,4930.8,49.0
2023-10-14,Middle East,Food & Beverage,8861.78,3060.99,37.0
2024-01-13,Middle East,Apparel,220.57,33.6,2.0
2022-07-01,North America,Apparel,3271.84,1121.43,10.0
2022-03-19,APAC,Sports,9516.34,2987.82,26.0
2022-02-08,North America,Beauty,6244.12,1853.25,14.0
2023-07-11,EMEA,Electronics,1555.92,118.42,6.0
2022-12-25,APAC,Apparel,12380.7,4524.23,36.0
2024-08-11,APAC,Home & Garden,103.39,26.29,1.0
2023-07-27,EMEA,Electronics,2556.88,953.3,
2023-07-11,EMEA,Home & Garden,2224.42,418.04,25.0
2022-02-18,APAC,Sports,10314.58,1031.91,47.0
2022-06-03,Middle East,Food & Beverage,1804.61,419.46,5.0
2024-01-23,LATAM,Beauty,611.14,140.71,2.0
2022-07-19,APAC,Beauty,5993.65,830.04,41.0
2023-06-13,APAC,Apparel,2040.76,206.92,21.0
2024-10-18,APAC,Sports,760.12,101.53,41.0
2023-07-17,North America,Home & Garden,11212.3,2926.8,35.0
2022-04-07,EMEA,Electronics,8808.25,3230.32,38.0
2024-08-06,Middle East,Apparel,9951.61,1375.36,42.0
2024-11-22,LATAM,Electronics,13584.04,5078.92,43.0
2024-12-18,EMEA,Beauty,2645.02,348.23,20.0
2022-04-01,EMEA,Food & Beverage,18185.47,4892.62,44.0
2024-01-20,LATAM,Electronics,3317.16,990.81,19.0
2023-11-19,EMEA,Beauty,1961.76,634.15,19.0
2024-07-26,LATAM,Beauty,8470.5,2628.9,17.0
2024-10-29,North America,Electronics,22250.73,5544.26,49.0
2022-11-17,Middle East,Sports,5924.37,1347.45,28.0
2022-05-05,LATAM,Home & Garden,8980.25,947.92,17.0
2022-07-24,North America,Home & Garden,1091.77,288.05,16.0
2024-06-17,Middle East,Electronics,11808.57,3250.59,45.0
2022-06-25,EMEA,Apparel,1126.44,76.16,34.0
2024-12-28,APAC,Food & Beverage,219.08,67.11,9.0
2023-10-27,APAC,Beauty,282.38,23.78,23.0
2024-11-09,Middle East,Apparel,228.14,43.75,1.0
2024-10-25,Middle East,Sports,2060.07,655.08,27.0
2022-03-17,Middle East,Beauty,8766.43,2458.71,46.0
2023-06-29,North America,Sports,1636.16,605.13,21.0
2024-02-09,North America,Apparel,12512.52,979.72,39.0
2022-11-29,North America,Home & Garden,6007.36,1277.09,48.0
2023-11-18,North America,Apparel,3996.25,1272.37,10.0
2024-02-24,Middle East,Beauty,1300.03,163.7,3.0
2022-12-26,LATAM,Food & Beverage,2815.54,677.98,6.0
2022-07-26,Middle East,Apparel,234.39,43.93,2.0
2022-07-02,North America,Beauty,6204.08,945.12,15.0
2022-01-28,EMEA,Beauty,1193.7,203.62,18.0
2023-09-30,Middle East,Home & Garden,162.69,29.27,1.0
2022-02-23,North America,Sports,3946.35,528.92,20.0
2023-08-14,Middle East,Beauty,8983.47,2183.38,25.0
2023-07-16,North America,Apparel,3505.31,1243.07,21.0
2022-12-13,North America,Electronics,3666.79,728.96,24.0
2023-02-28,North America,Beauty,14721.16,1173.73,47.0
2023-04-22,Middle East,Home & Garden,279.67,37.59,3.0
2023-11-08,APAC,Sports,3755.58,779.92,32.0
2023-06-05,EMEA,Apparel,7594.18,2533.71,18.0
2023-04-27,Middle East,Apparel,1686.56,113.47,12.0
2024-05-13,APAC,Sports,9457.93,3118.96,27.0
2024-11-12,EMEA,Home & Garden,8893.62,1303.95,22.0
2024-11-05,EMEA,Beauty,8067.5,3010.09,16.0
2022-10-15,Middle East,Electronics,14089.7,1774.14,36.0
2023-04-28,EMEA,Electronics,1927.26,488.71,11.0
2023-03-31,APAC,Beauty,3195.17,407.34,42.0
2022-10-06,North America,Electronics,6216.68,355.73,
2024-12-10,APAC,Apparel,4127.5,1514.44,12.0
2024-04-17,APAC,Apparel,14455.74,4425.19,43.0
2023-07-01,Middle East,Beauty,16738.91,,
2024-11-17,Middle East,Sports,15855.01,2004.63,40.0
2022-12-01,Middle East,Electronics,921.83,296.24,23.0
2022-01-02,Middle East,Food & Beverage,9529.25,2806.85,20.0
2022-04-17,North America,Beauty,8519.14,2778.19,24.0
2023-09-28,LATAM,Food & Beverage,271.83,59.09,19.0
2023-08-11,LATAM,Sports,786.28,69.35,11.0
2024-04-12,Middle East,Sports,5812.69,1150.36,12.0
2023-06-14,North America,Electronics,3032.06,196.42,10.0
2023-04-22,North America,Food & Beverage,14455.22,4223.03,36.0
2024-07-06,LATAM,Food & Beverage,15754.94,3734.96,29.0
2024-08-14,Middle East,Beauty,6714.02,1762.3,19.0
2022-11-11,LATAM,Electronics,1327.5,469.3,12.0
2022-03-15,APAC,Electronics,4289.99,1066.43,12.0
2023-12-21,North America,Beauty,5469.2,1555.7,17.0
2022-12-18,LATAM,Sports,6059.79,986.82,44.0
2023-06-14,LATAM,Apparel,363.21,46.48,1.0
2023-01-12,North America,Beauty,4931.36,1501.55,27.0
2024-02-18,Middle East,Beauty,13533.38,4961.69,34.0
2024-07-21,Middle East,Food & Beverage,1578.0,126.0,6.0
2022-11-07,EMEA,Food & Beverage,16379.72,2743.23,48.0
2024-07-09,North America,Beauty,,296.4,15.0
2022-01-09,EMEA,Sports,1313.8,406.24,31.0
2022-12-17,North America,Food & Beverage,19138.08,967.92,48.0
2024-12-24,Middle East,Food & Beverage,2810.18,161.01,18.0
2024-08-07,Middle East,Sports,2863.32,466.41,6.0
2024-09-29,North America,Sports,10860.08,628.36,26.0
2023-09-04,LATAM,Beauty,857.28,225.39,37.0
2023-08-17,EMEA,Electronics,5945.79,928.29,48.0
2023-11-21,Middle East,Home & Garden,9490.12,1966.13,28.0
2022-07-03,Middle East,Sports,4565.62,518.27,45.0
2022-12-02,LATAM,Food & Beverage,2324.72,730.16,10.0
2023-03-24,APAC,Home & Garden,6445.08,2439.78,21.0
2024-06-19,LATAM,Sports,2021.71,299.04,22.0
2023-03-22,Middle East,Food & Beverage,6393.6,2077.53,20.0
2022-05-11,North America,Apparel,3492.59,676.98,12.0
2022-09-03,Middle East,Sports,11481.17,1604.92,37.0
2023-11-27,Middle East,Home & Garden,8405.14,2530.54,35.0
2023-07-01,APAC,Beauty,7205.01,1024.43,32.0
2023-02-18,Middle East,Apparel,5134.36,867.78,19.0
2022-01-13,Middle East,Home & Garden,17958.9,2884.03,43.0
2023-12-18,APAC,Electronics,7453.87,2676.12,41.0
2023-09-19,EMEA,Food & Beverage,4112.41,1163.1,12.0
2022-08-29,EMEA,Beauty,7495.16,2536.8,41.0
2023-01-30,LATAM,Home & Garden,1185.67,211.7,8.0
2022-03-15,LATAM,Food & Beverage,10462.56,771.75,30.0
2023-01-04,LATAM,Sports,7303.9,1195.26,20.0
2022-05-20,APAC,Home & Garden,7703.16,496.23,34.0
2023-11-21,APAC,Beauty,8395.72,2039.03,19.0
2022-04-12,LATAM,Food & Beverage,8554.78,2887.19,23.0
2022-09-03,North America,Beauty,2388.08,672.61,38.0
2024-07-21,Middle East,Sports,4144.48,738.43,13.0
2022-08-01,Middle East,Sports,647.21,170.59,13.0
2024-03-16,EMEA,Electronics,1302.56,370.71,6.0
2024-08-04,North America,Food & Beverage,2763.87,909.13,21.0
2022-12-13,LATAM,Food & Beverage,316.84,117.42,5.0
2022-06-01,EMEA,Apparel,14874.13,5260.75,39.0
2024-07-04,North America,Electronics,2964.21,813.89,32.0
2023-11-29,EMEA,Electronics,12355.46,3550.25,40.0
2024-12-30,LATAM,Electronics,8555.9,1269.6,19.0
2023-10-25,EMEA,Home & Garden,13240.48,902.75,48.0
2023-01-17,EMEA,Beauty,13962.44,4711.55,32.0
2024-03-11,LATAM,Sports,10077.1,3265.63,26.0
2023-05-19,LATAM,Home & Garden,176.78,44.83,4.0
2023-01-18,APAC,Beauty,1438.68,438.91,5.0
2023-10-29,APAC,Food & Beverage,15293.57,3526.95,42.0
2022-02-20,LATAM,Electronics,1389.86,457.37,16.0
2024-02-06,APAC,Beauty,12782.75,4258.16,27.0
2024-05-21,APAC,Electronics,8689.16,1713.39,22.0
2022-01-17,LATAM,Apparel,4549.75,1113.25,21.0
2024-06-12,APAC,Electronics,344.99,22.65,28.0
2024-10-27,APAC,Sports,8246.58,2774.49,27.0
2023-10-08,North America,Apparel,8023.61,1814.07,30.0
2023-12-15,EMEA,Sports,826.54,244.29,4.0
2022-10-23,APAC,Sports,7848.34,2354.98,43.0
2022-03-16,EMEA,Apparel,12264.5,4524.43,30.0
2023-07-13,APAC,Electronics,20156.97,1358.91,47.0
2024-09-27,LATAM,Electronics,5626.73,1762.93,18.0
2022-11-04,Middle East,Apparel,685.77,207.87,2.0
2024-02-26,North America,Home & Garden,3563.31,206.9,14.0
2022-02-16,LATAM,Home & Garden,688.49,87.04,8.0
2023-10-12,Middle East,Electronics,1936.11,102.28,8.0
2023-11-10,LATAM,Sports,4784.4,769.13,11.0
2024-03-09,LATAM,Sports,7015.52,2498.13,35.0
2022-05-08,North America,Electronics,6481.48,2106.84,15.0
2023-10-11,LATAM,Sports,366.07,,29.0
2023-03-15,EMEA,Food & Beverage,6251.51,607.96,18.0
2024-05-20,North America,Apparel,2996.79,948.35,12.0
2023-03-10,Middle East,Food & Beverage,2430.35,790.93,32.0
2022-02-04,LATAM,Food & Beverage,523.53,179.28,4.0
2024-02-28,EMEA,Sports,4437.18,1590.0,22.0
2024-09-26,EMEA,Beauty,4181.73,725.85,16.0
2023-12-17,Middle East,Beauty,14444.24,2409.42,31.0
2023-07-18,APAC,Apparel,2342.23,480.13,10.0
2024-01-06,APAC,Food & Beverage,10018.98,2532.5,21.0
2022-08-10,North America,Food & Beverage,15552.61,5624.9,32.0
2024-06-13,EMEA,Home & Garden,7925.19,2172.88,16.0
2022-07-14,APAC,Food & Beverage,676.41,237.51,48.0
2022-07-12,EMEA,Food & Beverage,18313.89,6451.98,44.0
2022-02-28,APAC,Apparel,20289.38,5491.24,43.0
2022-06-21,North America,Beauty,23700.76,2356.37,48.0
2023-02-19,EMEA,Electronics,9971.56,2046.18,34.0
2022-02-09,LATAM,Food & Beverage,7352.05,735.02,18.0
2024-12-31,North America,Home & Garden,2999.64,428.16,31.0
2023-10-14,EMEA,Electronics,3886.36,418.31,10.0
2022-01-27,LATAM,Sports,19504.61,3047.93,44.0
2023-06-14,North America,Sports,7704.84,2599.49,37.0
2023-03-06,LATAM,Food & Beverage,2324.32,677.64,13.0
2023-01-11,North America,Sports,13100.2,3828.09,48.0
2024-04-03,APAC,Food & Beverage,8465.27,2334.89,20.0
2022-08-27,APAC,Beauty,4436.98,1454.6,10.0
2023-08-19,APAC,Food & Beverage,262.13,81.78,20.0
2024-12-03,APAC,Sports,758.09,59.89,15.0
2024-08-18,EMEA,Beauty,1946.78,300.99,21.0
2023-08-17,EMEA,Apparel,7551.87,2221.45,33.0
2024-05-16,APAC,Sports,1193.32,304.3,4.0
2024-04-05,EMEA,Electronics,6395.68,1624.49,16.0
2022-04-02,North America,Sports,9401.44,3090.67,21.0
2023-03-18,North America,Food & Beverage,492.67,126.42,8.0
2022-06-03,Middle East,Beauty,6684.91,2367.35,14.0
2022-05-13,LATAM,Electronics,9437.79,1790.74,32.0
2024-02-29,North America,Home & Garden,8153.45,2336.73,30.0
2024-11-05,Middle East,Beauty,6076.75,1540.33,43.0
2023-11-13,EMEA,Sports,1755.42,423.44,30.0
2023-07-28,North America,Food & Beverage,3525.87,527.19,42.0
2023-09-01,LATAM,Sports,3315.38,283.11,14.0
2024-12-03,LATAM,Home & Garden,216.4,43.61,3.0
2023-12-09,APAC,Apparel,9104.69,3233.03,21.0
2024-11-06,EMEA,Food & Beverage,591.32,155.04,13.0
2023-06-06,APAC,Apparel,4828.68,459.12,40.0
2022-10-10,North America,Home & Garden,8085.25,2811.02,25.0
2024-02-02,APAC,Sports,16302.79,1567.0,30.0
2022-04-05,North America,Electronics,7933.65,2466.99,30.0
2024-08-21,Middle East,Beauty,2101.08,273.57,9.0
2022-08-24,Middle East,Electronics,624.91,,17.0
2022-10-02,Middle East,Home & Garden,5569.57,831.13,41.0
2023-10-22,LATAM,Apparel,5151.39,1857.44,28.0
2024-03-05,Middle East,Food & Beverage,23024.55,5513.33,47.0
2024-09-24,North America,Electronics,2074.15,765.71,27.0
2023-11-10,APAC,Beauty,513.73,186.42,9.0
2024-02-20,LATAM,Home & Garden,2298.08,532.21,5.0
2022-04-01,LATAM,Beauty,2986.95,155.44,31.0
2022-05-03,APAC,Apparel,14948.68,4019.26,37.0
2023-10-14,North America,Home & Garden,94.19,30.68,3.0
2024-12-10,North America,Food & Beverage,530.95,89.62,
2024-01-07,LATAM,Beauty,5011.38,1843.24,36.0
2022-02-06,North America,Electronics,2091.96,157.56,10.0
2022-03-12,North America,Food & Beverage,8428.91,2679.03,48.0
2024-10-23,LATAM,Food & Beverage,3514.11,420.6,45.0
2023-03-07,North America,Home & Garden,4574.33,651.91,30.0
2022-03-23,LATAM,Electronics,6458.6,1427.16,15.0
2022-02-12,EMEA,Sports,3245.4,1225.42,13.0
2024-11-02,APAC,Beauty,2857.08,870.72,8.0
2022-10-18,Middle East,Sports,2566.91,462.32,45.0
2023-01-01,North America,Electronics,2287.12,159.21,11.0
2022-07-04,Middle East,Food & Beverage,660.3,227.27,6.0
2024-11-01,North America,Home & Garden,5901.39,1036.41,41.0
2023-05-15,North America,Sports,1054.8,316.16,3.0
2022-01-07,APAC,Beauty,2652.43,992.23,23.0
2022-10-06,Middle East,Electronics,20811.68,7496.24,47.0
2023-03-12,APAC,Home & Garden,1584.13,441.37,3.0
2023-12-02,EMEA,Sports,4070.14,631.55,11.0
2023-03-16,EMEA,Beauty,123.41,37.45,2.0
2024-08-25,Middle East,Electronics,4496.78,566.64,14.0
2022-05-19,LATAM,Electronics,17.94,5.08,1.0
2022-07-11,APAC,Sports,13234.61,4965.61,45.0
2023-06-17,APAC,Electronics,16485.12,2352.29,40.0
2024-04-10,North America,Beauty,5394.03,1061.07,14.0
2024-03-06,LATAM,Sports,2457.75,842.27,34.0
2022-02-25,EMEA,Electronics,3769.12,401.61,9.0
2024-08-29,APAC,Home & Garden,1277.94,310.51,4.0
2024-04-21,Middle East,Sports,1370.93,113.29,20.0
2024-07-26,North America,Beauty,13219.89,4880.66,27.0
2022-09-25,APAC,Home & Garden,1007.13,179.28,49.0
2024-08-26,North America,Food & Beverage,15529.38,794.04,30.0
2024-08-14,LATAM,Electronics,14081.14,2448.1,45.0
2023-02-09,APAC,Home & Garden,4160.86,694.23,10.0
2023-08-23,North America,Sports,11798.23,3681.36,41.0
2023-10-31,Middle East,Electronics,4267.02,,49.0
2023-09-17,APAC,Home & Garden,10148.02,2919.01,23.0
2022-03-18,APAC,Beauty,2969.5,656.81,8.0
2022-12-11,North America,Electronics,463.56,87.2,4.0
2023-11-07,Middle East,Electronics,2130.74,107.1,8.0
2023-07-10,EMEA,Apparel,2319.2,276.68,22.0
2024-08-01,APAC,Food & Beverage,1341.21,347.39,16.0
2023-03-08,North America,Food & Beverage,5201.44,304.28,28.0
2023-07-10,LATAM,Apparel,4147.46,259.61,33.0
2023-04-10,North America,Sports,3852.23,938.29,15.0
2022-05-09,APAC,Food & Beverage,7202.74,1485.63,39.0
2023-08-18,North America,Food & Beverage,3072.91,696.91,8.0
2023-03-05,LATAM,Electronics,3790.75,1336.65,33.0
2023-10-08,LATAM,Beauty,12749.34,4281.51,37.0
2022-05-26,Middle East,Sports,1071.73,395.55,4.0
2024-03-29,North America,Beauty,3805.8,278.8,40.0
2022-11-09,EMEA,Beauty,3615.75,315.11,11.0
2022-11-17,Middle East,Beauty,4395.36,724.5,13.0
2023-09-09,EMEA,Apparel,11778.45,2225.02,37.0
2023-12-21,LATAM,Home & Garden,345.8,59.66,21.0
2024-04-26,APAC,Food & Beverage,8953.09,468.71,43.0
2024-07-26,Middle East,Beauty,14035.67,2112.86,38.0
2022-10-27,APAC,Sports,5790.47,1340.83,25.0
2024-09-14,APAC,Beauty,6197.22,1452.6,26.0
2022-07-03,EMEA,Food & Beverage,3146.57,188.13,11.0
2023-09-24,Middle East,Beauty,18005.47,3890.11,47.0
2023-04-05,APAC,Home & Garden,6657.17,405.39,38.0
2023-07-18,APAC,Home & Garden,914.84,153.77,2.0
2022-09-26,LATAM,Sports,12517.6,3380.73,47.0
2023-05-06,North America,Apparel,11201.3,3581.25,28.0
2023-04-17,Middle East,Beauty,7709.1,2839.86,49.0
2024-10-17,LATAM,Electronics,8159.1,2376.93,22.0
2023-12-20,LATAM,Sports,7273.48,1535.1,30.0
2024-11-04,LATAM,Food & Beverage,20380.89,5214.21,42.0
2022-05-21,Middle East,Food & Beverage,2788.71,792.94,7.0
2022-02-28,North America,Home & Garden,5812.1,2050.36,13.0
2023-05-30,North America,Home & Garden,7817.28,2896.18,45.0
2024-04-22,EMEA,Food & Beverage,10078.89,2836.16,26.0
2024-08-15,North America,Beauty,675.59,194.73,8.0
2022-05-16,EMEA,Beauty,142.6,36.8,6.0
2022-02-15,North America,Sports,14012.86,1906.2,36.0
2022-03-14,North America,Sports,17108.77,2390.1,37.0
2023-12-01,APAC,Electronics,4989.46,663.26,37.0
2024-05-18,EMEA,Electronics,4996.78,1606.34,17.0
2023-01-20,LATAM,Electronics,14126.88,1024.9,34.0
2023-06-11,Middle East,Electronics,8518.2,2927.19,38.0
2024-04-19,North America,Food & Beverage,5931.47,1049.59,14.0
2023-08-12,LATAM,Apparel,15163.47,1146.83,44.0
2023-10-12,EMEA,Beauty,8463.87,1784.52,23.0
2022-03-22,Middle East,Beauty,13327.16,3771.39,35.0
2023-05-16,APAC,Apparel,9364.8,2621.8,25.0
2024-07-25,Middle East,Food & Beverage,3740.11,1140.69,16.0
2024-10-18,APAC,Apparel,543.58,134.55,3.0
2023-01-20,APAC,Apparel,5409.88,1665.54,42.0
2024-03-18,North America,Food & Beverage,5805.2,1676.0,34.0
2024-11-09,EMEA,Electronics,8643.73,1948.04,36.0
2022-11-13,EMEA,Beauty,4991.69,1658.35,21.0
2024-04-26,North America,Electronics,1491.14,559.78,9.0
2024-01-22,EMEA,Apparel,85.97,17.71,2.0
2024-08-04,North America,Beauty,1129.73,124.26,6.0
2023-01-30,North America,Home & Garden,7405.15,380.72,47.0
2023-03-25,North America,Beauty,2758.72,176.19,46.0
2024-06-28,North America,Food & Beverage,2551.03,858.16,12.0
2023-05-07,North America,Beauty,10531.82,3326.44,40.0
2024-03-24,Middle East,Home & Garden,979.55,54.68,23.0
2024-01-15,EMEA,Beauty,3755.38,823.8,32.0
2023-02-25,APAC,Electronics,1442.6,486.49,7.0
2023-03-09,LATAM,Beauty,14082.42,3179.69,44.0
2024-01-17,LATAM,Electronics,8222.23,1639.91,30.0
2022-01-17,Middle East,Sports,6475.94,811.19,17.0
2024-02-23,North America,Electronics,14857.69,4130.3,47.0
2023-08-13,APAC,Electronics,4077.25,286.91,46.0
2023-02-15,North America,Home & Garden,3459.14,383.97,
2022-05-02,Middle East,Sports,12826.36,1925.39,35.0
2024-11-29,APAC,Home & Garden,,1296.31,16.0
2024-02-15,Middle East,Home & Garden,17477.16,1166.81,33.0
2023-08-03,LATAM,Electronics,2420.12,661.93,13.0
2022-12-02,Middle East,Electronics,8191.81,531.34,21.0
2022-09-18,Middle East,Electronics,13589.28,3064.55,30.0
2023-12-05,LATAM,Home & Garden,1346.67,444.43,6.0
2024-03-28,APAC,Apparel,2534.36,661.14,27.0
2022-04-20,Middle East,Apparel,809.48,81.52,2.0
2023-07-30,North America,Home & Garden,12144.39,1762.04,25.0
2022-11-23,APAC,Food & Beverage,18129.13,5648.37,45.0
2024-07-08,APAC,Home & Garden,4591.16,1510.5,27.0
2023-08-28,North America,Sports,3809.04,311.33,40.0
2022-10-18,EMEA,Electronics,935.39,185.64,2.0
2022-03-24,APAC,Apparel,1369.86,337.23,5.0
2023-11-28,North America,Home & Garden,7530.07,1314.45,27.0
2022-02-10,North America,Beauty,7560.41,474.76,40.0
2022-11-07,North America,Food & Beverage,1041.23,208.66,18.0
2024-05-22,North America,Electronics,1317.42,363.95,18.0
2024-12-22,North America,Beauty,2062.15,463.48,19.0
2024-08-29,LATAM,Apparel,6085.37,1183.46,26.0
2023-11-28,LATAM,Beauty,3366.0,950.86,7.0
2024-04-23,EMEA,Home & Garden,8707.45,808.67,20.0
2023-04-04,North America,Beauty,13137.3,3850.19,31.0
2022-05-15,APAC,Food & Beverage,2149.94,,9.0
2023-02-02,APAC,Apparel,1112.79,,3.0
2023-12-31,Middle East,Beauty,7175.97,2007.5,27.0
2022-03-29,North America,Beauty,177.93,24.74,4.0
2022-08-17,LATAM,Food & Beverage,2445.4,229.76,11.0
2024-06-25,North America,Beauty,22329.48,5760.17,47.0
2023-01-09,Middle East,Sports,10220.18,2677.7,24.0
2022-01-24,EMEA,Apparel,6281.62,2128.86,18.0
2024-07-18,EMEA,Sports,11781.15,2216.67,31.0
2023-12-17,APAC,Sports,4204.21,1357.3,23.0
2023-12-07,North America,Home & Garden,7703.2,1160.4,17.0
2024-04-14,EMEA,Food & Beverage,877.29,122.02,16.0
2022-05-05,Middle East,Apparel,2436.38,838.83,31.0
2023-11-15,North America,Electronics,2528.05,420.03,12.0
2022-02-19,Middle East,Beauty,9253.57,3278.54,35.0
2024-01-28,North America,Beauty,2428.14,841.84,6.0
2023-10-17,APAC,Sports,1384.67,130.52,8.0
2022-04-19,North America,Apparel,57.93,22.01,3.0
2022-06-26,EMEA,Sports,19347.73,5513.03,35.0
2023-06-04,LATAM,Home & Garden,4620.46,290.25,11.0
2024-02-25,EMEA,Food & Beverage,6472.08,470.89,25.0
2023-11-03,Middle East,Sports,438.4,156.63,13.0
2023-10-15,EMEA,Food & Beverage,8458.23,2246.51,44.0
2024-08-24,LATAM,Beauty,9069.51,1600.53,42.0
2022-07-27,Middle East,Food & Beverage,4195.52,1128.1,11.0
2023-10-16,Middle East,Home & Garden,3902.99,1151.56,15.0
2023-02-20,North America,Home & Garden,14614.47,2911.55,36.0
2023-05-09,LATAM,Home & Garden,13383.57,2543.84,40.0
2024-06-28,EMEA,Beauty,8799.03,2871.62,22.0
2022-01-05,EMEA,Beauty,2069.26,255.49,32.0
2024-07-13,LATAM,Home & Garden,676.75,71.6,29.0
2024-12-18,LATAM,Beauty,3857.89,1058.92,42.0
2022-02-03,Middle East,Apparel,3153.66,993.93,8.0
2024-08-01,EMEA,Sports,5349.65,1063.78,48.0
2023-07-11,North America,Beauty,12174.85,848.75,26.0
2024-07-12,EMEA,Beauty,1075.03,186.42,4.0
2022-03-30,EMEA,Sports,4880.91,1464.6,18.0
2023-12-24,LATAM,Food & Beverage,6844.23,2410.56,19.0
2023-07-31,EMEA,Electronics,13407.81,4179.81,28.0
2023-09-24,LATAM,Home & Garden,2450.72,491.91,6.0
2024-05-12,APAC,Home & Garden,13711.96,3004.77,32.0
2024-10-01,Middle East,Apparel,2036.66,554.54,39.0
2022-12-04,North America,Food & Beverage,10723.2,2821.18,29.0
2024-05-09,EMEA,Apparel,1982.52,632.05,5.0
2022-03-30,North America,Sports,1957.26,360.15,8.0
2023-04-25,North America,Sports,643.19,168.18,16.0
2024-06-08,North America,Sports,3740.83,846.53,14.0
2022-06-28,Middle East,Beauty,1077.58,114.99,7.0
2023-01-31,Middle East,Apparel,4199.79,1248.12,28.0
2022-03-29,APAC,Home & Garden,595.32,73.37,4.0
2022-03-15,Middle East,Apparel,22102.4,1663.46,42.0
2023-09-12,North America,Food & Beverage,1250.86,399.8,24.0
2023-07-13,EMEA,Electronics,5415.79,1741.3,46.0
2022-11-13,LATAM,Sports,6010.35,2166.7,29.0
2023-05-10,Middle East,Beauty,7637.26,695.16,23.0
2022-03-27,LATAM,Sports,10507.36,3513.55,41.0
2022-07-30,EMEA,Home & Garden,4113.15,1093.73,28.0
2023-07-21,EMEA,Beauty,2243.97,564.63,12.0
2022-08-15,LATAM,Food & Beverage,1756.05,382.68,5.0
2022-04-23,Middle East,Sports,1719.84,141.37,20.0
2023-10-17,EMEA,Electronics,9027.86,2664.55,46.0
2023-04-13,APAC,Sports,243.8,62.01,1.0
2024-07-31,EMEA,Food & Beverage,4478.02,1690.55,39.0
2022-05-26,North America,Beauty,6712.8,2113.82,23.0
2022-03-19,APAC,Beauty,658.95,181.72,2.0
2024-11-26,EMEA,Electronics,9911.2,1599.24,27.0
2022-04-20,LATAM,Home & Garden,1163.73,126.43,41.0
2023-02-26,Middle East,Apparel,5542.44,351.57,11.0
2022-10-03,APAC,Beauty,14828.5,4449.73,34.0
2023-01-07,EMEA,Home & Garden,8581.08,1874.95,33.0
2023-07-12,LATAM,Home & Garden,2982.44,936.19,29.0
2024-02-28,APAC,Home & Garden,8058.22,1033.79,32.0
2023-12-13,EMEA,Home & Garden,262.71,34.87,2.0
2022-09-09,Middle East,Electronics,1743.67,309.56,11.0
2023-10-01,LATAM,Electronics,20575.3,3242.92,45.0
2024-11-14,APAC,Food & Beverage,13226.85,903.24,31.0
2023-03-19,North America,Sports,2411.92,597.2,25.0
2024-02-10,North America,Food & Beverage,4045.95,829.53,9.0
2022-10-19,EMEA,Beauty,1986.6,259.77,5.0
2023-10-01,EMEA,Electronics,16422.78,4889.14,34.0
2023-12-31,EMEA,Electronics,11321.33,3818.79,28.0
2023-12-09,Middle East,Sports,4256.5,629.63,10.0
2022-04-03,LATAM,Sports,1502.87,324.43,8.0
2023-01-31,EMEA,Electronics,1454.54,109.86,23.0
2022-09-07,LATAM,Home & Garden,17549.17,3325.68,49.0
2024-03-17,APAC,Home & Garden,2978.38,637.99,8.0
2022-02-09,LATAM,Apparel,3324.48,,31.0
2022-06-05,APAC,Electronics,17938.15,5449.03,45.0
2024-04-12,APAC,Home & Garden,3597.72,1132.15,16.0
2024-03-14,APAC,Sports,2862.92,352.99,24.0
2023-01-15,LATAM,Apparel,9459.22,1957.25,35.0
2022-03-16,Middle East,Food & Beverage,573.97,123.71,4.0
2022-10-30,Middle East,Home & Garden,9994.96,2595.2,37.0
2022-07-10,North America,Electronics,1168.17,326.16,17.0
2024-03-04,North America,Beauty,14749.28,4098.69,31.0
2023-08-02,Middle East,Food & Beverage,384.06,143.48,7.0
2022-07-14,North America,Sports,291.74,60.56,
2023-10-13,LATAM,Sports,122.18,8.13,2.0
2022-09-24,North America,Electronics,3977.27,534.34,15.0
2023-04-22,LATAM,Beauty,25297.63,7831.66,49.0
2022-08-21,EMEA,Beauty,116.23,36.17,1.0
2023-12-21,EMEA,Food & Beverage,10666.5,1417.74,46.0
2023-10-02,EMEA,Food & Beverage,5742.89,887.11,24.0
2024-05-06,North America,Sports,5996.19,851.05,
2023-08-09,Middle East,Beauty,20948.35,3888.4,48.0
2022-07-27,LATAM,Beauty,8485.3,2026.12,40.0
2024-07-18,APAC,Beauty,22873.41,4193.11,48.0
2023-03-22,North America,Food & Beverage,17140.44,5513.43,42.0
2023-02-13,EMEA,Food & Beverage,1672.48,361.37,4.0
2022-03-13,EMEA,Apparel,6662.27,1394.46,30.0
2023-10-03,Middle East,Electronics,4538.97,1366.77,11.0
2023-03-05,North America,Food & Beverage,3246.72,406.43,24.0
2022-07-20,EMEA,Food & Beverage,377.56,124.24,8.0
2022-02-17,North America,Sports,7651.61,1632.26,24.0
2024-07-05,EMEA,Home & Garden,1469.08,363.3,19.0
2022-05-24,Middle East,Apparel,9169.6,2423.75,25.0
2023-03-09,North America,Beauty,1149.88,74.43,6.0
2024-05-15,EMEA,Beauty,1085.73,162.89,7.0
2023-02-24,EMEA,Sports,20751.08,,46.0
2023-02-07,EMEA,Food & Beverage,7790.62,1233.6,26.0
2024-10-18,EMEA,Food & Beverage,5526.01,717.07,22.0
2024-01-17,EMEA,Sports,204.67,22.4,12.0
2024-06-11,EMEA,Electronics,791.0,137.62,30.0
2022-06-15,North America,Apparel,5913.35,1855.43,18.0
2024-06-05,LATAM,Sports,69.68,18.69,1.0
2024-08-18,LATAM,Sports,3332.04,1134.84,9.0
2022-04-04,EMEA,Food & Beverage,3048.91,375.37,21.0
2023-09-22,APAC,Beauty,6074.9,,21.0
2022-10-14,LATAM,Beauty,3536.1,1322.77,24.0
2024-04-23,Middle East,Sports,2269.87,405.16,24.0
2023-04-16,APAC,Food & Beverage,1338.57,386.56,14.0
2022-04-21,LATAM,Apparel,730.82,231.8,13.0
2024-07-30,Middle East,Electronics,3429.09,1233.16,28.0
2024-04-11,Middle East,Food & Beverage,10755.69,2919.86,33.0
2022-10-04,LATAM,Electronics,12800.77,4808.71,34.0
2024-04-24,EMEA,Home & Garden,6683.3,1534.68,32.0
2022-06-06,EMEA,Food & Beverage,1750.06,588.77,33.0
2022-08-27,APAC,Electronics,16145.28,3760.32,30.0
2023-01-30,LATAM,Home & Garden,828.8,224.18,38.0
2024-10-29,EMEA,Home & Garden,2718.84,843.11,33.0
2023-03-25,North America,Apparel,79.01,9.26,4.0
2022-06-17,APAC,Beauty,8149.72,1428.12,26.0
2022-07-31,North America,Apparel,1760.86,268.55,20.0
2022-05-13,EMEA,Sports,3392.76,765.98,17.0
2024-01-11,APAC,Sports,2094.51,343.68,35.0
2024-08-10,APAC,Beauty,6034.11,330.67,42.0
2024-07-04,Middle East,Food & Beverage,3347.1,1067.1,20.0
2023-03-22,LATAM,Food & Beverage,3682.03,1229.27,8.0
2024-01-11,EMEA,Food & Beverage,238.67,85.94,19.0
2024-02-27,APAC,Electronics,9811.3,2392.59,33.0
2022-08-17,EMEA,Food & Beverage,1462.0,493.45,4.0
2024-12-25,LATAM,Home & Garden,3746.36,202.73,33.0
2024-01-29,North America,Food & Beverage,12769.51,4707.19,29.0
2022-09-13,EMEA,Home & Garden,1729.29,352.11,4.0
2022-01-28,Middle East,Electronics,375.88,60.16,1.0
2022-07-25,North America,Electronics,5091.39,586.83,45.0
2024-11-10,North America,Sports,20355.26,2689.29,44.0
2024-02-03,North America,Food & Beverage,7786.54,1156.31,43.0
2024-09-28,Middle East,Food & Beverage,14891.38,4277.39,32.0
2022-04-16,LATAM,Food & Beverage,4648.3,967.05,24.0
2022-04-22,EMEA,Apparel,1676.55,524.35,22.0
2024-02-11,Middle East,Home & Garden,8771.53,563.43,35.0
2022-12-16,Middle East,Food & Beverage,9983.21,3063.15,33.0
2024-03-21,Middle East,Apparel,251.5,52.05,1.0
2024-12-19,APAC,Beauty,2353.36,451.27,17.0
2024-12-22,EMEA,Electronics,1297.02,354.7,6.0
2023-09-19,North America,Electronics,821.39,83.74,12.0
2024-03-01,EMEA,Sports,15862.7,3707.55,32.0
2024-01-01,EMEA,Beauty,318.98,118.28,5.0
2024-11-07,APAC,Electronics,4611.16,1579.34,30.0
2024-12-22,Middle East,Apparel,2043.33,328.45,8.0
2023-10-15,LATAM,Sports,3788.99,754.36,14.0
2023-02-28,Middle East,Home & Garden,4831.36,373.17,10.0
2023-03-24,APAC,Sports,2025.1,580.65,27.0
2023-03-28,North America,Beauty,1308.97,242.79,7.0
2023-11-05,Middle East,Sports,273.68,95.35,5.0
2023-08-02,APAC,Sports,1871.79,160.02,16.0
2023-11-04,APAC,Sports,1605.68,591.95,15.0
2023-10-30,LATAM,Home & Garden,489.86,27.31,2.0
2024-12-22,Middle East,Home & Garden,5105.26,1460.65,
2022-12-08,APAC,Food & Beverage,9656.7,2628.33,25.0
2022-06-17,APAC,Sports,3113.72,653.64,26.0
2022-11-17,LATAM,Apparel,467.9,149.18,25.0
2024-07-09,APAC,Home & Garden,14229.82,4109.08,45.0
2023-02-04,Middle East,Sports,5837.43,1333.97,24.0
2024-08-05,LATAM,Sports,1152.45,402.72,4.0
2023-05-30,LATAM,Beauty,1880.59,233.68,8.0
2024-06-09,North America,Home & Garden,1790.21,184.23,31.0
2022-09-18,LATAM,Electronics,3894.0,361.92,13.0
2022-07-28,LATAM,Food & Beverage,8139.29,2864.4,39.0
2023-03-24,Middle East,Apparel,6924.89,2216.28,38.0
2024-12-09,North America,Beauty,2228.33,822.39,14.0
2023-05-11,EMEA,Apparel,3050.34,231.74,10.0
2024-02-22,APAC,Home & Garden,134.52,8.0,5.0
2022-01-09,North America,Sports,1039.65,103.35,15.0
2023-06-17,Middle East,Electronics,19337.31,5434.44,42.0
2023-05-23,North America,Electronics,776.73,131.61,14.0
2022-05-17,LATAM,Home & Garden,595.6,223.7,18.0
2024-04-27,North America,Apparel,1274.68,75.14,4.0
2022-06-19,Middle East,Electronics,8874.41,1861.01,22.0
2024-05-30,Middle East,Sports,1500.65,447.6,5.0
2024-11-01,North America,Food & Beverage,279.69,50.22,7.0
2023-03-28,EMEA,Food & Beverage,4815.68,510.72,15.0
2024-12-04,EMEA,Sports,3414.25,244.99,16.0
2023-02-15,LATAM,Electronics,13933.49,2807.39,46.0
2023-02-09,EMEA,Home & Garden,16044.4,1586.99,33.0
2022-06-25,Middle East,Sports,283.25,31.15,9.0
2023-01-13,Middle East,Apparel,14652.72,2407.99,32.0
2023-12-01,APAC,Home & Garden,493.78,109.42,10.0
2023-09-21,LATAM,Home & Garden,24098.58,8484.91,49.0
2022-08-21,EMEA,Apparel,13301.89,3000.45,29.0
2022-05-17,North America,Apparel,2551.1,936.54,6.0
2022-03-08,North America,Beauty,2137.9,441.17,6.0
2022-12-12,Middle East,Apparel,2106.38,597.02,12.0
2024-02-26,North America,Apparel,4969.39,556.04,17.0
2024-10-16,EMEA,Food & Beverage,11001.67,1049.74,36.0
2022-10-28,Middle East,Beauty,10152.98,1218.74,40.0
2024-03-19,EMEA,Apparel,556.16,183.49,13.0
2024-04-26,North America,Apparel,3919.88,478.5,15.0
2023-04-22,EMEA,Apparel,4843.3,1189.73,37.0
2022-11-16,EMEA,Apparel,1657.63,629.15,42.0
2023-10-25,LATAM,Home & Garden,371.16,23.79,25.0
2022-01-26,North America,Electronics,6210.46,1954.12,49.0
2023-10-17,Middle East,Apparel,2407.48,437.1,7.0
2022-01-10,LATAM,Sports,4475.58,,28.0
2022-04-23,EMEA,Home & Garden,4609.13,1227.68,14.0
2022-10-11,North America,Food & Beverage,4783.57,549.45,19.0
2022-07-13,Middle East,Food & Beverage,17053.22,4900.33,48.0
2022-09-22,LATAM,Home & Garden,8237.64,1387.07,30.0
2024-09-03,EMEA,Food & Beverage,243.0,52.34,1.0
2022-06-24,Middle East,Home & Garden,9093.68,2369.59,35.0
2023-02-20,EMEA,Electronics,13737.48,3716.58,29.0
2022-05-21,Middle East,Home & Garden,17859.12,3439.44,44.0
2023-07-26,LATAM,Sports,313.1,109.38,4.0
2022-05-15,North America,Sports,6043.99,920.65,25.0
2022-01-07,Middle East,Apparel,15937.95,4351.54,31.0
2024-06-02,North America,Sports,2109.3,424.3,33.0
2023-10-27,North America,Sports,10274.44,2193.4,30.0
2023-11-02,LATAM,Apparel,1407.3,467.46,8.0
2022-10-31,North America,Food & Beverage,1415.91,221.39,33.0
2022-07-11,EMEA,Apparel,4686.33,367.58,18.0
2022-09-11,Middle East,Apparel,10535.22,1577.19,42.0
2024-12-30,Middle East,Electronics,11965.95,1375.2,38.0
2023-07-31,EMEA,Beauty,16867.56,4343.33,47.0
2023-10-05,EMEA,Apparel,13988.26,4126.53,48.0
2023-01-17,LATAM,Food & Beverage,5751.04,1515.71,16.0
2023-02-15,EMEA,Home & Garden,1680.79,492.36,28.0
2023-04-11,North America,Home & Garden,2609.59,923.02,6.0
2023-05-15,LATAM,Electronics,6920.32,2454.81,18.0
2024-08-18,APAC,Sports,12809.28,3301.6,29.0
2022-09-15,Middle East,Beauty,6790.37,901.75,28.0
2023-04-24,LATAM,Beauty,280.03,105.06,1.0
2024-10-17,North America,Apparel,4040.18,455.11,32.0
2022-02-28,APAC,Home & Garden,2018.92,610.51,10.0
2024-03-16,LATAM,Sports,19106.77,4109.86,45.0
2022-03-07,LATAM,Food & Beverage,534.92,153.89,4.0
2023-08-13,LATAM,Beauty,1283.07,241.56,3.0
2022-11-20,APAC,Home & Garden,1091.89,267.28,20.0
2023-07-24,EMEA,Beauty,3221.99,1101.2,9.0
2022-07-18,APAC,Food & Beverage,1216.07,238.96,34.0
2023-03-13,Middle East,Food & Beverage,8187.97,1308.93,22.0
2024-04-27,EMEA,Beauty,2085.2,548.07,38.0
2022-09-25,LATAM,Electronics,11539.92,3430.97,42.0
2022-12-25,LATAM,Food & Beverage,5105.45,536.58,21.0
2024-07-15,Middle East,Food & Beverage,483.21,74.84,8.0
2024-08-27,APAC,Sports,7734.42,,23.0
2022-11-22,APAC,Sports,13639.3,2355.45,37.0
2022-07-05,LATAM,Home & Garden,18972.84,1206.01,42.0
2023-02-14,EMEA,Home & Garden,18183.48,3982.25,44.0
2023-03-26,North America,Food & Beverage,2589.8,907.65,9.0
2024-05-17,LATAM,Sports,7315.14,1291.38,20.0
2023-08-29,North America,Sports,17143.4,1930.73,49.0
2024-02-22,North America,Apparel,2729.45,252.76,13.0
2023-10-09,Middle East,Sports,5901.09,936.21,30.0
2024-01-04,APAC,Apparel,17661.58,5918.56,38.0
2023-04-02,EMEA,Apparel,640.92,158.56,2.0
2024-11-21,Middle East,Sports,7318.47,2651.04,22.0
2023-12-18,EMEA,Home & Garden,708.44,150.48,22.0
2024-11-07,North America,Food & Beverage,1440.11,499.83,41.0
2024-12-02,EMEA,Home & Garden,19642.06,3852.21,49.0
2023-12-12,Middle East,Beauty,17978.32,3515.24,49.0
2023-11-09,North America,Food & Beverage,22575.56,1959.71,46.0
2022-09-07,North America,Food & Beverage,431.3,72.61,20.0
2023-11-05,North America,Food & Beverage,618.95,117.07,9.0
2022-07-03,EMEA,Home & Garden,10628.69,3354.48,40.0
2024-03-19,LATAM,Sports,3522.82,991.18,9.0
2023-11-06,LATAM,Apparel,603.63,220.38,23.0
2023-08-31,Middle East,Home & Garden,4739.58,1096.18,42.0
2023-09-04,APAC,Beauty,10805.31,1412.54,28.0
2023-01-17,APAC,Electronics,10564.09,1529.53,33.0
2022-07-18,North America,Apparel,9241.27,3199.34,21.0
2024-01-17,EMEA,Home & Garden,4263.36,291.21,10.0
2024-03-09,EMEA,Sports,8410.17,2810.43,22.0
2022-11-01,EMEA,Beauty,4472.25,1407.63,27.0
2023-04-25,LATAM,Home & Garden,3350.99,779.82,34.0
2024-07-04,EMEA,Food & Beverage,2381.96,180.09,9.0
2023-12-05,LATAM,Electronics,11687.56,2659.2,33.0
2024-05-19,LATAM,Food & Beverage,5821.89,660.65,13.0
2023-04-19,EMEA,Sports,21376.72,4702.67,44.0
2023-11-18,North America,Beauty,3197.02,400.61,8.0
2023-07-23,North America,Food & Beverage,3529.9,432.07,40.0
2024-08-20,North America,Sports,5177.01,710.6,14.0
2022-02-10,LATAM,Apparel,6325.26,371.53,39.0
2024-03-06,LATAM,Electronics,21346.89,5359.48,44.0
2023-04-14,LATAM,Electronics,4493.34,593.48,18.0
2023-12-09,LATAM,Food & Beverage,18009.48,4093.24,47.0
2024-04-03,APAC,Home & Garden,763.97,211.03,9.0
2024-02-05,North America,Home & Garden,7170.91,2304.76,26.0
2024-04-14,APAC,Beauty,2832.57,287.85,31.0
2022-08-08,North America,Electronics,2288.91,,11.0
2023-02-03,LATAM,Apparel,569.52,201.99,2.0
2024-10-23,LATAM,Food & Beverage,12775.44,3024.88,40.0
2024-09-14,EMEA,Food & Beverage,704.34,259.41,8.0
2022-02-09,LATAM,Home & Garden,1280.37,234.83,12.0
2022-11-03,APAC,Electronics,12151.3,1657.33,40.0
2022-09-02,North America,Apparel,10399.66,2077.31,48.0
2024-01-19,APAC,Electronics,931.51,207.24,4.0
2022-06-12,North America,Electronics,2176.47,550.39,9.0
2024-11-19,EMEA,Home & Garden,7697.87,592.67,33.0
2024-09-07,APAC,Apparel,352.02,96.18,32.0
2023-09-20,EMEA,Beauty,17500.17,1446.13,40.0
2024-09-30,APAC,Apparel,688.72,235.98,2.0
2022-10-17,North America,Food & Beverage,12843.41,3247.07,41.0
2022-06-07,EMEA,Beauty,13815.04,4020.87,48.0
2024-08-24,LATAM,Electronics,1255.94,257.16,6.0
2022-10-11,APAC,Sports,5307.18,1874.24,28.0
2023-05-24,LATAM,Food & Beverage,3031.02,562.62,19.0
2024-03-15,Middle East,Beauty,681.63,201.26,9.0
2024-03-04,North America,Beauty,8151.88,1768.76,22.0
2022-02-22,Middle East,Food & Beverage,2781.76,723.12,17.0
2022-07-02,Middle East,Food & Beverage,8061.13,914.68,30.0
2023-11-02,Middle East,Apparel,3436.33,1089.76,17.0
2023-08-02,EMEA,Sports,2451.36,319.67,20.0
2024-06-02,Middle East,Apparel,4358.0,1019.34,12.0
2024-01-07,APAC,Electronics,8429.1,2098.15,23.0
2023-11-24,North America,Food & Beverage,11809.92,4002.07,26.0
2023-06-23,APAC,Electronics,9050.65,2071.83,22.0
2023-11-30,EMEA,Beauty,7337.47,1304.39,45.0
2023-08-23,EMEA,Electronics,110.0,7.48,6.0
2022-03-27,North America,Food & Beverage,6334.59,497.71,34.0
2022-12-10,North America,Apparel,1805.66,169.74,42.0
2022-01-06,APAC,Food & Beverage,327.94,48.88,4.0
2023-03-27,LATAM,Food & Beverage,7207.9,2612.69,32.0
2022-11-07,LATAM,Apparel,3035.36,659.67,17.0
2024-06-11,LATAM,Food & Beverage,18255.32,2357.3,42.0
2023-02-02,North America,Beauty,2477.54,198.09,8.0
2023-04-26,North America,Electronics,5730.68,565.58,12.0
2023-02-14,Middle East,Beauty,2079.04,624.66,46.0
2022-10-23,Middle East,Apparel,2052.25,741.6,45.0
2023-08-28,North America,Sports,3809.04,311.33,40.0
2022-12-01,Middle East,Food & Beverage,1105.5,124.38,3.0
2022-12-11,LATAM,Electronics,6904.41,2483.34,13.0
2023-02-05,LATAM,Food & Beverage,805.59,185.46,23.0
2023-08-20,Middle East,Electronics,2226.47,214.77,19.0
2023-09-14,EMEA,Apparel,10082.57,897.33,30.0
2024-10-18,LATAM,Food & Beverage,14233.88,3607.55,33.0
2022-01-19,LATAM,Food & Beverage,8031.44,1188.96,20.0
2023-06-21,EMEA,Sports,6975.89,1634.47,34.0
2022-07-22,Middle East,Food & Beverage,6866.03,537.75,22.0
2023-12-17,APAC,Food & Beverage,4922.53,1158.41,26.0
2023-04-10,APAC,Electronics,7923.94,1940.6,19.0
2023-05-07,EMEA,Apparel,10336.73,3184.17,48.0
2024-01-19,LATAM,Sports,11889.56,2146.58,26.0
2024-10-31,EMEA,Food & Beverage,5631.18,1577.77,28.0
2024-07-06,Middle East,Electronics,8073.68,1034.96,24.0
2024-12-06,Middle East,Electronics,1205.01,255.22,43.0
2023-03-15,LATAM,Home & Garden,831.26,201.46,18.0
2024-08-13,Middle East,Home & Garden,7717.13,2075.34,19.0
2022-10-15,LATAM,Apparel,7105.59,785.28,15.0
2023-10-28,Middle East,Electronics,7491.32,1911.36,39.0
2023-09-29,EMEA,Beauty,13121.58,4613.33,43.0
2024-05-12,North America,Beauty,6407.82,1958.27,16.0
2024-02-15,APAC,Electronics,1759.7,,9.0
2022-03-05,North America,Home & Garden,1413.56,166.5,27.0
2023-04-24,North America,Apparel,9165.45,663.01,19.0
2023-06-07,Middle East,Beauty,1798.59,594.47,5.0
2024-08-29,North America,Beauty,2418.26,697.34,15.0
2022-10-27,APAC,Home & Garden,1155.3,368.56,24.0
2022-10-18,APAC,Home & Garden,15222.44,2905.43,42.0
2023-02-14,Middle East,Home & Garden,20936.74,1540.64,42.0
2023-11-13,EMEA,Sports,1672.21,,17.0
2023-02-05,North America,Food & Beverage,6216.77,2037.7,45.0
2024-03-28,EMEA,Food & Beverage,2913.53,1014.54,44.0
2022-10-20,LATAM,Apparel,2375.71,385.3,13.0
2022-06-14,EMEA,Electronics,11913.6,2609.86,47.0
2023-02-10,EMEA,Home & Garden,1276.87,473.08,3.0
2022-04-21,Middle East,Electronics,7912.78,1038.63,25.0
2024-06-14,LATAM,Sports,264.02,52.36,1.0
2024-12-31,LATAM,Food & Beverage,2049.31,768.59,6.0
2023-03-08,LATAM,Home & Garden,4103.04,423.09,48.0
2024-07-17,North America,Sports,1938.08,359.9,28.0
2024-10-16,Middle East,Beauty,3220.6,861.38,10.0
2024-09-16,Middle East,Electronics,5040.28,1483.95,11.0
2023-11-19,North America,Sports,5269.48,769.87,21.0
2022-02-09,North America,Electronics,10013.91,1883.2,40.0
2024-12-17,EMEA,Food & Beverage,2744.93,556.03,14.0
2024-07-19,Middle East,Electronics,2973.5,429.89,16.0
2024-01-26,LATAM,Electronics,2369.37,809.01,12.0
2023-01-26,North America,Electronics,11529.48,3055.78,25.0
2024-10-13,North America,Beauty,6221.54,2298.52,25.0
2022-10-04,North America,Home & Garden,6939.05,1365.58,28.0
2023-11-22,Middle East,Apparel,19719.13,3845.3,46.0
2022-10-01,North America,Home & Garden,11383.55,2115.42,27.0
2023-05-07,LATAM,Home & Garden,14287.76,5287.33,30.0
2024-08-16,Middle East,Home & Garden,2699.79,668.8,7.0
2023-06-14,North America,Home & Garden,635.06,188.94,2.0
2022-10-24,Middle East,Electronics,21541.27,4711.04,46.0
2023-08-14,LATAM,Sports,726.56,101.45,7.0
2022-06-19,APAC,Electronics,367.57,131.86,23.0
2023-01-07,LATAM,Beauty,3668.09,279.68,14.0
2023-04-21,EMEA,Home & Garden,8119.39,1553.36,32.0
2024-02-28,Middle East,Electronics,4802.18,307.05,14.0
2023-07-25,LATAM,Beauty,12149.39,1710.39,29.0
2022-02-23,EMEA,Beauty,4811.17,1410.29,24.0
2022-11-27,Middle East,Beauty,21210.12,7603.65,42.0
2022-11-03,EMEA,Home & Garden,432.87,23.07,2.0
2023-04-09,LATAM,Food & Beverage,4196.68,918.06,39.0
2024-08-04,EMEA,Home & Garden,11340.89,4177.52,30.0
2022-02-27,EMEA,Food & Beverage,7396.05,1372.56,37.0
2022-02-24,Middle East,Food & Beverage,2155.03,385.89,8.0
2022-12-27,Middle East,Food & Beverage,342.14,69.42,22.0
2022-10-06,Middle East,Beauty,9866.1,1951.94,26.0
2024-01-24,APAC,Sports,10762.97,3339.43,44.0
2022-11-24,North America,Food & Beverage,13951.09,2803.99,43.0
2022-09-30,Middle East,Beauty,9021.74,752.59,21.0
2023-11-18,EMEA,Beauty,8001.9,1403.25,22.0
2024-06-25,North America,Beauty,3578.21,626.48,7.0
2022-01-18,Middle East,Home & Garden,2837.39,916.0,15.0
2023-01-29,EMEA,Electronics,726.24,87.19,2.0
2024-10-13,North America,Home & Garden,5264.37,1067.39,29.0
2022-04-15,North America,Food & Beverage,941.66,224.18,23.0
2024-07-19,LATAM,Food & Beverage,19775.73,1390.25,37.0
2023-06-10,EMEA,Beauty,1634.95,510.94,27.0
2023-03-02,North America,Electronics,552.91,,4.0
2024-07-01,Middle East,Apparel,5179.96,309.6,35.0
2024-10-25,LATAM,Beauty,256.47,38.91,2.0
2023-01-07,Middle East,Home & Garden,1617.42,192.81,40.0
2022-01-08,LATAM,Sports,11645.89,2097.93,29.0
2023-09-01,APAC,Electronics,1262.7,162.79,30.0
2022-08-11,Middle East,Sports,11056.21,1431.62,27.0
2024-12-23,LATAM,Electronics,11505.19,2353.3,36.0
2023-06-06,LATAM,Sports,6090.34,733.23,12.0
2022-05-20,APAC,Food & Beverage,9107.51,1664.29,19.0
2023-11-25,APAC,Electronics,5026.51,1249.11,16.0
2022-09-18,North America,Beauty,9818.73,3208.39,37.0
2022-10-22,APAC,Food & Beverage,20429.9,1694.87,47.0
2024-08-05,APAC,Food & Beverage,7555.91,2525.5,39.0
2022-06-17,Middle East,Apparel,6416.91,476.79,14.0
2023-05-03,EMEA,Electronics,4913.0,912.42,45.0
2024-03-08,EMEA,Food & Beverage,1223.58,95.79,12.0
2023-07-03,EMEA,Sports,12866.14,2416.34,29.0
2022-09-05,North America,Food & Beverage,5769.65,898.07,28.0
2024-02-12,LATAM,Electronics,7903.79,2433.45,21.0
2024-02-26,North America,Beauty,1945.45,597.44,7.0
2024-04-07,APAC,Sports,8955.97,3003.99,44.0
2023-11-11,EMEA,Beauty,5691.92,483.86,46.0
2024-12-05,EMEA,Apparel,4247.82,450.37,40.0
2024-09-23,North America,Food & Beverage,282.21,17.79,8.0
2023-05-23,APAC,Sports,5350.36,857.41,38.0
2024-12-02,North America,Electronics,787.97,92.67,20.0
2022-06-07,APAC,Beauty,15485.31,5153.23,45.0
2023-09-23,Middle East,Apparel,5500.95,394.03,35.0
2024-07-31,Middle East,Apparel,2185.08,296.75,10.0
2023-07-02,North America,Food & Beverage,3872.96,366.49,20.0
2023-08-14,EMEA,Home & Garden,4719.08,1501.11,17.0
2022-05-26,EMEA,Beauty,4122.81,611.26,25.0
2023-10-24,EMEA,Sports,7977.91,710.34,35.0
2024-07-03,LATAM,Sports,6757.34,633.44,22.0
2023-11-26,EMEA,Sports,661.6,125.15,40.0
2024-07-23,Middle East,Food & Beverage,12217.9,1096.98,26.0
2023-10-03,EMEA,Electronics,176.91,38.36,1.0
2024-12-17,APAC,Beauty,5127.6,1884.82,11.0
2023-07-16,Middle East,Sports,6487.17,2201.73,26.0
2023-11-05,EMEA,Beauty,1891.0,218.92,11.0
2023-03-04,EMEA,Apparel,2707.1,,7.0
2022-07-26,EMEA,Food & Beverage,11307.14,1244.13,40.0
2024-09-22,APAC,Food & Beverage,7697.35,2527.16,16.0
2024-03-10,North America,Food & Beverage,4556.81,626.27,12.0
2024-04-04,EMEA,Beauty,7836.43,2295.57,31.0
2022-07-18,Middle East,Apparel,305.9,63.89,1.0
2024-08-22,Middle East,Sports,3726.84,726.79,20.0
2023-03-12,APAC,Home & Garden,2181.64,528.68,10.0
2022-06-27,Middle East,Electronics,12661.48,1161.71,46.0
2023-07-30,LATAM,Electronics,6653.35,1619.9,43.0
2022-11-11,Middle East,Home & Garden,773.63,176.56,2.0
2022-06-01,LATAM,Beauty,3608.12,1191.81,8.0
2023-10-26,North America,Sports,21721.33,4039.44,42.0
2022-03-05,APAC,Sports,3542.0,685.52,33.0
2023-09-08,EMEA,Home & Garden,624.49,103.06,19.0
2024-08-31,EMEA,Food & Beverage,2619.58,,31.0
2023-02-05,LATAM,Electronics,6180.51,1209.7,37.0
2023-05-05,LATAM,Sports,11307.94,1733.54,30.0
2023-11-18,North America,Food & Beverage,14256.78,3453.16,40.0
2023-09-08,LATAM,Apparel,12003.04,2997.69,29.0
2024-03-02,North America,Food & Beverage,2750.73,,44.0
2023-08-16,North America,Apparel,1467.83,173.14,4.0
2023-06-06,APAC,Food & Beverage,18809.62,6386.15,46.0
2024-12-23,LATAM,Apparel,5619.22,1445.77,21.0
2024-05-06,Middle East,Electronics,1617.08,241.48,4.0
2023-04-06,EMEA,Beauty,20077.08,1377.36,49.0
2022-05-07,LATAM,Food & Beverage,10241.77,2921.82,44.0
2023-12-16,LATAM,Beauty,801.86,191.04,20.0
2024-11-05,LATAM,Beauty,4416.0,1038.12,22.0
2024-03-21,LATAM,Beauty,1284.23,207.94,21.0
2023-10-17,APAC,Electronics,130.5,33.65,14.0
2023-08-25,LATAM,Sports,1094.19,316.99,12.0
2024-12-26,APAC,Food & Beverage,1083.76,294.97,9.0
2023-06-13,LATAM,Food & Beverage,10356.24,1927.95,31.0
2023-09-19,LATAM,Apparel,6278.56,1927.36,20.0
2022-12-30,Middle East,Beauty,5103.48,438.2,35.0
2022-03-04,Middle East,Home & Garden,1417.11,298.91,7.0
2023-09-27,APAC,Home & Garden,3107.16,1141.13,19.0
2023-02-20,Middle East,Beauty,8432.87,2165.52,48.0
2023-09-10,North America,Electronics,13172.06,3773.22,44.0
2022-12-21,North America,Home & Garden,4459.02,881.58,47.0
2023-01-15,LATAM,Beauty,2428.38,,39.0
2024-06-25,North America,Sports,4936.19,1544.0,14.0
2024-01-16,APAC,Home & Garden,3863.73,865.6,20.0
2022-07-24,Middle East,Beauty,1244.82,198.79,19.0
2024-10-30,Middle East,Apparel,11320.19,2684.25,38.0
2022-08-01,LATAM,Sports,1581.91,365.08,12.0
2024-03-29,Middle East,Sports,18335.76,6205.53,35.0
2024-04-29,EMEA,Beauty,1789.2,108.52,9.0
2024-03-23,LATAM,Food & Beverage,3560.98,992.86,34.0
2023-03-20,APAC,Electronics,6742.63,860.63,21.0
2022-05-21,North America,Apparel,12776.76,3384.15,43.0
2022-03-12,EMEA,Apparel,13365.09,1982.55,48.0
2023-11-13,APAC,Home & Garden,1130.88,82.44,8.0
2023-06-21,LATAM,Electronics,3864.08,1140.78,12.0
2022-09-15,LATAM,Apparel,14373.95,4390.31,33.0
2022-01-02,EMEA,Sports,8194.0,2412.31,18.0
2022-02-05,LATAM,Beauty,5839.45,1014.08,27.0
2022-02-19,LATAM,Sports,5423.02,1037.89,21.0
2024-03-13,LATAM,Home & Garden,4027.1,640.12,48.0
2023-08-06,LATAM,Beauty,2845.84,625.66,9.0
2022-12-31,Middle East,Sports,11319.96,3444.44,32.0
2022-10-14,APAC,Electronics,2070.43,268.65,7.0
2024-08-10,LATAM,Food & Beverage,729.92,42.51,15.0
2022-05-22,North America,Beauty,367.62,39.63,32.0
2022-11-08,LATAM,Home & Garden,3575.2,368.45,26.0
2023-02-11,EMEA,Apparel,8092.9,2418.13,25.0
2024-01-21,EMEA,Food & Beverage,1645.51,543.22,29.0
2022-12-30,EMEA,Food & Beverage,7506.24,2594.27,22.0
2022-01-23,LATAM,Electronics,374.66,80.5,28.0
2023-08-16,Middle East,Apparel,4274.61,1475.72,28.0
2023-05-19,Middle East,Sports,2262.06,792.52,37.0
2024-09-26,Middle East,Beauty,8220.53,426.32,28.0
2023-08-25,APAC,Apparel,3565.95,211.07,37.0
2022-01-19,EMEA,Home & Garden,9303.04,2268.12,45.0
2023-04-26,Middle East,Food & Beverage,2761.92,973.7,48.0
2023-11-29,APAC,Home & Garden,12391.23,705.79,35.0
2024-06-11,North America,Beauty,6191.87,937.2,27.0
2023-12-22,LATAM,Sports,6376.42,1526.78,32.0
2024-07-06,North America,Electronics,2287.93,868.76,5.0
2022-11-29,LATAM,Home & Garden,9190.79,,30.0
2023-11-07,Middle East,Sports,3326.45,869.58,8.0
2023-03-09,LATAM,Beauty,609.39,83.82,9.0
2024-09-21,North America,Beauty,4140.25,1385.56,24.0
2022-08-02,Middle East,Electronics,1186.16,112.24,21.0
2023-11-18,Middle East,Electronics,363.58,46.0,9.0
2023-01-02,Middle East,Apparel,13866.09,2339.61,49.0
2022-01-20,LATAM,Beauty,689.16,239.63,5.0
2022-04-23,APAC,Beauty,21439.84,2241.16,48.0
2024-08-11,APAC,Home & Garden,363.83,71.42,1.0
2024-01-01,LATAM,Home & Garden,5685.67,1817.45,15.0
2024-10-23,APAC,Beauty,295.9,51.7,1.0
2024-01-17,EMEA,Beauty,6641.08,1812.5,20.0
2022-05-16,EMEA,Beauty,5040.92,1648.73,14.0
2023-04-07,EMEA,Beauty,2181.95,548.51,45.0
2022-10-02,LATAM,Food & Beverage,1955.24,103.13,33.0
2022-06-03,Middle East,Electronics,10337.4,2212.21,38.0
2024-01-20,EMEA,Apparel,4089.86,1504.67,15.0
2024-10-18,Middle East,Sports,8925.63,1907.97,19.0
2024-01-02,EMEA,Electronics,5225.94,1228.87,16.0
2024-12-18,APAC,Apparel,53.15,5.31,1.0
2024-05-23,LATAM,Apparel,7778.25,1521.41,24.0
2023-07-10,APAC,Apparel,14482.65,3008.32,36.0
2023-12-26,APAC,Beauty,23542.2,2497.06,49.0
2023-06-10,Middle East,Apparel,300.67,102.14,2.0
2022-05-22,APAC,Apparel,3586.84,657.47,48.0
2023-09-07,EMEA,Home & Garden,9368.96,2159.69,39.0
2023-04-14,APAC,Home & Garden,4284.74,804.85,42.0
2022-11-30,Middle East,Electronics,1428.77,347.1,18.0
2023-01-11,Middle East,Beauty,1959.79,404.84,7.0
2023-06-11,EMEA,Apparel,20462.65,1935.55,42.0
2024-08-23,Middle East,Apparel,11909.8,1930.43,29.0
2022-10-27,EMEA,Electronics,10977.58,2001.94,23.0
2024-05-03,APAC,Sports,827.46,47.01,24.0
2024-01-30,North America,Beauty,6768.08,479.28,27.0
2023-03-07,LATAM,Apparel,3750.16,862.35,8.0
2024-10-13,North America,Food & Beverage,1618.37,300.98,47.0
2022-07-10,LATAM,Apparel,1836.27,538.09,9.0
2022-09-02,North America,Home & Garden,404.2,125.71,1.0
2023-05-07,APAC,Food & Beverage,1928.13,255.24,17.0
2024-12-27,LATAM,Food & Beverage,11455.22,3443.09,27.0
2024-02-06,North America,Home & Garden,1240.83,404.47,17.0
2023-09-10,North America,Food & Beverage,557.21,127.41,9.0
2023-08-21,Middle East,Apparel,4127.11,226.61,14.0
2022-03-02,APAC,Food & Beverage,1494.41,345.42,11.0
2024-06-25,EMEA,Apparel,15551.41,3250.67,
2023-07-08,APAC,Beauty,2236.28,400.16,6.0
2022-02-04,LATAM,Beauty,21993.9,7252.38,48.0
2024-07-28,LATAM,Home & Garden,5137.29,650.73,35.0
2024-06-19,Middle East,Apparel,2730.4,317.12,27.0
2024-03-27,EMEA,Beauty,,1624.17,19.0
2024-03-08,Middle East,Sports,3015.15,639.94,16.0
2023-06-25,EMEA,Beauty,10239.33,996.02,25.0
2023-04-25,North America,Sports,1521.42,382.52,8.0
2022-05-11,North America,Food & Beverage,3629.17,1000.74,11.0
2023-02-27,EMEA,Sports,2090.95,439.43,10.0
2023-06-28,LATAM,Sports,2007.1,594.16,6.0
2022-03-01,Middle East,Home & Garden,1687.5,273.05,5.0
2023-11-10,LATAM,Apparel,163.44,49.42,9.0
2022-03-16,EMEA,Apparel,932.48,230.05,30.0
2024-10-01,APAC,Food & Beverage,17853.54,4029.71,39.0
2023-01-21,EMEA,Beauty,4478.1,611.85,22.0
2022-09-22,Middle East,Electronics,645.32,62.62,12.0
2024-07-27,Middle East,Electronics,1341.39,487.1,5.0
2024-01-28,EMEA,Beauty,21515.53,,49.0
2022-03-04,Middle East,Electronics,21216.51,3968.76,46.0
2023-01-03,North America,Home & Garden,5083.48,793.15,34.0
2022-06-03,North America,Electronics,1649.62,323.43,4.0
2023-01-29,Middle East,Electronics,10430.55,873.46,26.0
2023-09-30,EMEA,Home & Garden,6721.27,1305.0,28.0
2022-05-30,LATAM,Apparel,4470.04,1063.68,22.0
2023-10-20,Middle East,Electronics,13629.96,3855.92,41.0
2023-06-22,LATAM,Apparel,9080.11,1678.09,44.0
2023-12-25,Middle East,Beauty,844.9,168.57,3.0
2024-06-19,Middle East,Food & Beverage,2044.76,558.13,35.0
2022-08-28,North America,Apparel,1273.13,197.64,8.0
2023-01-16,North America,Food & Beverage,4543.89,1499.5,19.0
2023-04-29,EMEA,Apparel,2055.38,267.13,14.0
2022-09-24,North America,Sports,366.34,132.12,
2022-10-05,LATAM,Home & Garden,6366.69,1770.07,14.0
2023-12-02,LATAM,Home & Garden,6110.47,1678.19,45.0
2022-12-27,APAC,Beauty,12388.66,4346.14,40.0
2023-05-27,EMEA,Beauty,8913.52,1992.43,17.0
2023-09-18,EMEA,Home & Garden,2341.62,265.48,42.0
2023-08-17,APAC,Home & Garden,4150.24,637.77,12.0
2024-01-26,APAC,Electronics,5218.61,535.35,18.0
2023-12-20,EMEA,Electronics,13588.51,2179.33,40.0
2024-09-22,APAC,Electronics,10504.93,1868.62,30.0
2024-05-11,Middle East,Sports,12859.08,4046.15,41.0
2022-06-13,LATAM,Sports,1161.95,64.56,47.0
2024-04-22,North America,Apparel,2835.46,1074.34,20.0
2024-09-29,Middle East,Electronics,518.32,92.1,5.0
2022-08-06,North America,Food & Beverage,7719.97,2062.07,21.0
2023-06-26,EMEA,Beauty,14903.16,4442.11,38.0
2024-01-09,Middle East,Apparel,1763.1,640.83,4.0
2023-01-11,LATAM,Home & Garden,50.77,14.04,1.0
2022-08-23,Middle East,Food & Beverage,2081.33,281.72,5.0
2022-05-05,LATAM,Apparel,1412.96,471.08,23.0
2024-11-28,EMEA,Home & Garden,16805.84,4777.75,43.0
2024-04-03,LATAM,Beauty,1968.41,551.65,21.0
2024-04-16,Middle East,Home & Garden,8272.06,1142.93,30.0
2023-10-08,Middle East,Home & Garden,4743.58,1585.29,36.0
2022-12-11,North America,Food & Beverage,410.9,142.41,8.0
2023-12-18,EMEA,Home & Garden,7626.52,,22.0
2023-12-21,Middle East,Sports,1258.92,474.16,9.0
2023-10-30,APAC,Electronics,3797.68,641.88,22.0
2024-08-06,LATAM,Electronics,19240.9,6739.36,36.0
2022-10-16,LATAM,Food & Beverage,2031.55,217.74,15.0
2023-06-02,EMEA,Beauty,3951.52,1010.11,39.0
2022-10-07,APAC,Food & Beverage,1104.76,407.25,4.0
2023-12-20,LATAM,Sports,22840.99,3099.06,47.0
2024-10-01,North America,Food & Beverage,9862.06,1457.42,33.0
2024-08-21,LATAM,Electronics,8455.08,1873.6,32.0
2024-06-28,North America,Home & Garden,14982.57,1525.07,38.0
2024-08-21,Middle East,Sports,13424.25,1738.71,32.0
2023-03-18,EMEA,Beauty,385.24,78.3,9.0
2024-07-17,EMEA,Apparel,1137.49,241.5,21.0
2023-01-11,North America,Apparel,1226.6,338.24,13.0
2024-11-13,LATAM,Sports,4708.64,796.79,21.0
2022-08-02,APAC,Food & Beverage,895.7,201.46,2.0
2022-07-04,EMEA,Food & Beverage,4825.23,345.09,17.0
2022-09-23,LATAM,Home & Garden,6337.1,1867.12,36.0
2022-06-14,Middle East,Beauty,13018.05,3039.29,42.0
2024-11-09,EMEA,Food & Beverage,6662.95,665.23,18.0
2024-03-28,Middle East,Sports,3138.52,429.75,13.0
2022-12-21,LATAM,Electronics,2602.61,926.46,10.0
2022-03-01,North America,Electronics,7488.25,1940.05,40.0
2022-10-30,APAC,Apparel,1774.48,639.65,28.0
2023-08-27,APAC,Beauty,22868.66,2937.0,49.0
2022-10-27,LATAM,Apparel,5307.15,1160.17,37.0
2022-06-12,EMEA,Sports,1572.21,442.66,26.0
2023-10-14,North America,Food & Beverage,7673.73,954.7,18.0
2023-05-27,EMEA,Sports,7372.52,1578.46,19.0
2023-06-03,APAC,Electronics,2948.32,1099.89,7.0
2023-10-08,EMEA,Sports,3900.18,695.63,40.0
2024-11-25,Middle East,Electronics,4745.85,1793.34,37.0
2022-07-11,APAC,Sports,12242.84,2175.46,48.0
2023-12-19,North America,Food & Beverage,2756.34,642.12,17.0
2022-12-25,North America,Apparel,4044.49,1101.86,12.0
2024-09-25,EMEA,Food & Beverage,6501.59,368.85,21.0
2022-03-20,APAC,Apparel,17104.72,924.26,39.0
2023-11-28,Middle East,Beauty,12801.95,1997.12,31.0
2022-07-01,Middle East,Apparel,1478.79,442.97,19.0
2022-01-07,Middle East,Beauty,1484.01,350.56,4.0
2022-04-21,APAC,Beauty,6989.72,1796.93,39.0
2024-08-30,EMEA,Electronics,3768.71,831.87,10.0
2022-09-23,LATAM,Food & Beverage,1963.38,729.04,28.0
2022-02-23,North America,Beauty,1507.3,474.21,13.0
2023-06-05,APAC,Sports,5921.57,1378.68,25.0
2023-03-31,EMEA,Sports,2834.64,852.2,9.0
2023-01-25,North America,Sports,6301.76,880.74,17.0
2022-02-24,APAC,Home & Garden,19070.09,6955.84,38.0
2023-06-03,Middle East,Food & Beverage,9069.55,2961.49,45.0
2022-03-27,APAC,Beauty,779.36,151.89,37.0
2022-11-15,Middle East,Sports,,789.92,40.0
2023-04-18,APAC,Food & Beverage,4669.43,1124.45,11.0
2023-05-22,APAC,Sports,14649.07,935.52,30.0
2024-10-12,APAC,Home & Garden,2860.81,982.5,
2023-08-29,North America,Sports,5325.74,1686.79,35.0
2022-10-10,APAC,Home & Garden,194.47,50.15,2.0
2022-05-13,LATAM,Apparel,7577.8,2071.17,29.0
2023-04-28,Middle East,Electronics,888.84,200.17,19.0
2022-12-15,Middle East,Sports,3817.03,1141.83,8.0
2023-11-03,Middle East,Electronics,15492.74,4509.9,48.0
2024-08-12,North America,Beauty,9266.08,472.9,41.0
2022-10-10,LATAM,Home & Garden,3422.14,839.91,8.0
2023-07-23,LATAM,Electronics,9330.48,1362.31,22.0
2024-06-16,Middle East,Apparel,7528.21,1544.03,47.0
2023-12-06,EMEA,Sports,2934.17,892.57,24.0
2022-07-09,EMEA,Apparel,192.62,70.98,1.0
2024-06-27,North America,Sports,15788.01,5182.38,34.0
2022-03-21,LATAM,Electronics,6636.58,1962.83,21.0
2023-10-03,APAC,Apparel,6775.22,2244.29,13.0
2022-09-16,LATAM,Food & Beverage,114.67,42.64,11.0
2023-05-11,APAC,Home & Garden,1009.91,352.36,5.0
2023-08-25,North America,Sports,12089.86,2816.65,48.0
2022-12-11,LATAM,Electronics,13636.45,1141.13,31.0
2023-04-30,Middle East,Home & Garden,5362.75,1107.57,17.0
2022-11-06,APAC,Sports,8137.0,2336.08,22.0
2024-08-21,LATAM,Beauty,2088.95,487.19,11.0
2024-12-22,APAC,Beauty,9042.2,1139.13,44.0
2022-08-11,APAC,Food & Beverage,7703.51,1884.31,21.0
2024-08-14,EMEA,Food & Beverage,9877.65,577.72,28.0
2024-08-21,EMEA,Beauty,13559.19,2466.18,39.0
2022-11-14,Middle East,Home & Garden,3527.59,797.15,9.0
2023-01-19,APAC,Food & Beverage,1192.01,237.61,3.0
2024-06-09,APAC,Food & Beverage,7982.66,1768.08,27.0
2023-05-04,EMEA,Electronics,3936.28,914.61,17.0
2024-08-16,APAC,Apparel,3797.9,900.22,15.0
2024-10-06,EMEA,Beauty,13974.4,1358.1,42.0
2022-06-17,LATAM,Beauty,1486.48,378.26,5.0
2023-03-10,LATAM,Home & Garden,5051.29,897.62,29.0
2023-06-03,North America,Sports,8011.67,1714.09,48.0
2022-10-20,LATAM,Food & Beverage,466.02,160.6,9.0
2024-07-23,EMEA,Sports,11945.61,2997.84,38.0
2023-08-03,APAC,Home & Garden,7299.21,452.7,30.0
2022-12-31,Middle East,Food & Beverage,4460.56,1404.35,34.0
2023-10-28,APAC,Electronics,15861.24,3022.37,36.0
2024-05-20,LATAM,Beauty,16988.18,5861.49,40.0
2023-05-05,EMEA,Food & Beverage,9548.42,2978.47,22.0
2023-11-15,EMEA,Apparel,9241.65,,23.0
2024-12-07,APAC,Home & Garden,8303.66,425.14,24.0
2023-06-28,North America,Sports,1381.31,514.53,
2024-08-15,LATAM,Home & Garden,12234.98,4253.92,34.0
2022-02-25,North America,Apparel,11503.17,4332.59,25.0
2023-09-11,EMEA,Sports,1442.12,520.12,11.0
2022-07-17,EMEA,Electronics,4005.97,1124.45,37.0
2023-10-12,LATAM,Home & Garden,11210.4,4088.88,49.0
2023-12-21,LATAM,Food & Beverage,11022.64,2411.47,38.0
2022-02-14,EMEA,Electronics,2385.98,707.56,12.0
2022-04-12,APAC,Beauty,1566.16,577.85,11.0
2022-12-05,EMEA,Apparel,529.63,146.08,10.0
2023-11-05,APAC,Electronics,6395.65,756.46,15.0
2022-10-22,APAC,Beauty,5060.09,940.09,22.0
2024-01-29,Middle East,Beauty,7282.36,1445.0,
2024-02-09,Middle East,Food & Beverage,8097.85,2152.49,32.0
2022-07-24,EMEA,Food & Beverage,5079.34,1457.21,24.0
2023-08-30,Middle East,Sports,855.39,215.66,3.0
2022-11-04,EMEA,Beauty,343.23,46.35,3.0
2023-10-09,APAC,Food & Beverage,12199.58,615.09,25.0
2022-12-17,APAC,Apparel,4863.15,1690.77,17.0
2022-01-23,North America,Food & Beverage,568.64,110.95,3.0
2022-10-10,EMEA,Sports,1731.35,,9.0
2023-04-17,LATAM,Apparel,7081.78,2606.38,27.0
2024-10-25,APAC,Apparel,16429.49,4051.63,36.0
2024-07-01,EMEA,Home & Garden,1932.0,258.04,46.0
2024-12-15,APAC,Apparel,11852.31,3472.32,40.0
2022-06-29,EMEA,Home & Garden,239.45,36.93,2.0
2023-05-02,LATAM,Sports,4248.44,488.27,
2022-03-22,APAC,Apparel,2521.32,439.98,20.0
2023-03-28,EMEA,Beauty,1735.42,187.2,33.0
2024-12-11,EMEA,Sports,156.49,11.33,4.0
2023-10-06,EMEA,Apparel,4778.19,960.87,27.0
2023-04-25,Middle East,Food & Beverage,7642.12,1607.92,28.0
2022-02-08,EMEA,Apparel,18000.61,1482.83,40.0
2024-05-25,EMEA,Home & Garden,2241.49,397.86,7.0
2024-02-23,EMEA,Electronics,10813.26,715.26,25.0
2024-02-25,LATAM,Sports,6136.74,687.53,12.0
2023-03-02,Middle East,Sports,14793.25,1957.75,45.0
2022-08-20,Middle East,Electronics,1930.24,272.14,14.0
2024-05-12,North America,Sports,4468.03,1009.83,34.0
2022-06-14,APAC,Beauty,1223.16,302.15,27.0
2024-11-17,EMEA,Beauty,7524.87,1858.37,25.0
2022-05-04,Middle East,Food & Beverage,4472.64,825.49,12.0
2023-01-12,APAC,Sports,5524.33,1712.93,40.0
2024-09-01,Middle East,Electronics,2885.55,378.43,41.0
2022-10-16,LATAM,Food & Beverage,4702.94,387.21,23.0
2024-01-16,North America,Food & Beverage,4047.82,1341.26,8.0
2023-02-25,LATAM,Sports,15705.55,4687.73,37.0
2024-01-21,EMEA,Electronics,5520.56,963.49,43.0
2024-06-03,EMEA,Beauty,16374.72,2458.21,43.0
2022-03-07,APAC,Food & Beverage,801.65,128.25,20.0
2024-04-07,LATAM,Electronics,2701.3,219.03,16.0
2023-09-27,Middle East,Apparel,3370.51,414.74,20.0
2024-08-30,EMEA,Home & Garden,10214.39,559.98,32.0
2022-05-22,EMEA,Electronics,99.78,18.73,1.0
2023-01-25,APAC,Apparel,1375.93,484.18,40.0
2022-04-09,EMEA,Electronics,353.84,46.89,17.0
2023-12-29,LATAM,Food & Beverage,1903.23,,7.0
2022-10-03,EMEA,Apparel,1397.11,367.73,3.0
2024-08-23,North America,Home & Garden,15671.4,5566.52,30.0
2022-10-18,EMEA,Electronics,3309.81,593.08,10.0
2022-05-20,EMEA,Home & Garden,4059.96,1304.78,23.0
2024-02-13,Middle East,Beauty,12584.48,2215.25,31.0
2023-08-23,LATAM,Sports,340.83,108.24,2.0
2023-12-11,North America,Food & Beverage,6743.7,2488.82,31.0
2024-10-24,EMEA,Apparel,6214.6,1009.59,21.0
2024-05-17,North America,Home & Garden,613.46,178.91,40.0
2022-04-17,Middle East,Electronics,1527.99,211.76,21.0
2022-04-12,EMEA,Beauty,753.96,117.76,6.0
2024-03-12,Middle East,Home & Garden,2564.7,591.55,25.0
2022-12-24,LATAM,Home & Garden,1837.4,344.39,4.0
2022-01-17,North America,Food & Beverage,11833.54,4079.82,29.0
2022-08-19,LATAM,Food & Beverage,8905.35,3037.99,38.0
2022-12-02,LATAM,Apparel,1334.32,303.8,9.0
2023-09-29,LATAM,Food & Beverage,4885.73,1822.17,31.0
2023-01-02,EMEA,Electronics,18089.65,4581.12,41.0
2023-10-23,Middle East,Apparel,10087.14,1977.13,29.0
2022-08-28,North America,Electronics,4304.82,1375.7,12.0
2023-04-13,EMEA,Home & Garden,239.9,68.16,5.0
2022-05-17,Middle East,Food & Beverage,3677.75,191.51,11.0
2024-03-04,EMEA,Apparel,17172.2,1574.37,40.0
2024-08-21,Middle East,Sports,225.04,47.68,1.0
2023-10-18,APAC,Home & Garden,5453.58,1314.18,39.0
2023-10-17,LATAM,Apparel,4594.51,867.09,36.0
2022-09-06,APAC,Beauty,808.02,210.5,5.0
2022-06-01,LATAM,Food & Beverage,8499.37,2989.56,24.0
2022-06-12,EMEA,Food & Beverage,7557.09,775.28,25.0
2022-06-18,Middle East,Food & Beverage,3529.43,1311.06,10.0
2023-09-05,North America,Beauty,417.38,83.43,2.0
2022-02-11,APAC,Home & Garden,3823.22,1051.97,14.0
2024-02-15,EMEA,Apparel,2084.21,666.55,42.0
2022-12-25,North America,Sports,1099.83,70.72,6.0
2024-07-24,Middle East,Electronics,3527.87,1105.02,15.0
2024-04-09,Middle East,Food & Beverage,6149.24,1873.01,18.0
2022-03-13,EMEA,Food & Beverage,5844.24,1135.13,14.0
2022-10-10,EMEA,Electronics,1077.17,199.76,10.0
2022-04-07,APAC,Electronics,344.24,128.91,20.0
2023-11-23,APAC,Electronics,6639.24,2328.03,15.0
2023-07-20,LATAM,Food & Beverage,7205.46,878.01,40.0
2022-03-26,EMEA,Sports,2049.87,632.72,31.0
2023-10-03,EMEA,Apparel,1656.56,453.92,9.0
2022-12-29,EMEA,Home & Garden,1141.71,210.35,4.0
2023-09-17,LATAM,Home & Garden,6114.44,767.27,15.0
2023-12-16,APAC,Apparel,14641.72,3308.11,29.0
2024-04-24,Middle East,Apparel,440.98,125.34,11.0
2023-03-12,LATAM,Sports,4582.77,1197.67,17.0
2023-07-02,EMEA,Home & Garden,10440.13,2094.96,31.0
2023-11-13,LATAM,Food & Beverage,3324.86,1001.76,17.0
2023-07-02,Middle East,Food & Beverage,9545.83,640.19,27.0
2023-03-27,EMEA,Beauty,3564.99,1137.23,9.0
2023-09-30,EMEA,Beauty,3353.9,1189.07,10.0
2024-07-31,Middle East,Electronics,12381.19,938.14,44.0
2022-10-26,EMEA,Apparel,8764.44,1921.21,26.0
2024-12-24,LATAM,Electronics,7360.61,2662.53,43.0
2023-01-27,EMEA,Food & Beverage,630.46,89.59,43.0
2023-03-31,North America,Electronics,1603.89,536.43,26.0
2024-07-26,Middle East,Electronics,2155.48,500.61,10.0
2022-05-23,APAC,Beauty,9506.33,2946.04,36.0
2022-12-13,LATAM,Electronics,6232.51,978.23,28.0
2024-09-15,North America,Food & Beverage,12991.99,2913.39,42.0
2023-09-26,EMEA,Electronics,5583.29,958.0,32.0
2024-01-18,Middle East,Sports,3217.5,599.05,16.0
2023-03-10,Middle East,Apparel,12748.23,3335.48,26.0
2023-02-06,LATAM,Home & Garden,7783.43,2016.47,22.0
2024-11-08,Middle East,Electronics,7236.56,1383.12,25.0
2022-04-19,North America,Food & Beverage,1906.17,585.65,20.0
2024-08-24,LATAM,Food & Beverage,5434.89,1182.8,17.0
2023-01-28,APAC,Electronics,14366.74,4959.98,48.0
2022-06-23,Middle East,Sports,1028.82,97.62,18.0
2023-01-12,APAC,Home & Garden,4546.35,1165.47,9.0
2024-10-22,LATAM,Electronics,3062.08,509.23,25.0
2024-09-05,EMEA,Sports,22876.32,4370.64,46.0
2022-07-01,EMEA,Beauty,8148.2,2522.32,20.0
2024-03-27,North America,Apparel,3483.25,1246.77,10.0
2023-05-21,LATAM,Beauty,9062.69,2248.99,32.0
2024-10-14,Middle East,Sports,,1194.99,35.0
2023-11-09,Middle East,Electronics,6898.18,1805.82,13.0
2022-01-19,APAC,Electronics,7440.86,1653.74,36.0
2023-09-11,APAC,Apparel,6622.25,1194.3,31.0
2024-10-28,EMEA,Beauty,2186.49,785.77,35.0
2024-02-03,APAC,Home & Garden,5425.79,1699.63,28.0
2022-05-11,North America,Home & Garden,3663.73,778.67,19.0
2022-09-07,Middle East,Apparel,173.25,45.95,7.0
2023-06-02,APAC,Beauty,8526.18,2003.99,38.0
2022-07-31,North America,Beauty,318.84,28.82,1.0
2023-04-29,North America,Electronics,13955.42,2349.66,48.0
2024-08-01,Middle East,Food & Beverage,22911.97,7115.32,49.0
2022-08-21,APAC,Sports,9567.66,3016.98,39.0
2022-07-27,LATAM,Beauty,2645.35,983.55,17.0
2024-02-20,APAC,Home & Garden,7001.09,1225.43,38.0
2022-01-16,EMEA,Beauty,7548.8,951.17,36.0
2024-10-22,North America,Apparel,9868.29,2179.68,48.0
2024-09-14,APAC,Sports,7783.23,407.87,48.0
2023-10-27,Middle East,Apparel,2807.73,209.36,22.0
2023-09-16,North America,Food & Beverage,3216.57,202.97,23.0
2024-12-28,EMEA,Home & Garden,597.26,41.81,32.0
2024-03-20,North America,Home & Garden,2301.0,465.9,7.0
2023-04-08,Middle East,Apparel,961.56,81.78,15.0
2023-07-24,LATAM,Food & Beverage,1481.79,550.24,24.0
2022-02-14,LATAM,Apparel,1324.28,254.95,4.0
2023-12-02,Middle East,Food & Beverage,6994.58,373.22,20.0
2023-09-16,APAC,Home & Garden,796.79,116.14,25.0
2023-09-14,EMEA,Apparel,405.64,78.69,1.0
2022-02-25,EMEA,Food & Beverage,6963.36,1258.21,14.0
2024-04-12,Middle East,Electronics,20599.32,6053.18,39.0
2023-09-04,LATAM,Home & Garden,3828.49,1060.07,16.0
2023-02-24,APAC,Beauty,5728.43,1976.93,15.0
2024-05-31,EMEA,Food & Beverage,1690.01,479.77,10.0
2022-03-15,North America,Apparel,7531.53,1199.7,30.0
2022-04-25,North America,Home & Garden,10463.91,1455.01,25.0
2022-12-16,North America,Sports,3761.1,1416.63,26.0
2023-07-05,Middle East,Sports,9148.24,1363.2,31.0
2022-05-20,Middle East,Food & Beverage,2187.76,501.1,40.0
2024-07-24,North America,Food & Beverage,2207.0,490.95,8.0
2024-05-03,EMEA,Home & Garden,12043.86,2011.77,42.0
2024-09-10,Middle East,Sports,1221.05,232.16,16.0
2022-11-21,APAC,Home & Garden,10941.33,2970.04,25.0
2024-11-09,North America,Food & Beverage,8159.42,991.98,22.0
2022-06-28,Middle East,Home & Garden,4906.95,,36.0
2022-02-14,Middle East,Electronics,7953.48,2926.08,20.0
2023-01-14,Middle East,Apparel,5197.84,1644.54,15.0
2023-03-08,EMEA,Electronics,13263.71,1284.73,29.0
2022-08-24,Middle East,Apparel,10055.59,1277.53,22.0
2022-12-25,EMEA,Apparel,13176.98,1351.7,49.0
2023-09-16,LATAM,Sports,6594.39,2397.84,25.0
2022-07-11,North America,Home & Garden,186.96,44.46,1.0
2022-03-16,APAC,Beauty,12209.58,1499.36,
2023-11-18,North America,Home & Garden,157.35,34.85,6.0
2023-10-06,EMEA,Electronics,3221.34,246.68,7.0
2022-02-03,Middle East,Beauty,14264.57,1841.33,35.0
2024-03-02,LATAM,Food & Beverage,12814.26,4473.0,41.0
2023-11-04,Middle East,Electronics,12275.2,1184.19,36.0
2022-08-08,LATAM,Food & Beverage,578.8,37.53,14.0
2022-09-07,APAC,Beauty,3247.34,1178.82,13.0
2022-05-17,EMEA,Electronics,5272.36,932.82,21.0
2023-01-09,LATAM,Home & Garden,1914.49,636.36,5.0
2023-04-30,EMEA,Electronics,2861.77,299.39,47.0
2022-06-17,North America,Electronics,7103.88,1763.13,26.0
2022-07-06,APAC,Food & Beverage,3776.43,747.5,39.0
2024-03-16,LATAM,Home & Garden,876.98,187.77,33.0
2023-01-17,LATAM,Sports,1688.31,99.67,13.0
2024-08-23,EMEA,Home & Garden,5643.3,,15.0
2024-05-27,APAC,Electronics,16656.51,4780.07,40.0
2024-12-02,APAC,Food & Beverage,6612.39,1995.04,14.0
2023-06-11,North America,Home & Garden,2484.68,324.59,13.0
2022-10-25,APAC,Home & Garden,17956.96,5782.34,41.0
2023-09-07,North America,Home & Garden,3664.33,1334.39,10.0
2023-03-11,Middle East,Electronics,1805.22,377.76,31.0
2024-11-04,LATAM,Home & Garden,3970.9,1006.2,15.0
2023-09-01,LATAM,Sports,5191.71,1520.39,34.0
2023-06-29,North America,Electronics,1472.18,376.46,4.0
2024-01-21,North America,Beauty,1212.68,211.97,3.0
2022-07-18,APAC,Home & Garden,1724.42,510.21,6.0
2024-01-02,North America,Sports,1198.45,180.61,16.0
2022-05-29,LATAM,Sports,6756.28,1345.3,27.0
2024-04-26,EMEA,Electronics,91.83,27.91,4.0
2023-10-11,APAC,Food & Beverage,518.57,179.95,1.0
2024-03-17,North America,Beauty,1424.79,208.97,4.0
2023-09-23,LATAM,Beauty,2326.67,309.02,6.0
2023-06-15,LATAM,Food & Beverage,14006.15,1266.03,48.0
2023-09-12,EMEA,Home & Garden,8815.08,2127.03,39.0
2024-05-21,EMEA,Food & Beverage,3143.48,351.85,15.0
2022-08-05,EMEA,Electronics,1380.42,453.46,6.0
2023-08-23,APAC,Food & Beverage,1529.55,175.09,20.0
2023-03-08,APAC,Home & Garden,1542.37,195.72,39.0
2022-06-26,North America,Sports,1730.27,269.25,20.0
2023-04-06,LATAM,Apparel,5765.74,1828.91,48.0
2024-09-25,Middle East,Beauty,2629.03,917.08,29.0
2022-02-17,Middle East,Sports,2399.16,562.4,15.0
2022-11-02,North America,Apparel,3063.17,465.87,
2022-11-20,Middle East,Food & Beverage,1979.27,147.33,25.0
2022-10-19,APAC,Beauty,1631.0,617.35,6.0
2024-08-09,EMEA,Food & Beverage,7393.15,1081.31,49.0
2022-06-02,North America,Electronics,9216.89,1003.4,47.0
2024-03-06,LATAM,Apparel,6926.02,885.88,34.0
2023-09-02,LATAM,Electronics,6848.1,1369.99,25.0
2024-01-28,APAC,Apparel,3069.21,1054.78,13.0
2022-07-13,Middle East,Electronics,974.84,170.48,30.0
2023-06-28,APAC,Home & Garden,200.96,38.09,13.0
2022-04-30,APAC,Home & Garden,1400.41,460.53,4.0
2022-07-05,North America,Apparel,5644.04,1305.39,17.0
2024-04-24,LATAM,Apparel,3868.22,521.73,15.0
2024-08-20,EMEA,Apparel,9947.31,1485.32,45.0
2024-10-14,North America,Home & Garden,18310.09,1114.48,44.0
2022-08-14,LATAM,Home & Garden,2961.71,858.62,48.0
2022-08-11,North America,Apparel,1637.61,179.52,32.0
2023-08-23,LATAM,Electronics,2871.71,674.85,6.0
2024-02-25,LATAM,Food & Beverage,21037.33,5633.33,48.0
2022-04-16,APAC,Sports,8732.66,1100.27,24.0
2024-03-29,APAC,Beauty,1976.7,402.78,28.0
2023-11-25,APAC,Sports,2979.15,162.57,7.0
2023-06-27,Middle East,Sports,1869.57,626.69,14.0
2023-02-15,LATAM,Sports,9701.54,1889.85,48.0
2022-09-03,North America,Food & Beverage,9587.14,689.37,21.0
2024-07-16,Middle East,Electronics,18812.9,1714.73,35.0
2023-02-08,Middle East,Apparel,17223.34,1624.11,44.0
2024-01-13,Middle East,Food & Beverage,1506.12,110.64,23.0
2023-08-03,North America,Sports,8419.82,1709.61,17.0
2023-03-31,EMEA,Apparel,12241.8,973.19,26.0
2024-06-13,EMEA,Sports,9190.09,3157.32,21.0
2024-08-04,EMEA,Electronics,2990.9,653.94,22.0
2022-05-05,LATAM,Apparel,8301.82,469.07,18.0
2023-06-27,EMEA,Food & Beverage,5543.39,469.33,19.0
2022-04-07,LATAM,Home & Garden,11479.69,974.49,
2022-06-20,EMEA,Food & Beverage,119.17,38.68,10.0
2022-07-24,EMEA,Food & Beverage,5079.34,1457.21,24.0
2022-12-29,LATAM,Beauty,1602.47,103.11,33.0
2023-03-16,APAC,Electronics,5914.25,839.64,17.0
2022-11-06,LATAM,Beauty,9291.71,1414.67,20.0
2022-04-23,LATAM,Beauty,8077.88,1594.17,25.0
2024-10-24,APAC,Home & Garden,8682.34,,19.0
2022-11-09,APAC,Electronics,13048.53,958.36,38.0
2023-11-17,Middle East,Apparel,13033.94,4413.32,30.0
2022-04-26,Middle East,Sports,11000.94,3762.13,31.0
2024-01-14,North America,Home & Garden,138.1,8.46,4.0
2022-08-19,North America,Beauty,3625.3,425.22,34.0
2023-12-24,North America,Food & Beverage,1285.81,426.54,4.0
2023-11-11,North America,Food & Beverage,10341.27,2397.89,47.0
2022-03-14,LATAM,Beauty,5725.36,1137.69,11.0
2024-11-15,EMEA,Sports,1282.78,462.26,8.0
2022-09-19,North America,Beauty,4094.67,285.76,11.0
2024-10-05,EMEA,Home & Garden,10703.18,2048.77,21.0
2024-04-30,EMEA,Sports,9375.82,3021.21,37.0
2023-02-22,LATAM,Apparel,2974.94,794.0,31.0
2024-03-02,North America,Food & Beverage,2750.73,,44.0
2023-05-23,North America,Beauty,16321.97,6089.81,44.0
2023-10-10,APAC,Food & Beverage,5409.73,1485.21,21.0
2023-04-18,APAC,Food & Beverage,15019.6,4619.68,48.0
2024-09-11,LATAM,Beauty,13001.03,923.55,28.0
2023-01-04,Middle East,Beauty,,3409.95,33.0
2022-12-11,APAC,Electronics,1290.47,323.14,4.0
2024-02-18,EMEA,Apparel,4819.76,1481.04,10.0
2024-01-29,LATAM,Food & Beverage,4450.6,534.82,18.0
2022-04-28,EMEA,Sports,172.68,14.14,3.0
2022-07-10,EMEA,Food & Beverage,1992.85,111.36,6.0
2022-02-12,Middle East,Home & Garden,7249.19,2127.88,25.0
2022-02-10,Middle East,Home & Garden,243.21,62.28,6.0
2023-04-21,Middle East,Home & Garden,13247.48,4664.62,41.0
2024-07-14,LATAM,Apparel,368.92,30.87,2.0
2023-03-24,LATAM,Sports,221.18,20.81,3.0
2022-10-06,EMEA,Home & Garden,3365.36,802.95,14.0
2023-08-27,APAC,Food & Beverage,7359.17,1939.16,15.0
2022-10-26,Middle East,Home & Garden,18925.64,2365.09,43.0
2022-05-08,LATAM,Home & Garden,5020.91,1564.22,21.0
2024-01-18,North America,Electronics,1356.2,262.57,3.0
2023-05-16,North America,Home & Garden,2145.77,712.88,5.0
2022-11-22,LATAM,Apparel,2402.83,550.99,10.0
2024-01-18,APAC,Beauty,4959.92,286.38,16.0
2024-07-09,North America,Beauty,25423.23,7146.97,48.0
2022-03-16,APAC,Sports,7372.76,1632.65,27.0
2022-08-29,North America,Food & Beverage,8753.88,1779.47,28.0
2024-05-03,EMEA,Food & Beverage,3989.48,,18.0
2024-02-08,North America,Food & Beverage,3128.03,285.24,48.0
2022-07-31,APAC,Beauty,6793.69,542.97,27.0
2023-04-13,EMEA,Home & Garden,10659.16,2854.58,42.0
2024-07-10,Middle East,Apparel,9318.26,719.24,31.0
2022-05-22,LATAM,Food & Beverage,2959.18,307.96,29.0
2024-03-24,Middle East,Home & Garden,23219.82,7362.75,46.0
2023-04-14,LATAM,Electronics,4673.34,727.31,19.0
2023-06-24,EMEA,Electronics,14414.77,3785.5,31.0
2024-06-20,Middle East,Home & Garden,384.67,74.21,37.0
2023-07-24,EMEA,Home & Garden,13840.81,3509.43,47.0
2022-10-08,EMEA,Food & Beverage,574.64,140.27,3.0
2023-04-24,Middle East,Electronics,7508.25,2352.31,37.0
2024-12-09,Middle East,Sports,18640.26,4296.31,49.0
2024-05-08,LATAM,Sports,1353.45,85.34,16.0
2024-06-08,LATAM,Electronics,13784.48,4670.88,35.0
2023-03-11,APAC,Sports,1548.55,267.65,12.0
2023-09-01,North America,Apparel,1130.4,313.41,18.0
2022-07-03,APAC,Home & Garden,4076.79,960.03,9.0
2022-12-03,Middle East,Sports,5604.26,1057.7,15.0
2023-12-12,Middle East,Apparel,2725.0,465.33,6.0
2022-02-17,APAC,Home & Garden,7025.17,709.48,20.0
2022-01-02,Middle East,Beauty,3611.52,1212.24,23.0
2022-08-10,EMEA,Home & Garden,16462.37,5762.64,33.0
2023-01-01,APAC,Sports,5722.06,1218.22,35.0
2022-09-27,LATAM,Food & Beverage,285.01,31.42,2.0
2023-10-05,APAC,Food & Beverage,12913.76,1352.1,30.0
2024-03-19,LATAM,Home & Garden,20234.68,1974.54,37.0
2022-10-13,LATAM,Beauty,24058.54,,47.0
2023-01-12,Middle East,Home & Garden,6722.24,403.35,16.0
2022-02-04,North America,Home & Garden,2750.7,1010.35,14.0
2023-12-27,LATAM,Electronics,8666.48,2411.51,44.0
2022-06-26,EMEA,Food & Beverage,9867.19,2862.61,37.0
2024-10-10,North America,Home & Garden,10951.07,1923.99,28.0
2024-04-06,North America,Sports,2806.48,536.37,6.0
2024-07-31,APAC,Sports,17486.73,1544.77,45.0
2024-09-29,North America,Apparel,18390.29,4905.27,48.0
2022-06-10,EMEA,Apparel,17317.67,5203.34,43.0
2024-11-25,LATAM,Electronics,4197.33,582.08,24.0
2024-11-20,EMEA,Electronics,13103.04,2907.29,35.0
2022-02-09,APAC,Home & Garden,6974.48,2364.5,26.0
2022-10-06,LATAM,Apparel,11048.74,3193.15,41.0
2023-07-03,APAC,Home & Garden,11427.1,4166.78,24.0
2024-07-22,Middle East,Apparel,1724.15,480.93,29.0
2023-07-16,North America,Apparel,5311.59,346.57,12.0
2022-06-17,Middle East,Home & Garden,1050.36,275.38,21.0
2024-12-04,EMEA,Home & Garden,19963.02,7030.96,42.0
2023-06-22,North America,Food & Beverage,1555.09,259.34,11.0
2022-09-03,LATAM,Beauty,5441.85,715.31,12.0
2022-01-27,North America,Sports,7301.43,2474.41,18.0
2024-08-22,LATAM,Sports,8379.72,2656.66,30.0
2022-07-22,EMEA,Sports,237.68,38.3,1.0
2022-08-04,North America,Apparel,339.93,60.81,1.0
2024-10-01,APAC,Food & Beverage,814.13,127.39,19.0
2024-06-17,LATAM,Food & Beverage,10677.12,2827.02,37.0
2023-06-12,LATAM,Apparel,5519.66,1415.47,17.0
2023-10-18,Middle East,Apparel,4118.04,408.49,17.0
2023-09-08,APAC,Beauty,7710.54,1903.23,36.0
2023-12-04,Middle East,Home & Garden,4182.63,1385.4,15.0
2022-02-21,LATAM,Sports,11059.29,2619.8,32.0
2022-01-05,LATAM,Beauty,1620.97,244.38,10.0
2024-03-24,APAC,Apparel,4775.25,696.1,36.0
2023-07-23,EMEA,Sports,3970.4,1212.06,23.0
2023-01-25,LATAM,Apparel,454.31,95.93,7.0
2024-12-08,Middle East,Apparel,1483.13,240.27,35.0
2022-06-27,LATAM,Electronics,1626.61,249.3,23.0
2022-06-26,Middle East,Food & Beverage,5435.85,1419.93,38.0
2024-05-18,EMEA,Electronics,1213.89,138.82,5.0
2023-04-12,APAC,Sports,14056.98,2419.25,41.0
2024-11-26,Middle East,Electronics,12362.78,3399.74,40.0
2024-11-05,APAC,Sports,10406.05,3481.6,46.0
2024-05-24,Middle East,Home & Garden,4174.59,379.1,24.0
2023-07-08,APAC,Apparel,1893.74,504.85,5.0
2023-10-24,EMEA,Electronics,386.71,80.73,17.0
2024-10-25,Middle East,Food & Beverage,11590.91,2246.55,45.0
2023-03-09,North America,Home & Garden,346.13,76.93,11.0
2022-06-11,Middle East,Sports,255.31,81.93,2.0
2023-03-18,EMEA,Beauty,5650.74,806.95,13.0
2024-06-02,North America,Electronics,7720.29,2113.05,23.0
2023-11-25,APAC,Sports,10809.76,1283.38,45.0
2024-12-31,Middle East,Home & Garden,268.28,90.04,1.0
2024-02-03,EMEA,Beauty,320.96,119.76,3.0
2022-09-30,APAC,Beauty,2485.33,391.29,41.0
2024-12-26,Middle East,Electronics,5751.08,793.31,14.0
2023-04-12,North America,Sports,10855.92,1797.74,32.0
2024-11-16,Middle East,Electronics,24012.85,7271.08,49.0
2023-12-24,APAC,Electronics,8394.87,491.61,30.0
2024-02-14,LATAM,Sports,13428.39,3490.29,28.0
2022-09-15,APAC,Electronics,6950.17,2605.04,20.0
2023-07-07,APAC,Food & Beverage,2293.86,383.75,
2022-08-10,LATAM,Sports,1174.72,364.3,40.0
2022-10-09,EMEA,Food & Beverage,6001.12,2260.94,31.0
2024-12-24,LATAM,Food & Beverage,3027.04,627.42,37.0
2022-05-30,LATAM,Apparel,2308.34,328.38,18.0
2024-02-05,LATAM,Home & Garden,12869.0,2742.3,33.0
2024-03-03,APAC,Apparel,6623.17,1422.29,25.0
2024-08-20,APAC,Electronics,1968.03,103.94,5.0
2023-07-17,LATAM,Apparel,1432.27,251.06,16.0
2023-11-01,North America,Apparel,1941.14,415.77,15.0
2022-10-22,North America,Electronics,1509.82,244.87,13.0
2022-12-19,LATAM,Electronics,551.55,65.56,3.0
2024-05-22,LATAM,Home & Garden,4222.31,834.1,15.0
2022-01-14,Middle East,Beauty,3082.98,,8.0
2022-11-01,Middle East,Electronics,7262.31,1278.28,20.0
2023-04-12,Middle East,Sports,16303.13,5669.2,41.0
2022-12-26,LATAM,Beauty,3249.61,183.73,15.0
2024-11-23,APAC,Food & Beverage,8457.74,669.85,19.0
2024-12-18,EMEA,Food & Beverage,1884.97,275.8,27.0
2022-06-18,LATAM,Apparel,17154.34,5704.24,33.0
2024-03-19,APAC,Electronics,202.24,59.55,2.0
2023-06-12,APAC,Apparel,1063.64,192.19,6.0
2022-12-02,EMEA,Apparel,1542.19,155.96,17.0
2024-08-19,EMEA,Food & Beverage,4252.39,1117.28,23.0
2022-07-05,North America,Food & Beverage,496.93,145.69,21.0
2024-09-25,Middle East,Sports,5089.3,1583.49,30.0
2024-07-07,LATAM,Sports,9795.78,3643.66,46.0
2022-09-09,Middle East,Food & Beverage,3208.11,163.18,12.0
2022-09-11,Middle East,Home & Garden,4495.45,1608.61,13.0
2022-06-07,LATAM,Apparel,3788.07,652.41,25.0
2024-10-02,LATAM,Electronics,9032.42,768.78,31.0
2024-01-27,LATAM,Apparel,1662.55,184.5,10.0
2022-02-20,LATAM,Sports,345.49,22.42,20.0
2024-07-01,LATAM,Beauty,5586.84,1069.65,15.0
2024-06-21,LATAM,Sports,20425.52,7183.31,47.0
2022-10-08,LATAM,Sports,9429.62,3556.01,21.0
2023-07-27,North America,Apparel,14156.63,4762.85,34.0
2024-04-02,APAC,Beauty,7738.16,1149.29,49.0
2024-11-07,Middle East,Sports,22501.14,7767.26,49.0
2024-11-25,LATAM,Beauty,22124.99,8141.34,42.0
2024-07-03,APAC,Apparel,2537.38,290.2,11.0
2024-07-19,Middle East,Home & Garden,10749.85,4051.16,32.0
2024-01-24,EMEA,Food & Beverage,516.57,40.15,1.0
2022-02-05,Middle East,Beauty,15491.16,5419.06,48.0
2023-04-26,Middle East,Electronics,176.38,30.68,1.0
2023-12-23,North America,Home & Garden,11487.95,,36.0
2023-01-08,North America,Home & Garden,4378.56,1038.6,13.0
2022-01-18,APAC,Beauty,210.33,47.31,18.0
2024-12-28,APAC,Sports,10216.76,3068.82,23.0
2023-05-03,LATAM,Electronics,13301.25,3334.17,29.0
2024-08-23,EMEA,Apparel,17844.47,1772.61,35.0
2023-06-04,Middle East,Sports,3274.91,934.13,8.0
2022-02-13,LATAM,Food & Beverage,4630.36,1065.69,36.0
2023-02-14,EMEA,Beauty,1114.38,320.22,36.0
2022-10-19,LATAM,Apparel,2943.04,344.23,27.0
2022-04-02,LATAM,Apparel,1445.34,134.59,9.0
2022-07-25,APAC,Home & Garden,3683.93,827.34,18.0
2024-12-03,APAC,Home & Garden,838.74,304.99,5.0
2022-08-03,APAC,Electronics,11517.39,2986.75,45.0
2022-07-01,APAC,Beauty,4974.95,867.32,43.0
2022-06-09,EMEA,Sports,4211.04,312.56,43.0
2024-06-14,APAC,Beauty,1548.22,283.19,35.0
2022-08-17,North America,Electronics,3330.07,519.15,7.0
2023-01-24,LATAM,Food & Beverage,3041.6,499.94,28.0
2022-09-05,LATAM,Home & Garden,2555.39,676.3,45.0
2022-09-16,North America,Electronics,5797.59,1417.54,19.0
2022-11-15,Middle East,Home & Garden,15171.05,1470.39,48.0
2024-07-07,APAC,Beauty,5289.3,355.22,19.0
2024-12-20,North America,Apparel,10874.51,1554.14,36.0
2024-01-01,EMEA,Home & Garden,2467.82,677.12,14.0
2022-08-26,LATAM,Beauty,13631.01,1795.18,26.0
2024-04-20,North America,Electronics,8386.63,2965.62,49.0
2024-05-25,EMEA,Home & Garden,16921.64,5111.64,39.0
2024-04-24,APAC,Home & Garden,3148.91,533.98,13.0
2024-12-08,LATAM,Food & Beverage,16660.49,2931.57,36.0
2022-03-11,APAC,Electronics,775.17,189.78,8.0
2024-12-27,APAC,Electronics,9169.46,3340.29,31.0
2022-01-17,Middle East,Apparel,124.17,28.03,3.0
2024-10-01,Middle East,Apparel,11923.17,2976.37,46.0
2023-05-18,North America,Home & Garden,13844.21,1619.89,37.0
2024-06-04,EMEA,Beauty,5845.29,419.14,15.0
2022-10-25,LATAM,Beauty,1093.65,162.24,35.0
2023-01-03,LATAM,Sports,4734.44,1407.45,9.0
2023-01-08,Middle East,Beauty,5575.28,1638.39,13.0
2022-03-16,LATAM,Sports,6544.79,1766.22,24.0
2024-10-31,Middle East,Apparel,689.19,196.22,33.0
2022-06-22,Middle East,Home & Garden,25015.07,3608.0,46.0
2023-02-01,APAC,Food & Beverage,3815.79,1356.42,18.0
2023-11-07,APAC,Beauty,1721.88,456.62,9.0
2022-03-13,EMEA,Apparel,19628.67,2552.8,48.0
2024-01-22,EMEA,Food & Beverage,3114.03,705.92,7.0
2024-01-05,North America,Beauty,665.65,33.32,26.0
2022-06-21,Middle East,Sports,1865.65,439.23,5.0
2023-01-05,EMEA,Sports,1097.81,125.76,10.0
2022-12-30,Middle East,Food & Beverage,15890.43,1634.26,40.0
2022-02-03,North America,Electronics,356.03,102.12,7.0
2023-06-03,LATAM,Beauty,8549.68,1697.74,21.0
2024-03-30,EMEA,Apparel,6169.78,1286.71,16.0
2024-05-19,LATAM,Beauty,642.69,243.71,12.0
2023-08-22,APAC,Beauty,6687.55,1735.77,
2024-06-12,LATAM,Electronics,6599.28,583.96,44.0
2024-11-26,APAC,Sports,14937.75,1637.69,47.0
2022-11-20,North America,Food & Beverage,21318.93,1772.13,44.0
2024-01-29,EMEA,Electronics,9516.4,2759.92,23.0
2023-03-12,North America,Home & Garden,1660.86,86.72,6.0
2024-04-18,North America,Home & Garden,1227.86,76.86,9.0
2022-01-19,North America,Sports,18469.83,1877.76,40.0
2024-08-25,APAC,Sports,5435.24,1691.01,29.0
2024-12-08,APAC,Home & Garden,3907.63,764.58,10.0
2022-09-03,LATAM,Sports,1907.97,459.32,14.0
2024-05-02,EMEA,Apparel,3941.08,1449.24,25.0
2023-10-08,APAC,Food & Beverage,6906.1,1212.96,35.0
2024-07-27,LATAM,Electronics,5545.81,1810.51,13.0
2023-12-18,EMEA,Home & Garden,7144.27,534.65,16.0
2022-08-12,North America,Sports,3531.01,1322.12,44.0
2023-08-01,North America,Home & Garden,10630.61,3927.81,45.0
2024-07-31,North America,Apparel,12574.12,3507.89,38.0
2022-04-17,EMEA,Home & Garden,2017.85,473.83,5.0
2024-07-29,North America,Home & Garden,22515.42,7638.74,49.0
2022-12-06,North America,Electronics,7494.67,2790.9,49.0
2022-05-28,Middle East,Sports,319.34,38.21,2.0
2024-09-22,APAC,Beauty,1747.87,312.62,13.0
2024-05-20,LATAM,Electronics,4972.61,1761.72,41.0
2024-05-20,Middle East,Home & Garden,3210.85,370.02,40.0
2023-12-15,EMEA,Sports,826.54,244.29,4.0
2022-07-26,EMEA,Sports,2378.94,481.47,9.0
2024-10-03,North America,Sports,2280.34,573.85,7.0
2024-11-27,North America,Electronics,4105.54,633.13,12.0
2024-08-16,EMEA,Beauty,13228.89,662.21,42.0
2024-04-11,North America,Electronics,8364.49,1562.11,18.0
2022-01-01,EMEA,Sports,18319.3,3305.23,47.0
2023-03-13,North America,Beauty,7368.95,2091.09,19.0
2022-02-17,North America,Apparel,4830.83,252.33,10.0
2022-01-29,Middle East,Apparel,8669.98,1853.56,31.0
2023-04-24,LATAM,Electronics,7493.26,954.42,33.0
2022-10-11,APAC,Sports,8328.51,553.02,27.0
2024-04-12,LATAM,Food & Beverage,17724.92,2458.82,41.0
2022-02-25,EMEA,Beauty,1837.19,695.75,11.0
2023-06-07,Middle East,Beauty,9706.85,778.13,39.0
2022-07-13,LATAM,Electronics,3306.07,660.81,8.0
2023-08-26,EMEA,Apparel,11496.09,2660.57,27.0
2024-12-27,EMEA,Sports,1700.6,553.84,35.0
2022-09-25,APAC,Beauty,7544.2,2144.28,16.0
2023-11-21,Middle East,Sports,325.41,32.38,1.0
2022-07-18,LATAM,Beauty,16861.66,1742.0,46.0
2022-07-30,North America,Food & Beverage,1658.61,496.76,6.0
2024-10-17,EMEA,Apparel,1579.26,272.87,17.0
2024-10-05,EMEA,Apparel,2045.73,741.23,47.0
2022-06-26,LATAM,Beauty,979.9,132.0,19.0
2023-06-04,APAC,Food & Beverage,175.61,45.24,3.0
2023-08-01,North America,Sports,4233.39,1064.17,14.0
2023-08-09,APAC,Food & Beverage,1304.76,427.66,4.0
2024-03-21,North America,Home & Garden,18313.35,6210.16,35.0
2022-12-06,Middle East,Electronics,1727.95,110.75,30.0
2022-02-16,LATAM,Apparel,1180.94,340.77,5.0
2023-04-08,North America,Apparel,1114.59,,27.0
2023-06-03,LATAM,Electronics,8016.98,1784.98,45.0
2023-07-08,Middle East,Home & Garden,21364.53,1389.99,49.0
2024-09-02,Middle East,Apparel,12359.28,2220.2,49.0
2023-01-07,APAC,Beauty,13599.16,821.73,29.0
2023-10-14,Middle East,Beauty,4826.12,287.5,21.0
2023-01-09,EMEA,Sports,2924.58,1089.49,8.0
2024-04-17,North America,Apparel,11591.48,1910.45,29.0
2022-08-02,LATAM,Home & Garden,1438.01,507.98,11.0
2023-04-28,Middle East,Food & Beverage,2047.41,736.42,7.0
2022-04-26,North America,Food & Beverage,9177.37,591.1,39.0
2023-07-06,LATAM,Sports,7760.65,1071.74,49.0
2022-11-11,APAC,Sports,6923.66,1876.54,35.0
2022-10-08,APAC,Apparel,7215.99,882.71,16.0
2023-12-20,LATAM,Electronics,6606.24,1151.0,44.0
2022-07-16,Middle East,Beauty,2679.72,144.19,31.0
2023-02-22,Middle East,Sports,209.35,53.52,18.0
2022-03-07,EMEA,Electronics,6157.63,2323.94,24.0
2024-02-21,LATAM,Home & Garden,12157.38,2209.94,48.0
2022-06-14,Middle East,Sports,17693.48,6145.58,43.0
2023-02-09,EMEA,Food & Beverage,4909.89,421.75,27.0
2022-10-08,LATAM,Electronics,574.66,139.23,16.0
2024-03-19,LATAM,Beauty,2433.99,129.97,12.0
2024-11-15,LATAM,Beauty,12913.12,,30.0
2024-09-22,EMEA,Food & Beverage,13893.79,3554.33,33.0
2024-07-26,LATAM,Beauty,7131.93,1056.36,31.0
2024-01-20,APAC,Apparel,10199.69,2267.59,44.0
2022-10-21,Middle East,Home & Garden,3384.46,1241.41,25.0
2024-03-31,LATAM,Food & Beverage,3477.41,1295.54,15.0
2022-03-11,North America,Sports,6397.73,422.64,16.0
2022-07-12,LATAM,Sports,16197.76,4125.13,41.0
2023-01-06,LATAM,Beauty,3049.32,1061.42,14.0
2024-12-30,Middle East,Home & Garden,2715.9,318.41,21.0
2022-04-17,North America,Sports,5019.58,1367.65,22.0
2023-12-04,EMEA,Sports,2454.67,227.41,5.0
2022-06-26,APAC,Beauty,15992.63,3652.94,49.0
2023-05-15,LATAM,Home & Garden,9922.57,2554.73,36.0
2022-12-04,North America,Electronics,12258.84,1492.48,39.0
2022-07-07,Middle East,Beauty,15113.5,5395.03,34.0
2023-02-26,APAC,Home & Garden,1280.08,290.8,27.0
2022-04-06,LATAM,Beauty,5849.98,1607.9,27.0
2022-07-24,APAC,Food & Beverage,4604.62,1339.33,42.0
2022-01-30,LATAM,Beauty,492.75,31.82,1.0
2022-01-07,Middle East,Food & Beverage,9503.33,3227.58,19.0
2024-02-17,Middle East,Sports,6571.18,2364.82,20.0
2022-03-10,North America,Home & Garden,297.42,50.39,22.0
2022-03-08,North America,Electronics,291.03,94.34,4.0
2024-11-22,EMEA,Sports,2763.62,251.8,7.0
2022-07-18,LATAM,Electronics,3662.99,773.57,13.0
2022-06-01,LATAM,Home & Garden,3579.57,1292.44,39.0
2023-06-23,North America,Electronics,8699.45,2305.21,34.0
2024-05-16,APAC,Sports,6963.14,1970.37,35.0
2023-05-09,LATAM,Electronics,6592.94,1398.55,36.0
2023-02-24,APAC,Home & Garden,166.78,22.85,6.0
2023-02-03,APAC,Electronics,1230.7,251.57,36.0
2024-09-19,LATAM,Home & Garden,12640.68,2134.59,46.0
2022-01-30,North America,Apparel,4679.71,1418.26,36.0
2023-01-11,APAC,Electronics,584.55,160.71,2.0
2023-09-24,North America,Home & Garden,9898.32,2341.9,32.0
2022-04-05,Middle East,Electronics,7490.6,1411.67,21.0
2023-03-07,Middle East,Home & Garden,1164.86,406.2,7.0
2024-04-08,LATAM,Apparel,13770.28,4692.78,33.0
2023-08-12,APAC,Apparel,8170.56,1052.16,20.0
2024-08-29,LATAM,Electronics,10827.22,2435.88,35.0
2022-04-09,Middle East,Home & Garden,7131.81,1072.29,44.0
2024-10-16,Middle East,Food & Beverage,6554.0,1269.52,16.0
2024-07-08,APAC,Sports,2786.56,889.83,6.0
2022-02-16,North America,Electronics,1352.63,434.38,12.0
2022-01-28,EMEA,Electronics,14853.52,3892.75,43.0
2022-02-24,Middle East,Home & Garden,6617.91,1885.03,25.0
2024-01-26,North America,Food & Beverage,1685.48,335.04,4.0
2024-03-31,Middle East,Electronics,6779.26,1283.53,31.0
2024-04-24,North America,Sports,12385.65,4313.7,43.0
2023-07-02,Middle East,Sports,8909.58,2664.72,20.0
2023-08-12,North America,Home & Garden,3325.53,1114.93,26.0
2022-04-12,EMEA,Apparel,18267.9,4639.88,46.0
2023-05-08,APAC,Food & Beverage,2361.93,679.67,5.0
2024-03-22,Middle East,Beauty,7893.56,2867.99,18.0
2022-02-19,EMEA,Electronics,1843.12,553.54,5.0
2024-08-10,North America,Food & Beverage,288.85,19.31,19.0
2024-02-10,APAC,Electronics,20122.3,5369.12,42.0
2024-11-04,North America,Home & Garden,561.44,113.66,2.0
2024-02-01,LATAM,Food & Beverage,6587.26,1462.57,17.0
2022-08-28,APAC,Sports,14958.17,2587.92,37.0
2024-09-01,LATAM,Sports,1156.0,118.32,15.0
2024-10-03,Middle East,Apparel,3775.99,982.29,46.0
2022-06-05,EMEA,Food & Beverage,5801.11,1885.39,20.0
2022-07-15,North America,Electronics,2230.03,343.89,5.0
2022-09-22,North America,Sports,4338.93,1082.34,19.0
2024-06-30,EMEA,Electronics,884.96,262.06,2.0
2024-09-26,North America,Home & Garden,1965.26,177.22,20.0
2023-10-15,LATAM,Food & Beverage,3607.0,1322.98,14.0
2022-02-24,LATAM,Apparel,6147.87,2096.75,28.0
2024-04-05,APAC,Home & Garden,3531.07,333.67,10.0
2024-07-19,Middle East,Beauty,12467.95,1469.19,44.0
2024-12-27,APAC,Beauty,1704.51,626.82,13.0
2023-04-22,EMEA,Sports,724.12,145.79,12.0
2022-06-11,North America,Home & Garden,7331.07,959.97,21.0
2023-07-23,EMEA,Sports,3970.4,1212.06,23.0
2022-06-25,Middle East,Apparel,6717.1,1449.57,14.0
2024-02-11,EMEA,Home & Garden,6558.11,1460.6,28.0
2022-10-30,LATAM,Sports,2695.93,840.35,11.0
2023-10-19,EMEA,Apparel,2367.04,212.84,44.0
2023-06-18,APAC,Electronics,11062.35,2017.18,28.0
2023-01-20,Middle East,Beauty,3550.5,223.91,33.0
2024-04-10,EMEA,Electronics,2838.54,721.27,12.0
2024-02-05,LATAM,Food & Beverage,,129.16,4.0
2022-12-25,Middle East,Apparel,916.41,116.32,11.0
2024-08-19,APAC,Apparel,2389.3,531.53,20.0
2023-05-27,North America,Home & Garden,745.08,193.74,13.0
2024-07-06,Middle East,Home & Garden,14562.43,1551.81,34.0
2022-01-15,EMEA,Apparel,11312.7,3809.39,47.0
2024-04-19,EMEA,Beauty,4505.36,531.14,18.0
2024-04-14,LATAM,Electronics,491.41,107.38,3.0
2023-05-29,LATAM,Beauty,2427.7,704.0,26.0
2023-04-26,EMEA,Home & Garden,1929.17,641.57,40.0
2024-05-28,APAC,Home & Garden,2309.2,460.15,23.0
2022-07-20,APAC,Apparel,5906.01,1492.81,23.0
2024-09-29,Middle East,Apparel,8862.66,2698.25,18.0
2022-04-27,North America,Beauty,5731.96,1436.8,26.0
2022-09-26,Middle East,Home & Garden,8907.41,1068.43,21.0
2022-07-12,EMEA,Beauty,9369.55,821.37,23.0
2022-09-04,APAC,Sports,168.01,43.3,1.0
2023-10-11,LATAM,Electronics,19139.53,2623.85,44.0
2022-05-21,Middle East,Beauty,12565.29,1583.97,34.0
2022-10-16,North America,Food & Beverage,2020.79,393.35,27.0
2023-06-02,North America,Beauty,1500.9,216.96,5.0
2022-09-24,APAC,Home & Garden,5904.65,1125.97,25.0
2022-12-09,LATAM,Sports,10682.74,949.49,23.0
2022-10-26,Middle East,Beauty,3866.39,844.78,18.0
2022-07-09,North America,Home & Garden,3157.51,1075.79,25.0
2022-12-27,North America,Apparel,5873.85,1239.14,24.0
2024-03-07,EMEA,Beauty,10119.79,621.93,47.0
2022-01-20,Middle East,Food & Beverage,13488.5,2543.17,26.0
2024-10-15,LATAM,Electronics,2367.93,822.91,37.0
2022-09-10,EMEA,Beauty,1757.25,594.07,5.0
2023-11-01,LATAM,Beauty,810.58,291.66,2.0
2022-09-23,North America,Apparel,16507.62,1727.39,47.0
2022-01-30,LATAM,Food & Beverage,15513.51,5883.16,38.0
2023-03-29,Middle East,Food & Beverage,1768.16,165.91,11.0
2024-06-09,North America,Food & Beverage,4096.85,872.57,37.0
2024-07-18,APAC,Electronics,8986.31,453.59,25.0
2023-07-15,LATAM,Food & Beverage,5260.74,412.83,13.0
2023-12-07,LATAM,Beauty,2104.07,307.31,48.0
2023-08-31,LATAM,Electronics,686.4,240.36,2.0
2023-10-13,EMEA,Electronics,952.12,296.9,37.0
2023-11-16,North America,Food & Beverage,5893.79,1966.38,42.0
2024-07-06,EMEA,Electronics,10030.53,3472.87,34.0
2023-07-26,LATAM,Home & Garden,12851.07,1133.81,33.0
2022-10-17,North America,Apparel,3873.05,615.27,18.0
2022-03-22,North America,Apparel,789.21,170.35,47.0
2024-06-19,North America,Sports,4733.04,727.43,36.0
2023-10-27,LATAM,Beauty,609.05,180.65,3.0
2024-04-22,EMEA,Electronics,6655.29,2201.04,24.0
2022-01-07,APAC,Beauty,11314.79,1146.77,40.0
2023-04-25,EMEA,Apparel,6009.47,1406.09,16.0
2022-12-16,EMEA,Sports,3209.58,169.14,34.0
2022-08-03,APAC,Sports,4949.58,631.64,33.0
2024-03-07,LATAM,Food & Beverage,7916.4,774.38,26.0
2023-09-18,North America,Electronics,16421.24,3790.62,34.0
2024-06-23,LATAM,Sports,465.23,40.63,9.0
2023-01-05,LATAM,Home & Garden,2078.67,275.35,9.0
2023-08-21,LATAM,Home & Garden,2433.2,565.58,12.0
2024-10-04,EMEA,Apparel,3579.06,779.56,35.0
2022-03-20,LATAM,Home & Garden,1030.01,355.32,19.0
2023-03-13,EMEA,Apparel,15845.81,2960.22,44.0
2024-02-06,EMEA,Beauty,9790.85,1930.53,49.0
2022-03-10,Middle East,Electronics,10231.33,1153.99,33.0
2024-12-23,LATAM,Sports,2759.29,434.84,12.0
2023-10-28,LATAM,Electronics,9642.89,1184.46,47.0
2022-01-16,North America,Food & Beverage,2940.74,805.59,8.0
2024-09-28,Middle East,Electronics,3697.97,920.61,20.0
2023-02-08,LATAM,Electronics,1260.47,164.0,15.0
2023-05-11,EMEA,Apparel,1806.1,597.85,7.0
2022-01-30,LATAM,Apparel,18313.47,4341.47,36.0
2022-12-08,APAC,Electronics,5741.22,1436.4,40.0
2024-07-08,LATAM,Food & Beverage,2820.38,797.43,
2022-04-19,North America,Apparel,235.18,45.7,16.0
2023-03-15,Middle East,Sports,715.88,197.84,21.0
2022-02-21,APAC,Electronics,8982.14,2990.61,20.0
2024-01-18,North America,Food & Beverage,3155.47,832.22,18.0
2023-06-08,APAC,Home & Garden,928.95,205.36,36.0
2022-11-17,North America,Food & Beverage,1577.49,288.62,10.0
2022-10-28,North America,Sports,2801.2,175.6,34.0
2023-10-20,North America,Food & Beverage,2849.72,645.04,6.0
2023-11-01,APAC,Beauty,2936.03,942.74,26.0
2023-11-25,EMEA,Sports,10969.21,1388.06,38.0
2022-03-11,LATAM,Beauty,18978.14,5759.66,45.0
2024-05-27,North America,Food & Beverage,11952.29,3031.74,28.0
2022-06-03,North America,Home & Garden,2105.38,162.85,
2022-06-23,Middle East,Beauty,10565.53,840.29,28.0
2024-09-03,LATAM,Sports,1946.85,495.61,6.0
2022-11-28,LATAM,Sports,11319.44,3617.75,45.0
2023-07-19,LATAM,Food & Beverage,4015.6,926.5,15.0
2023-08-06,APAC,Food & Beverage,8700.05,1708.4,30.0
2024-03-02,EMEA,Beauty,11389.43,3507.88,24.0
2022-01-29,North America,Apparel,4842.08,277.37,17.0
2023-03-08,Middle East,Electronics,8105.2,2849.6,35.0
2023-07-27,North America,Electronics,7018.33,731.53,25.0
2023-06-27,APAC,Electronics,4440.92,1363.65,9.0
2022-12-24,EMEA,Home & Garden,459.46,56.49,24.0
2024-03-20,APAC,Electronics,1883.65,282.91,25.0
2022-02-10,APAC,Food & Beverage,6378.81,2329.08,15.0
2022-08-08,North America,Food & Beverage,1994.5,264.34,40.0
2023-02-19,EMEA,Sports,6084.94,323.03,32.0
2024-01-21,North America,Sports,5843.21,1938.15,15.0
2023-04-03,APAC,Food & Beverage,21708.63,2328.12,42.0
2024-02-20,LATAM,Home & Garden,2986.42,439.74,6.0
2022-03-08,North America,Beauty,3332.26,492.97,49.0
2022-09-22,EMEA,Home & Garden,4565.29,1677.43,13.0
2022-06-15,LATAM,Beauty,7562.12,2196.01,17.0
2022-11-01,EMEA,Food & Beverage,17269.96,2706.06,43.0
2023-10-30,LATAM,Electronics,1048.39,350.38,7.0
2023-02-12,EMEA,Home & Garden,2326.66,444.31,21.0
2023-07-11,North America,Electronics,4767.1,747.86,12.0
2024-04-29,LATAM,Home & Garden,15391.02,1763.74,45.0
2024-06-10,Middle East,Electronics,6072.99,991.57,22.0
2024-09-16,LATAM,Sports,790.28,256.63,2.0
2024-04-02,LATAM,Beauty,510.45,145.09,8.0
2023-11-13,EMEA,Apparel,2532.74,406.92,31.0
2023-11-08,Middle East,Electronics,6929.0,1597.25,36.0
2023-09-14,EMEA,Sports,20366.12,1326.04,46.0
2024-03-16,EMEA,Beauty,7588.03,1735.8,18.0
2024-06-26,LATAM,Food & Beverage,826.58,117.21,48.0
2023-06-26,EMEA,Apparel,7446.46,750.76,29.0
2022-05-02,Middle East,Food & Beverage,9399.29,2485.89,27.0
2023-01-30,Middle East,Apparel,10649.59,1049.72,36.0
2024-09-09,EMEA,Sports,10460.13,3778.35,37.0
2024-09-27,APAC,Electronics,4082.88,457.27,34.0
2022-10-13,LATAM,Beauty,5285.31,1887.36,34.0
2022-08-08,North America,Apparel,10725.53,3958.2,37.0
2024-04-11,LATAM,Sports,498.42,156.0,1.0
2024-09-08,Middle East,Electronics,5998.42,1595.05,21.0
2024-02-22,EMEA,Electronics,5069.31,1763.63,19.0
2023-08-04,LATAM,Home & Garden,7890.51,2123.25,20.0
2023-08-03,Middle East,Home & Garden,1860.18,361.98,13.0
2023-06-26,North America,Home & Garden,1686.64,263.29,14.0
2022-05-23,Middle East,Apparel,3483.57,523.77,39.0
2023-06-25,APAC,Home & Garden,621.94,188.76,7.0
2024-08-03,North America,Apparel,2851.3,885.08,36.0
2024-05-05,APAC,Food & Beverage,4207.81,788.41,31.0
2022-12-09,EMEA,Electronics,4450.91,521.0,42.0
2023-07-12,LATAM,Home & Garden,15871.82,5067.96,36.0
2024-02-06,LATAM,Home & Garden,10639.64,2298.97,39.0
2022-01-28,LATAM,Apparel,22885.37,3395.93,43.0
2023-08-12,EMEA,Food & Beverage,5771.19,1240.24,20.0
2024-09-12,North America,Home & Garden,2020.72,508.2,5.0
2024-09-10,Middle East,Sports,5760.32,1346.25,24.0
2023-12-08,LATAM,Electronics,3149.52,714.01,35.0
2024-08-30,EMEA,Electronics,3020.67,696.86,44.0
2023-12-07,LATAM,Beauty,7167.38,519.25,14.0
2023-11-02,APAC,Beauty,776.94,51.28,34.0
2023-02-02,LATAM,Sports,7154.5,1782.95,16.0
2023-04-17,LATAM,Apparel,4820.53,1425.83,21.0
2022-09-17,Middle East,Beauty,5236.04,753.67,45.0
2022-01-27,APAC,Home & Garden,580.56,179.34,28.0
2022-10-18,Middle East,Sports,2566.91,462.32,45.0
2023-03-30,Middle East,Electronics,1058.02,367.53,2.0
2022-05-22,APAC,Apparel,13473.87,3135.55,41.0
2022-08-09,Middle East,Home & Garden,3186.82,542.24,16.0
2024-12-25,APAC,Food & Beverage,14660.41,,34.0
2022-12-11,Middle East,Sports,6928.41,1181.34,47.0
2024-12-02,APAC,Beauty,15370.95,5344.17,36.0
2023-07-22,North America,Beauty,4587.7,1052.22,24.0
2023-07-04,Middle East,Beauty,3893.27,1044.54,13.0
2023-12-17,EMEA,Home & Garden,1152.17,281.1,26.0
2024-07-03,EMEA,Apparel,21193.39,7574.46,47.0
2024-02-21,North America,Sports,2552.44,836.1,13.0
2022-02-02,APAC,Home & Garden,456.97,152.03,7.0
2024-07-27,Middle East,Food & Beverage,7628.77,1694.26,26.0
2024-06-15,LATAM,Electronics,8650.31,1054.87,37.0
2024-03-27,EMEA,Sports,22247.17,2482.24,46.0
2023-05-21,Middle East,Sports,2651.62,147.09,21.0
2022-06-23,EMEA,Electronics,948.49,315.13,7.0
2023-02-23,LATAM,Food & Beverage,22659.79,7641.95,47.0
2023-05-21,North America,Food & Beverage,12135.0,1289.1,34.0
2023-01-07,LATAM,Food & Beverage,6824.69,722.79,39.0
2023-07-06,North America,Beauty,,749.88,29.0
2024-11-10,Middle East,Electronics,4314.58,902.27,19.0
2022-08-27,Middle East,Apparel,9367.81,1768.78,36.0
2022-12-18,North America,Apparel,2624.48,720.12,31.0
2022-03-26,LATAM,Food & Beverage,2070.32,664.17,12.0
2022-02-19,EMEA,Beauty,12966.04,1316.41,36.0
2023-06-19,Middle East,Electronics,1706.99,289.62,29.0
2022-11-05,EMEA,Beauty,10749.24,1137.44,27.0
2022-07-27,LATAM,Food & Beverage,7300.17,2530.2,41.0
2023-08-31,Middle East,Beauty,9474.23,2274.98,26.0
2023-10-25,Middle East,Beauty,1883.68,547.32,16.0
2024-06-20,Middle East,Apparel,510.91,192.76,2.0
2022-05-13,APAC,Electronics,644.99,241.69,4.0
2023-01-06,Middle East,Sports,6001.74,1481.95,18.0
2023-07-18,EMEA,Electronics,9883.75,2260.42,23.0
2022-07-25,LATAM,Home & Garden,654.2,111.91,6.0
2022-07-30,North America,Sports,8427.65,3151.64,21.0
2022-07-31,APAC,Food & Beverage,1227.37,209.35,25.0
2024-01-31,LATAM,Beauty,7291.12,2654.22,44.0
2023-12-11,APAC,Electronics,342.01,34.55,3.0
2023-06-25,LATAM,Electronics,12380.87,2402.34,47.0
2024-01-24,APAC,Apparel,10631.74,3974.11,27.0
2023-05-26,EMEA,Electronics,2177.51,726.41,27.0
2024-12-04,LATAM,Sports,5449.12,979.3,31.0
2024-06-16,LATAM,Food & Beverage,2449.56,788.75,17.0
2022-01-02,North America,Electronics,3908.33,389.76,39.0
2024-10-23,EMEA,Sports,215.56,42.44,1.0
2024-03-03,APAC,Home & Garden,18603.16,5080.98,44.0
2022-10-04,North America,Sports,11557.59,3634.11,42.0
2023-11-03,North America,Electronics,12749.85,3216.64,40.0
2024-12-05,Middle East,Food & Beverage,4837.9,1766.79,20.0
2023-05-01,APAC,Food & Beverage,2078.16,299.16,25.0
2022-01-16,EMEA,Electronics,13554.97,2161.05,
2023-03-16,LATAM,Sports,19295.9,5812.6,44.0
2024-07-19,Middle East,Electronics,8822.02,464.78,23.0
2024-02-16,North America,Sports,1643.23,313.23,31.0
2023-05-18,EMEA,Sports,11912.5,4274.53,28.0
2024-01-29,Middle East,Electronics,7087.74,1103.19,34.0
2024-12-17,Middle East,Beauty,8037.71,809.73,
2024-12-04,EMEA,Beauty,9558.21,839.23,38.0
2023-09-05,North America,Apparel,3292.09,737.3,12.0
2022-09-04,LATAM,Home & Garden,5335.54,966.18,12.0
2024-10-06,North America,Beauty,1759.24,257.49,8.0
2022-05-03,APAC,Sports,609.48,218.03,11.0
2024-01-30,North America,Home & Garden,13396.96,1242.04,35.0
2022-02-02,APAC,Electronics,1698.4,455.94,11.0
2022-12-30,Middle East,Beauty,5103.48,438.2,35.0
2022-08-14,APAC,Electronics,21845.9,7071.56,49.0
2024-10-06,North America,Home & Garden,10790.6,2877.25,37.0
2024-03-31,Middle East,Food & Beverage,5019.48,,13.0
2024-01-12,LATAM,Electronics,2688.87,781.03,12.0
2022-01-06,EMEA,Apparel,3262.66,1003.8,13.0
2022-05-24,APAC,Beauty,1540.89,400.34,4.0
2024-03-17,North America,Home & Garden,6458.86,504.5,16.0
2022-05-21,LATAM,Electronics,15296.39,4070.36,32.0
2022-12-26,LATAM,Beauty,1522.05,203.52,15.0
2022-10-21,Middle East,Home & Garden,2073.87,399.41,6.0
2024-11-17,Middle East,Apparel,417.81,61.77,8.0
2022-01-16,Middle East,Apparel,7874.32,2051.67,43.0
2024-04-19,APAC,Apparel,19512.26,6199.92,49.0
2022-03-07,EMEA,Sports,20065.02,3264.76,42.0
2024-06-29,Middle East,Food & Beverage,10262.18,3581.99,
2023-09-06,North America,Electronics,3342.33,1156.07,32.0
2023-11-02,Middle East,Food & Beverage,10009.34,1600.45,48.0
2024-11-11,North America,Sports,1566.53,496.97,32.0
2024-03-03,LATAM,Food & Beverage,3238.34,201.28,13.0
2022-05-04,Middle East,Sports,5117.86,515.38,19.0
2023-04-11,APAC,Apparel,15031.25,2978.28,47.0
2022-04-06,Middle East,Food & Beverage,2932.01,152.59,6.0
2024-05-17,North America,Apparel,5969.56,1149.18,26.0
2022-03-31,EMEA,Beauty,10738.3,3229.19,32.0
2022-01-17,Middle East,Sports,4058.29,317.16,20.0
2022-06-18,LATAM,Food & Beverage,19754.33,7377.51,48.0
2023-07-20,LATAM,Home & Garden,561.08,194.05,
2022-05-01,Middle East,Sports,18438.25,6521.88,36.0
2023-10-15,EMEA,Home & Garden,5733.71,548.13,45.0
2022-10-22,APAC,Electronics,1773.57,357.44,19.0
2023-08-08,North America,Home & Garden,1567.75,495.26,11.0
2024-05-09,Middle East,Electronics,2345.3,818.57,26.0
2023-02-20,North America,Sports,3731.44,385.74,8.0
2024-12-31,APAC,Beauty,4273.07,537.12,19.0
2022-02-02,APAC,Beauty,12789.16,4414.62,48.0
2024-12-02,North America,Food & Beverage,5130.12,1906.21,37.0
2022-07-18,LATAM,Apparel,9661.85,1695.67,26.0
2022-09-29,Middle East,Beauty,7602.27,2283.7,47.0
2023-10-20,APAC,Electronics,15719.61,1362.27,44.0
2022-04-24,North America,Food & Beverage,9520.19,3580.39,45.0
2023-11-07,LATAM,Beauty,694.0,218.95,9.0
2023-05-24,EMEA,Home & Garden,2311.56,602.07,17.0
2024-07-27,Middle East,Apparel,6276.42,538.31,29.0
2022-05-13,Middle East,Sports,14605.61,1390.62,46.0
2023-12-09,North America,Beauty,8072.81,2696.47,16.0
2024-02-01,Middle East,Apparel,950.36,262.78,30.0
2024-09-09,EMEA,Sports,6692.29,2509.69,17.0
2023-11-18,APAC,Sports,760.72,215.7,14.0
2023-09-14,North America,Sports,1900.76,580.31,41.0
2024-12-17,LATAM,Food & Beverage,1190.59,119.65,45.0
2023-03-01,LATAM,Food & Beverage,20353.9,3142.56,47.0
2024-08-02,APAC,Beauty,3205.73,242.42,9.0
2022-02-12,EMEA,Sports,16519.5,4199.98,40.0
2022-12-07,EMEA,Apparel,8268.73,868.18,24.0
2024-06-08,North America,Apparel,19000.29,2369.72,47.0
2023-12-11,LATAM,Apparel,9102.21,2054.19,39.0
2024-04-11,LATAM,Electronics,7934.71,,44.0
2024-07-22,Middle East,Food & Beverage,10279.42,538.99,44.0
2024-08-29,LATAM,Sports,9543.59,1180.16,21.0
2024-07-20,LATAM,Electronics,3394.75,279.01,10.0
2022-11-23,Middle East,Electronics,13625.17,4393.37,
2023-07-11,Middle East,Sports,3357.66,888.7,8.0
2024-09-04,LATAM,Beauty,1882.5,574.11,41.0
2023-12-04,Middle East,Home & Garden,1418.16,303.83,4.0
2022-10-22,North America,Food & Beverage,2114.16,463.9,27.0
2022-03-05,APAC,Sports,4883.31,1550.5,33.0
2024-05-05,LATAM,Sports,10184.75,3103.43,25.0
2023-07-23,North America,Sports,3430.84,339.08,49.0
2023-09-19,Middle East,Sports,18832.36,6054.38,47.0
2023-06-05,Middle East,Home & Garden,3095.05,1052.3,26.0
2024-06-15,LATAM,Sports,342.76,64.04,8.0
2024-12-20,LATAM,Electronics,2153.09,152.91,5.0
2023-10-05,Middle East,Apparel,486.41,118.67,19.0
2024-01-01,EMEA,Beauty,14394.23,4686.0,27.0
2023-12-17,LATAM,Home & Garden,16716.3,2931.27,44.0
2024-11-13,APAC,Sports,18370.16,1182.83,39.0
2024-05-11,North America,Home & Garden,7648.08,2108.2,49.0
2024-09-23,LATAM,Sports,15558.1,3435.03,49.0
2024-02-26,EMEA,Home & Garden,232.94,76.1,19.0
2024-05-22,APAC,Electronics,2872.06,218.19,36.0
2024-06-01,APAC,Food & Beverage,13295.77,2769.19,35.0
2024-02-17,North America,Electronics,12832.95,1471.87,34.0
2023-11-05,LATAM,Apparel,14443.14,1421.72,29.0
2023-02-22,Middle East,Electronics,9769.45,2918.84,26.0
2024-09-15,APAC,Electronics,2301.37,341.97,13.0
2022-03-18,North America,Food & Beverage,881.55,308.65,26.0
2023-06-12,APAC,Home & Garden,17782.03,3377.44,36.0
2023-06-11,APAC,Beauty,11147.68,3583.45,44.0
2024-06-16,LATAM,Food & Beverage,776.83,90.61,5.0
2022-11-08,APAC,Electronics,15445.45,4888.44,37.0
2023-05-11,EMEA,Food & Beverage,671.55,92.03,10.0
2024-12-29,Middle East,Home & Garden,4283.59,475.69,18.0
2024-04-06,EMEA,Apparel,9607.85,1302.17,43.0
2023-08-25,APAC,Sports,11830.74,3654.35,49.0
2023-10-01,North America,Home & Garden,7387.83,559.22,24.0
2024-06-19,EMEA,Home & Garden,12080.62,3004.05,32.0
2024-11-18,APAC,Food & Beverage,16257.27,3712.29,35.0
2023-09-03,APAC,Electronics,10785.32,2553.98,43.0
2024-12-07,EMEA,Beauty,5272.56,1326.39,16.0
2022-09-28,North America,Home & Garden,15298.37,4627.4,39.0
2024-06-22,LATAM,Beauty,4157.87,367.95,44.0
2022-01-07,North America,Home & Garden,3251.54,369.38,14.0
2024-06-12,North America,Beauty,914.38,259.05,4.0
2023-03-02,LATAM,Apparel,9321.2,2156.44,21.0
2024-05-16,APAC,Electronics,5628.94,1175.37,29.0
2024-06-08,EMEA,Beauty,1192.77,119.4,17.0
2024-09-28,Middle East,Beauty,761.28,205.18,12.0
2024-11-01,EMEA,Apparel,3203.48,802.93,16.0
2022-07-10,LATAM,Sports,3866.84,549.02,43.0
2024-12-31,North America,Sports,3042.39,1082.87,42.0
2023-04-24,North America,Home & Garden,4632.24,1536.8,17.0
2024-04-13,EMEA,Food & Beverage,23581.18,6443.76,46.0
2024-05-06,North America,Sports,11116.53,1420.58,46.0
2024-06-18,North America,Home & Garden,613.64,34.52,2.0
2023-12-15,Middle East,Home & Garden,13562.34,3912.46,26.0
2022-01-03,North America,Electronics,17685.66,3757.97,37.0
2023-06-05,Middle East,Electronics,15961.51,1030.51,35.0
2022-04-22,APAC,Sports,14267.22,5406.6,48.0
2023-06-08,EMEA,Food & Beverage,4914.31,1162.37,34.0
2023-12-05,APAC,Apparel,10829.93,1450.84,31.0
2024-02-12,North America,Sports,7187.44,1384.89,16.0
2022-03-10,North America,Sports,1295.66,379.61,24.0
2023-12-27,North America,Beauty,505.99,169.61,3.0
2023-03-07,North America,Electronics,17983.98,4475.59,45.0
2024-03-10,Middle East,Apparel,10030.08,3762.96,48.0
2024-06-13,Middle East,Food & Beverage,2499.63,610.7,28.0
2024-09-26,EMEA,Home & Garden,9754.61,1706.41,32.0
2022-08-04,Middle East,Sports,6076.84,801.56,17.0
2022-10-05,North America,Beauty,15456.41,5864.21,44.0
2022-08-22,Middle East,Home & Garden,9373.43,2938.22,20.0
2022-03-25,LATAM,Food & Beverage,9445.86,3142.73,31.0
2024-12-15,North America,Sports,5363.95,1541.05,14.0
2022-11-04,LATAM,Sports,2599.75,513.16,32.0
2023-05-27,APAC,Apparel,9624.65,2093.35,41.0
2024-12-24,APAC,Electronics,7997.78,2932.27,29.0
2022-10-09,APAC,Home & Garden,17844.3,2252.62,33.0
2023-04-24,APAC,Beauty,1395.54,270.73,16.0
2023-07-02,EMEA,Home & Garden,1249.23,335.68,6.0
2024-02-23,Middle East,Apparel,6947.35,726.09,33.0
2022-04-27,Middle East,Sports,6598.91,2507.48,18.0
2022-06-26,LATAM,Food & Beverage,2241.14,271.6,15.0
2024-07-29,EMEA,Sports,2751.02,430.87,28.0
2022-05-24,LATAM,Food & Beverage,661.67,132.31,45.0
2023-03-14,EMEA,Food & Beverage,611.77,179.89,5.0
2023-02-06,LATAM,Food & Beverage,2445.11,907.87,10.0
2024-12-24,Middle East,Beauty,2133.32,453.65,4.0
2024-03-28,LATAM,Home & Garden,18359.2,4553.58,42.0
2024-03-17,EMEA,Beauty,17157.44,4932.22,
2024-09-25,LATAM,Food & Beverage,8152.03,662.99,24.0
2023-06-06,North America,Sports,17208.66,1783.56,44.0
2022-08-21,LATAM,Apparel,13513.24,2823.63,30.0
2024-04-02,LATAM,Apparel,699.58,209.3,16.0
2023-01-11,North America,Beauty,7140.17,1081.04,48.0
2024-07-11,LATAM,Beauty,11370.88,2340.62,34.0
2024-07-12,EMEA,Home & Garden,6188.68,680.54,28.0
2024-07-19,LATAM,Sports,8733.5,2677.55,23.0
2022-07-21,Middle East,Food & Beverage,4805.84,272.43,16.0
2023-03-24,North America,Apparel,11349.85,2868.32,43.0
2023-08-16,EMEA,Apparel,394.7,139.85,17.0
2023-09-16,EMEA,Beauty,794.57,258.92,2.0
2023-02-11,EMEA,Electronics,10364.64,3731.59,23.0
2023-07-26,LATAM,Home & Garden,14970.64,3831.4,37.0
2024-08-08,LATAM,Sports,231.74,47.76,4.0
2023-10-25,EMEA,Electronics,11875.2,4487.85,49.0
2024-01-10,APAC,Electronics,11351.18,2734.26,41.0
2024-01-13,North America,Food & Beverage,7465.03,2572.13,19.0
2024-02-15,LATAM,Beauty,12461.63,4555.37,47.0
2023-02-02,EMEA,Home & Garden,7708.64,1551.09,26.0
2024-07-14,Middle East,Food & Beverage,11561.14,2400.76,33.0
2022-05-27,North America,Beauty,5704.9,549.4,30.0
2022-01-27,Middle East,Apparel,942.6,273.39,3.0
2024-06-01,EMEA,Food & Beverage,21687.77,1509.07,44.0
2022-06-14,North America,Electronics,1757.27,463.03,20.0
2022-02-02,EMEA,Food & Beverage,378.64,111.49,1.0
2024-09-17,Middle East,Apparel,3312.31,329.78,33.0
2024-12-01,APAC,Beauty,5166.99,928.21,26.0
2023-05-15,Middle East,Food & Beverage,19.65,6.18,1.0
2022-06-22,Middle East,Home & Garden,17313.38,5064.23,47.0
2024-07-22,APAC,Home & Garden,2933.3,820.43,9.0
2022-01-30,North America,Sports,13576.66,3093.73,31.0
2022-03-02,EMEA,Electronics,11616.19,3285.36,44.0
2022-10-26,Middle East,Food & Beverage,5061.7,966.22,30.0
2023-11-25,North America,Sports,57.84,5.12,2.0
2023-10-08,APAC,Beauty,4549.26,1592.72,16.0
2023-08-01,North America,Sports,5588.51,1714.46,18.0
2023-01-13,EMEA,Apparel,2035.48,228.72,5.0
2023-10-09,Middle East,Sports,366.93,64.39,2.0
2024-02-12,LATAM,Electronics,2319.25,243.93,34.0
2024-08-24,APAC,Beauty,2242.51,656.66,6.0
2023-10-21,Middle East,Electronics,1869.08,111.49,14.0
2024-07-18,LATAM,Electronics,1530.22,401.47,25.0
2022-07-01,North America,Sports,10161.32,3361.61,40.0
2023-05-07,LATAM,Beauty,14938.55,5338.4,47.0
2024-08-17,Middle East,Beauty,4369.83,543.25,49.0
2024-01-30,Middle East,Home & Garden,1448.62,453.59,18.0
2024-02-29,Middle East,Electronics,1073.36,271.73,24.0
2024-10-17,Middle East,Beauty,5460.68,923.46,
2023-07-18,Middle East,Electronics,20627.72,4083.97,44.0
2024-02-03,North America,Food & Beverage,6171.83,2324.5,25.0
2023-02-10,North America,Food & Beverage,16178.78,1328.68,39.0
2022-12-23,EMEA,Food & Beverage,16610.92,4130.4,48.0
2024-12-14,LATAM,Sports,20405.38,3345.16,43.0
2022-12-02,Middle East,Apparel,73.98,22.01,1.0
2022-10-30,Middle East,Sports,6658.81,1225.65,21.0
2023-05-24,EMEA,Food & Beverage,9314.43,540.34,22.0
2022-09-25,EMEA,Beauty,848.53,201.42,12.0
2023-04-21,APAC,Food & Beverage,16497.99,2059.2,33.0
2023-03-26,LATAM,Apparel,17310.17,6109.01,43.0
2024-08-23,EMEA,Sports,9171.92,1284.33,32.0
2022-06-25,EMEA,Electronics,1392.49,99.77,4.0
2024-04-13,LATAM,Sports,3261.43,1099.96,42.0
2023-07-13,APAC,Beauty,608.0,220.13,11.0
2024-03-02,Middle East,Food & Beverage,599.42,158.7,24.0
2022-09-05,North America,Sports,5248.54,763.91,12.0
2023-03-05,Middle East,Electronics,20696.7,1117.52,43.0
2023-04-22,North America,Apparel,4278.26,223.43,21.0
2023-01-24,Middle East,Food & Beverage,3354.24,277.78,36.0
2022-09-18,North America,Home & Garden,7058.97,1695.82,23.0
2023-11-25,North America,Electronics,638.99,230.84,4.0
2022-05-26,LATAM,Beauty,653.42,239.87,28.0
2023-03-02,APAC,Apparel,18436.78,4546.63,42.0
2022-04-12,North America,Apparel,688.84,39.97,2.0
2022-12-07,APAC,Electronics,772.48,291.68,4.0
2023-09-14,North America,Beauty,16692.13,1549.37,39.0
2022-12-20,North America,Sports,4387.17,1637.77,30.0
2023-01-21,Middle East,Apparel,4959.87,801.1,18.0
2024-03-05,APAC,Home & Garden,2512.97,216.01,13.0
2022-07-21,North America,Electronics,7088.5,780.94,36.0
2023-05-21,Middle East,Beauty,9118.14,3413.84,30.0
2022-02-09,North America,Sports,4130.68,461.48,31.0
2022-12-10,LATAM,Sports,1745.47,312.86,46.0
2022-06-28,North America,Food & Beverage,5911.06,1546.03,34.0
2024-04-26,Middle East,Beauty,406.85,78.38,9.0
2024-05-11,APAC,Sports,759.72,93.49,9.0
2023-11-08,EMEA,Apparel,8779.31,966.03,21.0
2023-10-03,Middle East,Sports,5950.22,1612.98,13.0
2024-09-12,LATAM,Apparel,1554.54,270.11,18.0
2024-01-24,EMEA,Home & Garden,4757.52,1291.91,46.0
2022-10-08,LATAM,Sports,9429.62,3556.01,21.0
2022-04-10,EMEA,Electronics,1927.23,704.52,20.0
2023-01-16,EMEA,Home & Garden,18073.14,3312.86,45.0
2022-10-16,APAC,Electronics,5588.41,1596.88,35.0
2024-02-16,APAC,Electronics,6374.79,1909.29,16.0
2024-11-04,Middle East,Sports,522.88,89.0,2.0
2023-04-13,North America,Home & Garden,1406.1,84.09,40.0
2022-09-26,EMEA,Electronics,4431.26,1067.39,13.0
2023-11-24,APAC,Sports,7028.2,2097.84,19.0
2022-12-19,EMEA,Apparel,4335.46,1404.28,18.0
2024-12-19,LATAM,Apparel,1339.52,359.2,42.0
2024-11-13,North America,Home & Garden,6243.3,1138.76,14.0
2024-11-25,APAC,Sports,5854.38,,16.0
2024-12-02,LATAM,Apparel,12364.15,2264.03,
2023-10-17,APAC,Electronics,10245.45,3486.88,33.0
2024-12-21,EMEA,Apparel,1099.74,346.35,
2022-04-25,Middle East,Sports,2011.86,233.79,10.0
2024-09-09,APAC,Sports,1412.41,172.26,6.0
2022-07-15,North America,Beauty,11026.45,2457.76,26.0
2024-07-03,Middle East,Home & Garden,13847.84,2112.89,39.0
2024-02-22,North America,Sports,8025.89,1927.42,37.0
2023-02-03,North America,Beauty,6675.61,1714.25,30.0
2022-01-09,APAC,Apparel,2171.99,,6.0
2023-05-01,Middle East,Electronics,2246.44,529.65,
2023-04-10,North America,Food & Beverage,14384.96,5070.91,33.0
2022-06-20,APAC,Apparel,3991.23,682.4,24.0
2023-03-11,EMEA,Beauty,5712.88,338.87,44.0
2023-02-13,LATAM,Sports,6442.79,2244.74,16.0
2024-02-08,North America,Beauty,9455.33,853.45,35.0
2022-09-06,APAC,Food & Beverage,274.35,20.92,1.0
2022-01-07,LATAM,Food & Beverage,4507.57,1282.64,20.0
2023-11-10,EMEA,Apparel,1981.16,474.93,16.0
2024-09-28,APAC,Sports,3135.48,737.37,16.0
2023-05-07,EMEA,Sports,402.17,59.21,6.0
2023-10-07,APAC,Home & Garden,707.95,67.97,2.0
2024-03-22,Middle East,Home & Garden,2658.93,590.22,15.0
2023-11-15,Middle East,Electronics,2435.16,887.22,25.0
2024-11-21,APAC,Apparel,2154.77,428.82,14.0
2022-03-19,LATAM,Beauty,14482.03,776.99,46.0
2023-02-09,Middle East,Sports,10097.38,2793.08,36.0
2024-04-11,LATAM,Electronics,4875.14,1620.61,12.0
2024-12-28,APAC,Food & Beverage,133.42,24.61,11.0
2024-12-08,North America,Food & Beverage,8916.9,1586.7,32.0
2023-04-24,Middle East,Electronics,3859.94,1139.31,35.0
2022-05-08,EMEA,Food & Beverage,10868.69,1143.59,32.0
2022-02-26,APAC,Apparel,4356.9,429.37,32.0
2024-04-24,APAC,Food & Beverage,285.98,99.19,1.0
2022-10-28,EMEA,Food & Beverage,6651.27,1669.43,27.0
2023-08-09,APAC,Food & Beverage,3375.21,1093.54,34.0
2023-07-10,LATAM,Home & Garden,7033.1,359.96,33.0
2023-08-29,EMEA,Sports,12454.93,1815.11,49.0
2022-03-18,North America,Sports,1168.63,329.44,6.0
2024-11-25,Middle East,Apparel,4223.56,1106.36,29.0
2022-05-08,North America,Apparel,38.87,14.68,1.0
2023-04-01,North America,Sports,15988.14,5137.22,29.0
2022-12-28,North America,Food & Beverage,9811.82,1661.03,22.0
2023-11-07,North America,Food & Beverage,10239.47,2852.48,19.0
2024-12-29,EMEA,Sports,3587.76,942.41,17.0
2022-12-30,LATAM,Beauty,8975.96,1372.44,43.0
2022-01-26,North America,Apparel,9409.41,1836.71,45.0
2024-02-09,APAC,Electronics,5389.24,1208.66,14.0
2022-05-25,Middle East,Apparel,2833.94,719.88,35.0
2023-03-28,Middle East,Apparel,457.98,160.34,2.0
2022-07-18,LATAM,Home & Garden,1333.19,161.33,9.0
2023-08-06,Middle East,Apparel,6303.67,902.86,33.0
2023-04-21,EMEA,Food & Beverage,6084.49,1937.46,23.0
2023-03-27,LATAM,Home & Garden,18096.38,5115.09,46.0
2023-04-20,Middle East,Home & Garden,8199.36,1701.56,29.0
2022-01-19,LATAM,Beauty,7209.22,1596.3,26.0
2022-03-25,EMEA,Food & Beverage,13468.53,4152.4,37.0
2024-09-08,LATAM,Electronics,9464.82,,45.0
2022-11-09,Middle East,Sports,4591.64,1697.72,28.0
2024-04-12,North America,Sports,11399.11,2676.73,46.0
2022-08-31,Middle East,Beauty,508.7,48.89,5.0
2023-09-26,LATAM,Apparel,613.0,171.92,5.0
2023-07-18,APAC,Food & Beverage,15613.75,5131.14,41.0
2023-06-01,EMEA,Food & Beverage,6161.63,424.45,36.0
2024-12-12,APAC,Beauty,637.89,226.39,16.0
2024-03-12,LATAM,Home & Garden,5828.08,880.52,47.0
2022-11-05,APAC,Apparel,12716.1,3242.33,37.0
2023-03-04,Middle East,Home & Garden,5362.56,1739.65,32.0
2022-08-02,Middle East,Food & Beverage,7668.98,2021.87,25.0
2022-05-03,EMEA,Food & Beverage,8991.93,1020.76,22.0
2023-03-07,LATAM,Apparel,6195.33,711.72,25.0
2024-12-10,Middle East,Beauty,21279.12,3989.17,41.0
2022-06-22,LATAM,Beauty,3718.74,1364.51,28.0
2024-04-27,APAC,Food & Beverage,1687.51,138.12,23.0
2023-12-23,APAC,Food & Beverage,2982.82,1073.04,32.0
2024-12-02,LATAM,Apparel,9317.73,3140.17,24.0
2023-08-07,Middle East,Sports,7870.53,1712.26,43.0
2023-03-29,LATAM,Food & Beverage,7294.48,644.14,49.0
2022-07-19,LATAM,Home & Garden,11367.56,1969.56,
2022-11-04,Middle East,Apparel,10832.92,3115.79,27.0
2022-02-07,APAC,Food & Beverage,1897.04,,12.0
2024-03-03,EMEA,Home & Garden,6866.99,2215.37,28.0
2022-04-05,APAC,Food & Beverage,9294.52,1456.95,21.0
2022-08-16,APAC,Home & Garden,4912.65,1866.34,28.0
2023-08-21,LATAM,Food & Beverage,1357.71,108.07,3.0
2024-02-29,EMEA,Food & Beverage,9153.76,632.02,
2024-03-27,APAC,Food & Beverage,3793.15,987.51,15.0
2023-01-27,Middle East,Electronics,7679.79,2643.93,40.0
2022-10-18,APAC,Home & Garden,1505.22,544.38,6.0
2023-08-11,LATAM,Electronics,6885.41,2043.54,19.0
2023-01-06,LATAM,Sports,11535.07,1961.14,31.0
2023-01-08,LATAM,Electronics,18575.8,1747.69,49.0
2024-03-31,EMEA,Food & Beverage,5983.85,1775.26,32.0
2022-07-27,North America,Home & Garden,6214.2,1947.29,26.0
2024-02-18,LATAM,Electronics,5176.55,1023.82,22.0
2023-02-22,EMEA,Apparel,7700.91,1271.79,31.0
2023-09-19,Middle East,Sports,3664.23,220.46,19.0
2023-07-23,LATAM,Apparel,3063.33,942.99,34.0
2023-05-12,EMEA,Sports,7827.58,605.09,30.0
2024-12-06,LATAM,Apparel,2754.75,552.3,33.0
2024-12-27,Middle East,Apparel,4158.07,1356.27,36.0
2022-09-21,Middle East,Sports,13141.78,1112.54,48.0
2024-02-25,LATAM,Sports,17313.82,1201.99,32.0
2023-03-26,LATAM,Beauty,996.5,357.72,31.0
2023-02-08,Middle East,Home & Garden,99.7,7.44,1.0
2022-06-30,Middle East,Food & Beverage,2851.87,267.54,6.0
2022-05-26,APAC,Apparel,5654.48,537.26,33.0
2022-12-23,Middle East,Beauty,10571.14,1911.53,27.0
2024-05-06,APAC,Beauty,13258.99,1823.4,35.0
2022-03-09,EMEA,Apparel,12322.55,1076.65,30.0
2024-01-07,Middle East,Apparel,224.25,59.64,4.0
2023-09-10,EMEA,Beauty,3911.75,221.91,34.0
2023-03-22,APAC,Sports,5398.65,846.04,31.0
2023-02-03,LATAM,Beauty,1130.86,219.41,38.0
2022-11-20,EMEA,Beauty,1213.39,172.06,3.0
2024-10-23,Middle East,Sports,2334.68,721.49,42.0
2022-12-09,Middle East,Electronics,3930.72,906.19,10.0
2023-11-13,North America,Sports,2153.28,727.14,49.0
2024-05-18,North America,Sports,7526.31,1852.85,22.0
2022-01-29,EMEA,Apparel,11364.87,3595.32,32.0
2024-07-22,Middle East,Home & Garden,12056.18,2462.82,48.0
2023-05-08,APAC,Apparel,7858.49,2213.23,43.0
2023-04-15,North America,Apparel,10296.69,591.45,40.0
2023-04-27,LATAM,Beauty,2674.49,911.66,6.0
2022-10-09,North America,Apparel,11865.56,2584.14,28.0
2023-03-06,LATAM,Home & Garden,13405.69,883.7,43.0
2024-05-30,EMEA,Beauty,14816.13,3288.99,39.0
2023-02-15,Middle East,Food & Beverage,1154.04,259.35,6.0
2022-12-21,North America,Food & Beverage,1229.85,112.22,17.0
2024-12-24,LATAM,Food & Beverage,16507.38,3005.16,37.0
2022-07-27,LATAM,Beauty,329.68,69.47,2.0
2024-04-14,LATAM,Beauty,2726.77,587.46,31.0
2023-05-21,Middle East,Sports,1498.06,193.4,11.0
2022-10-29,EMEA,Sports,831.74,179.57,12.0
2023-02-25,APAC,Apparel,1377.06,338.81,28.0
2022-03-16,LATAM,Electronics,2042.03,179.8,9.0
2023-03-02,APAC,Home & Garden,748.35,89.24,3.0
2024-07-12,LATAM,Home & Garden,14307.86,1264.1,38.0
2024-09-07,EMEA,Beauty,3668.02,1145.47,11.0
2022-08-25,EMEA,Sports,11143.34,617.5,39.0
2022-03-26,Middle East,Food & Beverage,1737.73,162.28,24.0
2023-02-07,APAC,Sports,703.51,150.87,8.0
2023-04-22,LATAM,Food & Beverage,4026.09,423.62,43.0
2022-06-06,LATAM,Sports,7129.9,,44.0
2023-08-22,North America,Electronics,193.9,69.23,1.0
2024-07-09,APAC,Sports,3969.94,832.74,45.0
2022-03-19,APAC,Electronics,3980.2,244.09,9.0
2024-11-20,APAC,Beauty,21405.37,1227.52,46.0
2023-07-21,Middle East,Beauty,3903.18,1324.57,36.0
2024-06-13,LATAM,Sports,968.9,235.93,22.0
2024-08-31,LATAM,Home & Garden,83.52,15.29,4.0
2024-09-22,North America,Beauty,7615.2,2475.69,16.0
2022-05-26,LATAM,Beauty,1119.32,256.71,3.0
2022-08-31,EMEA,Home & Garden,10065.42,3626.91,43.0
2022-02-24,Middle East,Apparel,7962.68,3023.36,48.0
2022-11-07,Middle East,Home & Garden,12985.0,3068.73,38.0
2022-08-31,APAC,Sports,1167.52,158.8,40.0
2023-08-03,EMEA,Electronics,6331.64,1209.21,13.0
2023-01-08,APAC,Electronics,11760.35,2308.49,31.0
2023-02-11,LATAM,Electronics,2286.43,317.02,8.0
2023-07-23,LATAM,Sports,8891.19,1916.11,35.0
2024-10-27,APAC,Food & Beverage,22032.31,4142.43,45.0
2022-06-10,APAC,Beauty,9238.81,1964.31,22.0
2024-04-22,EMEA,Electronics,4843.31,599.52,12.0
2024-04-11,EMEA,Electronics,249.05,38.26,5.0
2022-05-18,EMEA,Sports,13417.82,1699.24,29.0
2024-04-13,LATAM,Home & Garden,3992.46,933.8,21.0
2024-10-01,LATAM,Sports,9916.31,2853.26,45.0
2024-05-13,LATAM,Electronics,9349.74,1916.31,34.0
2024-06-03,EMEA,Beauty,30.97,6.71,2.0
2024-06-29,EMEA,Electronics,10160.59,1894.23,43.0
2024-02-25,North America,Electronics,3173.58,798.64,11.0
2022-05-11,APAC,Food & Beverage,19063.51,6171.79,44.0
2023-04-14,EMEA,Food & Beverage,4436.88,1427.95,30.0
2024-10-17,Middle East,Sports,1595.16,397.47,11.0
2024-05-21,EMEA,Home & Garden,9575.99,1033.17,38.0
2022-05-30,LATAM,Home & Garden,7029.71,842.69,17.0
2024-04-03,North America,Food & Beverage,1607.31,263.92,34.0
2024-09-13,APAC,Apparel,7743.9,2853.31,26.0
2024-02-06,Middle East,Food & Beverage,1051.58,295.44,15.0
2023-04-18,North America,Apparel,13812.43,3615.01,36.0
2022-06-27,EMEA,Home & Garden,4129.78,478.6,8.0
2023-01-01,LATAM,Food & Beverage,1036.77,170.21,4.0
2024-05-16,Middle East,Home & Garden,3099.43,537.23,24.0
2022-07-20,APAC,Sports,3081.89,812.36,18.0
2022-07-11,APAC,Sports,347.78,68.05,6.0
2023-03-17,Middle East,Beauty,9666.87,1024.0,38.0
2024-03-18,LATAM,Apparel,14820.49,,41.0
2022-03-18,EMEA,Food & Beverage,2402.26,689.42,10.0
2024-06-30,North America,Beauty,6432.02,828.39,46.0
2023-04-03,North America,Home & Garden,10564.92,2305.12,34.0
2022-07-17,APAC,Sports,17387.49,6081.24,49.0
2024-09-21,EMEA,Beauty,7774.69,2481.65,22.0
2024-01-11,Middle East,Electronics,7557.12,2654.29,47.0
2023-10-14,EMEA,Sports,3281.24,514.88,11.0
2022-08-06,North America,Home & Garden,1291.09,129.04,20.0
2024-07-15,EMEA,Sports,18808.44,5030.22,47.0
2023-07-18,LATAM,Home & Garden,10968.7,913.74,48.0
2022-09-25,LATAM,Beauty,15141.67,2884.55,35.0
2023-01-13,Middle East,Electronics,8831.68,3214.22,19.0
2023-11-19,LATAM,Electronics,8513.34,2204.22,19.0
2024-07-16,North America,Food & Beverage,8342.89,1359.15,38.0
2022-06-13,APAC,Home & Garden,21941.28,6070.71,48.0
2023-04-12,North America,Apparel,1590.62,445.76,9.0
2023-01-23,North America,Sports,733.38,122.26,39.0
2022-03-06,LATAM,Beauty,570.99,56.24,12.0
2023-06-30,LATAM,Food & Beverage,4176.06,437.93,14.0
2023-01-21,Middle East,Home & Garden,9861.94,3552.96,32.0
2022-02-21,EMEA,Electronics,12187.35,1994.74,37.0
2022-10-14,Middle East,Food & Beverage,792.38,182.76,2.0
2024-07-19,EMEA,Electronics,8871.3,1819.95,21.0
2024-07-03,North America,Sports,740.98,241.11,8.0
2022-01-28,Middle East,Food & Beverage,7657.2,1065.19,27.0
2023-08-11,Middle East,Beauty,9897.41,3158.79,40.0
2022-03-04,North America,Electronics,7089.79,1212.21,26.0
2024-04-25,LATAM,Home & Garden,15736.51,2759.55,37.0
2023-04-12,APAC,Food & Beverage,21140.87,7113.2,40.0
2022-11-27,Middle East,Sports,4546.46,1715.55,
2024-05-08,EMEA,Food & Beverage,1265.57,471.25,43.0
2024-07-08,APAC,Home & Garden,11469.91,742.99,40.0
2022-02-12,LATAM,Food & Beverage,4701.23,1204.07,26.0
2023-07-27,Middle East,Electronics,16138.55,886.42,35.0
2022-04-08,EMEA,Electronics,2197.86,803.39,10.0
2024-10-08,APAC,Food & Beverage,16083.5,3825.56,39.0
2023-03-12,APAC,Sports,660.92,230.15,3.0
2023-01-09,North America,Electronics,2694.52,592.53,39.0
2023-01-11,LATAM,Sports,354.26,93.4,21.0
2024-07-27,EMEA,Sports,6904.14,662.13,44.0
2022-07-25,Middle East,Apparel,1544.21,142.41,24.0
2022-10-11,Middle East,Beauty,15052.09,2602.03,36.0
2023-03-08,Middle East,Sports,9399.74,3364.85,47.0
2023-07-07,LATAM,Home & Garden,11974.69,2667.39,31.0
2022-03-25,APAC,Electronics,20355.12,1182.62,49.0
2023-06-13,Middle East,Electronics,2490.01,307.8,7.0
2022-06-10,EMEA,Electronics,1422.61,177.95,18.0
2022-03-13,EMEA,Apparel,11364.85,840.52,43.0
2022-01-24,North America,Beauty,11067.55,2396.88,31.0
2022-01-22,APAC,Electronics,11745.36,3959.77,23.0
2024-05-18,North America,Apparel,22036.18,4004.86,47.0
2023-10-05,Middle East,Sports,8108.97,2941.35,21.0
2023-07-04,LATAM,Sports,2941.35,458.1,32.0
2023-11-08,LATAM,Sports,13105.81,888.99,33.0
2022-10-20,LATAM,Electronics,857.47,181.62,12.0
2024-08-23,Middle East,Apparel,244.62,84.5,18.0
2022-07-01,APAC,Apparel,5982.45,717.33,20.0
2023-04-07,Middle East,Beauty,6686.34,538.73,25.0
2023-12-13,LATAM,Food & Beverage,410.47,63.65,1.0
2023-09-11,EMEA,Beauty,371.52,,5.0
2022-08-19,Middle East,Food & Beverage,3367.41,1261.95,20.0
2024-11-21,APAC,Beauty,1882.14,555.83,23.0
2023-02-20,EMEA,Electronics,2099.49,431.96,44.0
2024-12-31,North America,Food & Beverage,6021.04,1079.78,11.0
2024-07-22,Middle East,Electronics,693.23,111.2,13.0
2024-11-10,EMEA,Food & Beverage,2607.74,831.17,6.0
2023-08-27,LATAM,Home & Garden,18399.64,2415.65,46.0
2023-06-07,EMEA,Electronics,3708.86,279.68,17.0
2022-09-23,Middle East,Electronics,3218.5,517.01,33.0
2023-06-03,EMEA,Sports,13418.95,4911.85,33.0
2022-12-04,Middle East,Apparel,1324.28,314.76,28.0
2022-06-16,North America,Food & Beverage,3321.33,304.92,22.0
2023-02-01,North America,Home & Garden,3201.13,768.12,44.0
2022-02-02,APAC,Electronics,16069.18,4592.91,36.0
2023-07-15,APAC,Beauty,5582.47,807.68,
2022-04-21,EMEA,Beauty,8269.42,1283.93,44.0
2024-12-17,EMEA,Home & Garden,719.78,156.89,11.0
2024-01-03,North America,Electronics,2101.09,533.78,5.0
2022-09-10,LATAM,Food & Beverage,7734.84,,37.0
2023-03-18,North America,Home & Garden,8829.14,2071.51,48.0
2022-09-04,Middle East,Electronics,11019.91,1173.62,42.0
2023-12-30,LATAM,Electronics,15976.39,887.76,36.0
2024-07-09,LATAM,Electronics,720.26,63.39,6.0
2023-07-03,EMEA,Apparel,11202.89,1214.73,24.0
2024-07-29,North America,Electronics,538.75,102.89,3.0
2022-08-29,EMEA,Apparel,9263.3,2315.55,23.0
2023-04-07,APAC,Apparel,2073.79,715.09,7.0
2023-06-08,EMEA,Sports,5431.45,410.61,15.0
2024-09-30,North America,Electronics,1709.58,248.24,42.0
2022-07-05,APAC,Electronics,299.2,24.47,28.0
2023-01-22,Middle East,Electronics,234.32,17.8,20.0
2022-05-04,LATAM,Electronics,13658.72,2070.53,36.0
2024-11-17,LATAM,Electronics,7849.16,2903.41,24.0
2023-11-13,LATAM,Beauty,1344.51,346.57,
2024-09-17,EMEA,Sports,3207.78,387.59,39.0
2024-04-22,North America,Food & Beverage,13781.17,4897.24,28.0
2024-06-16,North America,Electronics,4759.57,591.3,44.0
2022-04-07,EMEA,Home & Garden,140.33,21.66,1.0
2022-08-07,APAC,Electronics,2285.62,661.84,43.0
2024-01-10,APAC,Sports,5518.71,872.17,18.0
2023-11-27,LATAM,Sports,16202.84,3507.06,49.0
2022-07-05,Middle East,Food & Beverage,4360.41,236.48,43.0
2023-02-14,APAC,Home & Garden,17165.11,1464.9,46.0
2022-06-25,LATAM,Electronics,8562.86,2250.73,42.0
2024-03-09,North America,Electronics,6504.75,571.28,21.0
2023-09-06,EMEA,Sports,460.34,101.67,5.0
2024-06-29,EMEA,Food & Beverage,18767.29,5965.27,42.0
2022-12-04,EMEA,Home & Garden,3511.43,607.42,14.0
2022-02-09,North America,Food & Beverage,1061.28,345.53,3.0
2024-03-16,EMEA,Food & Beverage,10370.74,2719.97,41.0
2022-07-13,EMEA,Electronics,10608.55,3214.14,34.0
2022-02-02,LATAM,Food & Beverage,6098.91,1988.1,49.0
2024-10-03,North America,Beauty,1995.55,353.42,37.0
2024-02-14,North America,Home & Garden,6662.89,2137.59,28.0
2024-05-27,EMEA,Food & Beverage,9277.48,,28.0
2024-05-31,EMEA,Home & Garden,12032.5,742.3,41.0
2023-10-15,LATAM,Food & Beverage,1398.13,202.8,3.0
2024-02-14,EMEA,Home & Garden,20595.93,7736.07,42.0
2022-07-12,APAC,Electronics,3708.83,1304.89,7.0
2022-03-10,LATAM,Apparel,1495.78,349.87,4.0
2022-04-15,Middle East,Apparel,20752.65,6239.02,46.0
2023-10-30,Middle East,Beauty,16953.84,2151.63,44.0
2024-03-24,LATAM,Electronics,15891.74,5333.94,34.0
2024-12-09,APAC,Beauty,16667.07,3756.44,37.0
2023-06-12,EMEA,Home & Garden,8334.22,1427.77,19.0
2024-03-30,LATAM,Apparel,16033.04,4357.9,47.0
2022-02-22,EMEA,Home & Garden,3118.63,257.7,14.0
2022-10-07,EMEA,Food & Beverage,1656.7,177.83,5.0
2023-09-17,LATAM,Home & Garden,14081.72,1921.56,38.0
2024-09-22,Middle East,Electronics,8649.14,3045.56,35.0
2024-02-12,APAC,Beauty,22692.18,1765.28,48.0
2022-07-01,LATAM,Beauty,2067.31,627.11,38.0
2024-05-27,APAC,Electronics,11656.1,1766.24,30.0
2023-11-27,LATAM,Apparel,3637.7,446.32,37.0
2022-05-25,APAC,Apparel,8107.43,997.44,48.0
2023-08-31,EMEA,Apparel,2801.17,334.13,24.0
2023-03-26,Middle East,Food & Beverage,10881.59,2868.29,40.0
2024-08-17,EMEA,Electronics,6543.47,2072.62,21.0
2024-03-12,APAC,Beauty,12223.94,2798.68,25.0
2022-10-08,LATAM,Home & Garden,4196.28,662.34,33.0
2024-06-12,Middle East,Beauty,1620.16,264.65,9.0
2023-08-05,LATAM,Food & Beverage,23793.14,7562.74,46.0
2023-02-17,APAC,Electronics,4255.52,944.09,23.0
2024-06-12,APAC,Electronics,14968.67,3127.08,47.0
2022-09-30,APAC,Sports,18323.06,5171.47,43.0
2023-01-09,LATAM,Food & Beverage,6765.19,1324.21,28.0
2024-08-02,EMEA,Home & Garden,4040.83,1067.07,19.0
2022-10-09,EMEA,Sports,3834.16,1354.13,14.0
2022-07-03,Middle East,Beauty,3935.18,1059.26,19.0
2023-09-17,EMEA,Sports,815.51,214.11,7.0
2022-05-31,Middle East,Home & Garden,7450.97,1575.25,19.0
2023-09-22,APAC,Home & Garden,10160.4,1495.81,24.0
2022-04-29,LATAM,Electronics,6063.2,499.08,17.0
2024-12-13,Middle East,Electronics,1753.12,461.86,9.0
2023-02-18,LATAM,Beauty,15116.74,1367.31,34.0
2023-10-04,North America,Home & Garden,17863.61,4657.87,39.0
2023-01-30,EMEA,Home & Garden,10808.04,3487.15,37.0
2023-08-19,North America,Apparel,2030.48,236.75,15.0
2024-02-23,North America,Sports,400.49,147.63,22.0
2022-12-13,North America,Sports,9808.57,1327.72,46.0
2024-10-10,North America,Beauty,6574.5,1498.88,
2024-10-07,LATAM,Home & Garden,9601.37,1126.32,32.0
2024-12-13,North America,Sports,,1333.22,42.0
2023-05-29,Middle East,Electronics,4783.48,1122.25,26.0
2023-03-18,EMEA,Apparel,2140.73,545.53,18.0
2023-01-09,EMEA,Electronics,9619.32,2871.31,23.0
2023-02-02,North America,Home & Garden,491.55,135.98,6.0
2024-07-25,EMEA,Food & Beverage,1544.6,144.69,22.0
2023-09-29,Middle East,Sports,12753.45,2991.69,43.0
2022-05-22,APAC,Food & Beverage,2067.97,291.84,8.0
2024-11-25,LATAM,Beauty,16279.44,1799.05,32.0
2022-10-09,North America,Electronics,5889.74,645.18,13.0
2022-11-05,LATAM,Sports,5631.77,1232.52,29.0
2022-01-31,EMEA,Food & Beverage,14734.1,745.27,36.0
2023-08-06,APAC,Beauty,3720.32,1376.88,26.0
2022-09-01,LATAM,Food & Beverage,9922.62,2131.58,31.0
2022-10-21,North America,Home & Garden,5738.44,1652.7,44.0
2022-11-26,LATAM,Apparel,12599.97,1089.99,32.0
2024-09-12,EMEA,Electronics,3368.88,354.43,41.0
2022-06-26,LATAM,Electronics,10035.28,1249.38,35.0
2022-08-24,APAC,Electronics,7350.15,619.29,30.0
2024-03-03,LATAM,Apparel,409.52,149.56,6.0
2022-02-06,North America,Apparel,11553.94,2313.55,31.0
2024-04-04,North America,Sports,13628.6,4114.1,44.0
2023-12-10,APAC,Sports,22485.5,1919.03,49.0
2024-05-08,APAC,Beauty,1552.39,162.44,19.0
2022-03-18,North America,Beauty,11616.07,1683.43,39.0
2024-04-12,Middle East,Beauty,1713.81,235.66,5.0
2023-04-01,North America,Food & Beverage,3423.54,1019.48,20.0
2023-05-22,EMEA,Beauty,439.54,137.97,27.0
2023-07-11,EMEA,Apparel,80.73,6.86,5.0
2024-03-26,North America,Sports,5291.87,1002.46,19.0
2023-06-11,APAC,Beauty,495.45,182.3,28.0
2023-02-10,EMEA,Beauty,434.99,82.49,24.0
2022-04-19,EMEA,Apparel,430.42,23.65,44.0
2024-11-12,EMEA,Electronics,587.63,117.32,49.0
2022-04-21,North America,Beauty,15969.61,1879.4,41.0
2024-03-28,Middle East,Sports,810.98,189.88,24.0
2023-01-26,APAC,Home & Garden,15855.86,2696.75,46.0
2022-04-27,LATAM,Food & Beverage,8828.68,554.76,35.0
2022-06-16,EMEA,Apparel,53.19,11.84,2.0
2022-07-15,LATAM,Home & Garden,5261.69,,13.0
2023-05-25,LATAM,Sports,16686.48,3109.71,43.0
2024-11-04,North America,Beauty,10843.72,1659.84,25.0
2022-07-04,LATAM,Beauty,5458.91,540.64,13.0
2022-06-27,Middle East,Food & Beverage,11611.26,2226.42,25.0
2024-12-22,EMEA,Apparel,2147.46,348.21,32.0
2024-04-15,EMEA,Beauty,6700.08,2035.56,17.0
2024-08-19,Middle East,Electronics,290.76,83.49,3.0
2022-04-21,Middle East,Beauty,2537.48,744.07,18.0
2023-03-13,APAC,Apparel,13627.86,3719.11,30.0
2022-11-26,EMEA,Apparel,1000.65,187.2,3.0
2022-09-02,Middle East,Food & Beverage,9677.24,627.23,29.0
2024-12-17,North America,Food & Beverage,5286.37,1480.08,19.0
2023-09-25,EMEA,Home & Garden,274.68,101.65,9.0
2024-04-29,Middle East,Beauty,535.63,154.64,4.0
2024-10-13,LATAM,Food & Beverage,6436.49,792.33,47.0
2024-09-10,APAC,Electronics,2948.68,268.19,6.0
2024-11-06,EMEA,Beauty,14302.96,2477.44,48.0
2022-03-17,North America,Electronics,549.84,164.62,43.0
2024-08-17,North America,Home & Garden,124.83,32.38,11.0
2023-04-07,North America,Beauty,7921.98,573.02,40.0
2022-07-10,Middle East,Food & Beverage,7957.83,,17.0
2024-11-17,LATAM,Beauty,12074.43,2808.58,35.0
2023-12-25,EMEA,Beauty,2348.45,155.89,9.0
2022-06-16,LATAM,Beauty,2872.45,479.69,15.0
2023-12-27,EMEA,Home & Garden,3130.19,1057.56,11.0
2022-10-14,North America,Home & Garden,728.33,168.57,5.0
2022-03-10,Middle East,Electronics,4254.48,378.33,12.0
2022-10-29,APAC,Food & Beverage,2292.07,262.99,31.0
2022-06-05,EMEA,Food & Beverage,7868.9,2966.02,28.0
2022-12-11,EMEA,Food & Beverage,3680.36,,44.0
2023-11-07,EMEA,Electronics,12459.47,1303.59,44.0
2023-10-16,EMEA,Beauty,11374.78,723.49,40.0
2024-12-29,APAC,Apparel,2567.92,689.61,30.0
2023-11-17,Middle East,Beauty,11752.97,1333.09,35.0
2022-11-12,North America,Electronics,1927.55,597.25,42.0
2024-02-26,EMEA,Electronics,824.84,49.84,18.0
2024-08-07,North America,Food & Beverage,4373.86,833.67,43.0
2024-02-08,APAC,Beauty,6809.42,1700.36,14.0
2022-08-20,LATAM,Beauty,2034.66,157.78,47.0
2023-11-27,EMEA,Apparel,15906.05,1158.03,45.0
2022-04-20,North America,Sports,6134.19,523.98,34.0
2023-01-11,Middle East,Electronics,12692.68,718.12,
2022-06-26,EMEA,Beauty,3697.47,1394.01,19.0
2022-12-14,LATAM,Apparel,10643.71,3123.98,34.0
2022-08-09,North America,Beauty,1550.52,302.72,6.0
2024-05-13,EMEA,Home & Garden,767.98,119.28,4.0
2023-02-22,APAC,Food & Beverage,7228.34,2739.48,43.0
2024-08-27,LATAM,Apparel,13390.19,1576.66,40.0
2024-08-20,Middle East,Beauty,7396.8,2222.1,19.0
2023-08-31,APAC,Home & Garden,5995.54,1976.9,35.0
2022-03-20,APAC,Apparel,16807.74,1526.97,44.0
2022-03-30,LATAM,Home & Garden,12382.56,2048.9,40.0
2023-01-13,APAC,Home & Garden,2392.88,698.97,12.0
2022-08-11,EMEA,Home & Garden,1042.99,131.35,5.0
2022-07-21,LATAM,Electronics,3236.43,611.38,31.0
2022-05-14,North America,Beauty,331.44,49.84,5.0
2023-01-02,North America,Beauty,432.46,99.29,1.0
2023-12-07,APAC,Electronics,2328.35,658.19,29.0
2024-04-28,APAC,Apparel,15657.52,5270.15,
2022-04-19,North America,Sports,3083.01,645.08,16.0
2024-07-28,EMEA,Food & Beverage,9265.3,838.85,40.0
2023-03-10,Middle East,Sports,13461.44,3902.49,31.0
2023-08-05,Middle East,Beauty,,1546.68,23.0
2024-12-30,LATAM,Beauty,1601.44,263.41,47.0
2023-05-15,North America,Home & Garden,14131.65,3888.88,48.0
2024-01-11,LATAM,Food & Beverage,3084.22,1156.39,46.0
2022-08-11,LATAM,Electronics,1490.32,422.8,7.0
2024-10-12,APAC,Apparel,4153.47,1287.8,42.0
2022-07-01,APAC,Apparel,8460.16,2872.57,45.0
2024-11-13,North America,Beauty,7362.97,2348.89,42.0
2024-12-20,North America,Beauty,1342.1,177.4,13.0
2022-08-02,Middle East,Home & Garden,955.31,149.24,49.0
2022-05-23,EMEA,Apparel,8030.6,1623.87,21.0
2022-09-28,Middle East,Beauty,12051.49,4499.5,23.0
2023-10-01,North America,Beauty,17241.94,4818.85,42.0
2023-05-24,North America,Home & Garden,841.35,258.16,2.0
2023-07-17,North America,Beauty,11412.07,724.61,25.0
2023-11-24,APAC,Electronics,176.78,39.69,2.0
2022-02-11,APAC,Beauty,913.02,113.64,7.0
2022-11-06,LATAM,Apparel,2730.23,948.24,13.0
2023-09-09,APAC,Home & Garden,3596.26,1101.46,8.0
2024-08-08,APAC,Electronics,8686.06,585.49,25.0
2022-02-07,LATAM,Apparel,6127.51,1157.01,40.0
2024-12-30,North America,Apparel,31.44,7.11,1.0
2022-10-08,Middle East,Sports,1769.29,283.78,14.0
2023-07-28,North America,Food & Beverage,7220.09,1366.26,17.0
2024-10-04,EMEA,Food & Beverage,7863.85,2672.69,18.0
2022-02-22,EMEA,Beauty,6804.21,754.46,34.0
2022-06-09,LATAM,Food & Beverage,1124.68,183.2,3.0
2024-01-07,North America,Electronics,1197.78,198.63,44.0
2022-09-21,LATAM,Apparel,9449.81,3238.18,18.0
2023-09-26,Middle East,Food & Beverage,4353.32,1450.17,10.0
2022-05-25,EMEA,Beauty,6005.34,2252.55,33.0
2024-10-10,North America,Sports,1098.62,187.65,5.0
2022-12-24,North America,Electronics,14235.14,2161.08,37.0
2024-09-05,EMEA,Beauty,4313.85,1435.61,11.0
2022-10-31,APAC,Electronics,11928.53,2541.15,37.0
2024-09-14,Middle East,Beauty,510.55,110.11,4.0
2022-12-26,EMEA,Food & Beverage,6568.07,,32.0
2022-05-15,North America,Food & Beverage,15244.36,4013.89,31.0
2022-11-06,North America,Beauty,1495.92,110.32,3.0
2023-02-19,EMEA,Food & Beverage,10493.02,2419.29,26.0
2023-05-29,APAC,Beauty,5509.25,1163.94,24.0
2023-11-25,Middle East,Beauty,4760.97,878.0,34.0
2022-02-10,APAC,Apparel,5444.14,404.84,12.0
2024-09-10,APAC,Food & Beverage,3730.31,1111.22,8.0
2024-08-01,APAC,Food & Beverage,12575.13,1519.6,32.0
2022-06-18,Middle East,Home & Garden,1724.72,418.63,15.0
2023-07-13,EMEA,Home & Garden,12876.08,2816.28,37.0
2023-03-17,APAC,Beauty,2589.39,218.91,9.0
2023-10-13,EMEA,Electronics,21614.05,3680.38,48.0
2024-05-09,APAC,Electronics,1111.1,240.4,19.0
2024-03-02,EMEA,Apparel,2122.51,474.64,7.0
2024-10-17,Middle East,Beauty,711.51,219.18,3.0
2024-10-06,North America,Food & Beverage,2757.32,602.33,12.0
2022-09-16,LATAM,Apparel,11642.95,1457.69,35.0
2024-03-20,LATAM,Apparel,606.13,66.56,3.0
2022-11-16,North America,Home & Garden,13716.04,1519.41,48.0
2024-11-30,Middle East,Sports,7351.74,373.2,40.0
2024-03-29,APAC,Electronics,1859.26,626.28,37.0
2024-01-06,EMEA,Home & Garden,6805.72,812.74,29.0
2022-07-12,Middle East,Beauty,3995.92,685.33,13.0
2023-01-13,LATAM,Food & Beverage,3032.65,459.83,17.0
2024-10-21,LATAM,Home & Garden,4693.59,428.83,19.0
2024-08-05,APAC,Beauty,7841.85,614.98,48.0
2022-05-20,LATAM,Electronics,6372.47,1813.23,18.0
2023-03-29,LATAM,Home & Garden,16755.37,4668.08,36.0
2022-08-21,LATAM,Food & Beverage,3103.13,885.52,20.0
2023-05-16,EMEA,Beauty,6717.27,830.66,30.0
2024-06-16,North America,Beauty,11359.8,1038.28,39.0
2024-07-01,EMEA,Sports,19539.58,1279.04,
2022-03-12,EMEA,Beauty,4983.29,1635.87,25.0
2022-02-15,Middle East,Electronics,2835.13,151.02,45.0
2022-05-15,EMEA,Apparel,17285.46,3880.74,46.0
2022-08-05,North America,Apparel,7953.83,1559.3,37.0
2022-11-25,LATAM,Electronics,3208.6,872.58,13.0
2024-09-13,North America,Home & Garden,6233.91,,43.0
2024-05-22,LATAM,Food & Beverage,3388.96,783.17,31.0
2022-07-08,North America,Electronics,7227.33,541.24,49.0
2023-01-22,APAC,Home & Garden,3192.24,1141.2,18.0
2024-05-10,APAC,Home & Garden,20964.48,6267.46,46.0
2022-04-24,North America,Home & Garden,1275.56,,43.0
2024-10-10,North America,Electronics,9306.43,831.83,25.0
2024-02-04,North America,Electronics,3058.49,1066.76,9.0
2023-09-08,LATAM,Sports,10882.6,3402.9,40.0
2023-04-02,North America,Beauty,952.77,127.95,5.0
2023-08-14,Middle East,Apparel,12893.69,2061.37,45.0
2024-01-04,LATAM,Sports,6035.16,2223.0,31.0
2022-06-18,Middle East,Food & Beverage,5761.24,1305.44,13.0
2022-06-22,APAC,Food & Beverage,5334.0,965.68,42.0
2024-08-09,Middle East,Home & Garden,14688.41,3200.97,43.0
2023-12-02,EMEA,Home & Garden,5894.75,1255.74,13.0
2022-04-06,APAC,Sports,15692.36,5615.35,45.0
2022-07-14,Middle East,Electronics,5046.77,685.38,30.0
2024-10-08,Middle East,Food & Beverage,2584.95,487.18,37.0
2024-05-25,EMEA,Beauty,3897.97,525.1,18.0
2023-07-21,EMEA,Apparel,3072.5,590.11,11.0
2022-10-18,LATAM,Food & Beverage,6976.16,1503.93,32.0
2024-04-11,LATAM,Food & Beverage,823.66,115.22,8.0
2023-06-08,LATAM,Beauty,9024.94,759.78,20.0
2022-01-13,Middle East,Food & Beverage,4219.69,1463.16,36.0
2024-03-03,EMEA,Beauty,7664.25,2890.13,38.0
2022-01-29,APAC,Beauty,3511.37,1140.88,15.0
2024-08-10,EMEA,Home & Garden,1080.81,249.25,22.0
2024-06-07,EMEA,Food & Beverage,11765.34,3076.18,23.0
2024-05-19,EMEA,Beauty,833.08,170.15,2.0
2022-05-27,North America,Electronics,2036.76,580.5,11.0
2023-11-25,EMEA,Apparel,804.24,274.49,2.0
2023-05-30,APAC,Electronics,1040.71,,8.0
2023-11-30,LATAM,Food & Beverage,448.57,63.82,14.0
2024-11-01,LATAM,Beauty,669.72,143.73,7.0
2024-02-28,North America,Beauty,21562.78,5242.42,49.0
2023-12-28,LATAM,Sports,733.33,61.2,6.0
2022-02-17,EMEA,Apparel,15757.01,3097.03,47.0
2023-06-24,LATAM,Sports,14281.28,3946.06,27.0
2022-01-02,APAC,Food & Beverage,4514.94,1409.31,10.0
2024-12-28,North America,Electronics,13000.73,1808.63,34.0
2024-03-29,North America,Electronics,3941.23,742.64,16.0
2023-07-03,Middle East,Sports,3785.17,1047.92,14.0
2024-09-16,LATAM,Apparel,3826.82,741.38,35.0
2023-07-21,North America,Sports,518.17,37.98,8.0
2023-12-06,LATAM,Beauty,4355.01,653.21,11.0
2024-12-02,EMEA,Apparel,3459.45,1248.51,22.0
2023-09-17,APAC,Electronics,6710.31,1937.95,35.0
2024-07-02,Middle East,Food & Beverage,4534.85,1474.51,14.0
2022-12-03,LATAM,Apparel,7532.12,2547.37,
2024-09-05,Middle East,Sports,7867.54,1634.27,23.0
2024-01-04,North America,Sports,207.12,54.96,2.0
2022-01-25,LATAM,Food & Beverage,679.98,200.6,4.0
2024-06-12,North America,Beauty,914.38,259.05,4.0
2023-07-20,APAC,Apparel,4331.53,905.8,38.0
2023-09-30,EMEA,Sports,4830.63,1778.29,18.0
2024-04-11,APAC,Sports,3630.83,347.14,28.0
2024-01-19,APAC,Food & Beverage,1249.57,315.55,16.0
2024-07-27,North America,Apparel,5308.09,870.17,20.0
2023-06-08,North America,Electronics,920.67,265.94,13.0
2022-05-02,APAC,Home & Garden,6382.46,2070.3,26.0
2022-05-09,APAC,Apparel,1784.53,542.14,9.0
2024-12-30,North America,Electronics,8141.85,1471.31,17.0
2024-05-07,EMEA,Beauty,4767.35,1106.58,36.0
2024-08-17,LATAM,Food & Beverage,20896.25,7513.96,45.0
2022-02-23,EMEA,Home & Garden,4491.71,523.39,15.0
2023-07-16,LATAM,Sports,1046.49,141.08,38.0
2023-03-06,LATAM,Apparel,8982.92,1047.67,30.0
2024-11-21,EMEA,Electronics,4877.32,1573.56,13.0
2024-12-23,Middle East,Home & Garden,13643.61,3530.56,29.0
2022-04-23,LATAM,Electronics,3831.92,814.11,43.0
2024-08-30,North America,Home & Garden,17043.16,1477.73,46.0
2022-05-06,EMEA,Sports,3088.78,1045.1,22.0
2022-12-13,Middle East,Home & Garden,3511.57,183.14,32.0
2024-12-19,APAC,Beauty,1765.31,198.49,6.0
2022-11-06,North America,Beauty,8260.51,2700.64,20.0
2024-05-08,EMEA,Food & Beverage,2128.82,513.99,5.0
2023-11-07,North America,Electronics,6532.94,1208.45,43.0
2023-02-24,North America,Electronics,1707.44,263.57,25.0
2024-05-04,North America,Apparel,2847.76,361.67,10.0
2024-03-19,EMEA,Sports,797.35,62.53,25.0
2023-05-10,LATAM,Sports,7565.16,2058.11,17.0
2023-12-13,Middle East,Electronics,6345.9,2307.95,22.0
2022-11-21,APAC,Food & Beverage,519.9,142.93,24.0
2022-11-26,EMEA,Sports,16365.89,2648.57,37.0
2022-08-29,Middle East,Apparel,5071.62,1534.82,48.0
2023-08-03,North America,Beauty,4201.94,258.65,32.0
2024-02-09,APAC,Home & Garden,352.62,131.44,2.0
2024-10-18,EMEA,Food & Beverage,5568.15,1034.01,18.0
2024-12-06,Middle East,Electronics,218.1,10.97,24.0
2024-11-17,LATAM,Apparel,6395.12,1076.27,27.0
2023-05-23,EMEA,Apparel,1460.16,542.99,4.0
2023-04-29,EMEA,Apparel,4790.02,1554.49,12.0
2023-03-09,Middle East,Beauty,2272.79,557.52,5.0
2022-06-07,APAC,Food & Beverage,5709.22,2145.99,36.0
2022-06-02,APAC,Food & Beverage,1794.22,374.78,15.0
2022-10-25,LATAM,Beauty,12574.5,,34.0
2024-04-03,APAC,Beauty,3359.59,878.87,25.0
2022-09-05,Middle East,Home & Garden,14412.75,2020.04,43.0
2022-12-31,North America,Home & Garden,922.5,166.91,8.0
2024-12-27,LATAM,Apparel,12335.23,4527.3,39.0
2022-06-20,North America,Beauty,226.84,74.06,3.0
2022-09-04,LATAM,Electronics,3868.92,864.74,8.0
2024-02-01,Middle East,Sports,7876.76,2671.43,20.0
2024-08-10,EMEA,Beauty,9389.21,2833.02,37.0
2023-01-27,EMEA,Sports,2376.91,251.93,6.0
2022-08-29,LATAM,Home & Garden,22417.13,8498.6,46.0
2023-05-08,EMEA,Home & Garden,8298.18,1440.5,20.0
2023-09-28,APAC,Food & Beverage,3820.35,1430.16,47.0
2023-11-23,EMEA,Electronics,713.3,103.63,49.0
2022-10-28,EMEA,Food & Beverage,6374.7,379.68,18.0
2022-10-27,LATAM,Sports,11906.89,2576.21,38.0
2024-03-10,EMEA,Electronics,7898.64,1694.04,20.0
2022-10-09,APAC,Sports,733.21,170.83,44.0
2023-04-03,Middle East,Sports,180.92,50.49,17.0
2024-09-11,Middle East,Sports,6570.45,576.82,21.0
2024-03-14,LATAM,Home & Garden,11878.54,622.98,26.0
2024-02-04,EMEA,Home & Garden,1641.57,487.78,17.0
2023-06-23,EMEA,Apparel,24560.41,6390.05,48.0
2024-08-26,Middle East,Electronics,17803.39,6065.65,48.0
2023-05-26,EMEA,Beauty,18745.36,7051.39,45.0
2022-08-09,Middle East,Sports,1304.0,275.65,9.0
2023-06-02,LATAM,Sports,13711.62,1250.38,33.0
2023-12-10,Middle East,Apparel,11838.22,2356.42,25.0
2024-11-11,APAC,Beauty,553.09,195.84,7.0
2024-07-02,LATAM,Home & Garden,7508.44,1025.25,27.0
2023-05-17,APAC,Electronics,6004.92,2184.74,17.0
2024-08-08,APAC,Electronics,10206.52,2759.46,30.0
2024-03-31,APAC,Food & Beverage,535.07,104.52,2.0
2023-12-11,Middle East,Beauty,6265.68,2001.75,39.0
2022-03-17,LATAM,Apparel,1215.78,123.21,4.0
2022-11-24,North America,Food & Beverage,1185.83,149.02,47.0
2024-02-17,North America,Apparel,4180.38,1031.19,15.0
2022-12-25,APAC,Food & Beverage,13175.7,1453.81,46.0
2024-12-05,APAC,Electronics,7850.16,1786.01,27.0
2023-03-09,LATAM,Beauty,2537.96,791.87,9.0
2023-09-05,Middle East,Food & Beverage,9810.13,575.53,24.0
2023-03-25,LATAM,Electronics,9208.17,2591.73,43.0
2024-01-14,APAC,Apparel,329.05,124.35,8.0
2023-06-11,APAC,Apparel,2315.4,222.68,13.0
2022-10-30,APAC,Home & Garden,20.11,3.34,1.0
2024-08-19,APAC,Sports,6386.18,1675.3,34.0
2023-06-20,APAC,Electronics,17940.12,1008.05,38.0
2023-06-12,APAC,Apparel,997.08,70.26,37.0
2022-07-22,North America,Electronics,4166.07,693.45,29.0
2024-03-30,EMEA,Beauty,5746.17,768.45,20.0
2023-12-02,LATAM,Apparel,4984.21,542.22,19.0
2022-10-16,APAC,Apparel,6129.65,1636.76,28.0
2022-07-01,Middle East,Electronics,3609.92,271.6,9.0
2023-04-22,Middle East,Home & Garden,36.2,2.95,1.0
2024-05-15,North America,Food & Beverage,8318.16,1643.45,29.0
2024-02-10,APAC,Apparel,5391.66,1954.59,21.0
2022-02-27,Middle East,Food & Beverage,6324.78,856.17,36.0
2023-04-22,EMEA,Beauty,16020.69,3218.66,44.0
2023-12-10,EMEA,Sports,199.73,73.33,1.0
2024-05-24,APAC,Electronics,10899.5,1650.59,23.0
2022-05-15,APAC,Beauty,7332.82,1778.53,40.0
2023-03-08,LATAM,Sports,12317.38,2873.98,46.0
2023-02-27,North America,Home & Garden,11191.37,2560.64,29.0
2022-08-21,Middle East,Electronics,1025.71,278.48,42.0
2024-07-21,LATAM,Apparel,10195.72,3820.14,24.0
2022-01-05,EMEA,Sports,5789.53,1889.74,31.0
2022-09-22,EMEA,Apparel,586.44,192.23,15.0
2024-06-09,Middle East,Sports,2552.95,811.87,
2023-06-21,LATAM,Apparel,216.74,52.71,14.0
2024-10-26,APAC,Electronics,1189.03,190.13,9.0
2023-12-07,North America,Home & Garden,1121.83,340.69,20.0
2023-02-12,EMEA,Apparel,3644.15,1314.34,10.0
2022-07-17,LATAM,Electronics,4440.98,920.08,
2023-08-07,North America,Home & Garden,15096.49,2925.27,31.0
2024-02-24,APAC,Apparel,3260.38,860.81,13.0
2022-04-23,APAC,Beauty,4240.68,1247.48,19.0
2023-04-26,Middle East,Apparel,283.29,59.65,1.0
2022-02-10,EMEA,Electronics,17378.71,5263.82,48.0
2024-11-29,LATAM,Food & Beverage,12567.02,4272.6,30.0
2023-08-10,EMEA,Apparel,1146.77,287.05,14.0
2023-04-24,EMEA,Electronics,10700.47,3056.11,24.0
2024-10-25,EMEA,Apparel,12475.81,862.65,26.0
2023-11-27,EMEA,Beauty,2569.76,590.28,24.0
2022-06-19,North America,Beauty,16370.3,4611.99,
2024-08-27,North America,Apparel,1361.88,300.67,7.0
2024-09-04,North America,Food & Beverage,6969.01,1638.6,20.0
2022-08-31,Middle East,Food & Beverage,982.18,60.8,33.0
2024-08-01,Middle East,Home & Garden,20341.46,1392.47,43.0
2023-12-02,North America,Sports,4800.9,1679.34,28.0
2024-01-05,APAC,Electronics,3383.58,658.05,
2022-08-16,LATAM,Apparel,1167.0,423.68,33.0
2023-10-10,APAC,Food & Beverage,12610.49,4755.94,36.0
2024-03-28,APAC,Food & Beverage,14256.78,5119.01,45.0
2022-06-05,North America,Apparel,21939.6,3242.65,48.0
2024-03-27,North America,Home & Garden,15276.45,1886.06,39.0
2024-04-01,North America,Home & Garden,321.04,98.82,2.0
2024-06-11,APAC,Apparel,1442.75,85.21,47.0
2023-03-27,APAC,Electronics,14157.17,2341.55,31.0
2023-06-29,LATAM,Home & Garden,776.45,,11.0
2023-10-17,EMEA,Sports,6689.54,1765.12,23.0
2024-05-27,Middle East,Home & Garden,5576.72,1911.77,44.0
2022-02-10,Middle East,Electronics,8370.76,683.37,20.0
2022-10-24,APAC,Sports,2084.29,246.8,21.0
2023-09-13,North America,Electronics,941.97,79.31,3.0
2024-04-07,Middle East,Sports,6756.43,1254.27,40.0
2023-02-20,North America,Electronics,9503.39,2391.73,35.0
2022-05-07,Middle East,Electronics,7849.78,679.96,24.0
2024-09-30,LATAM,Home & Garden,729.96,268.51,14.0
2023-11-28,LATAM,Sports,1832.36,642.78,4.0
2023-06-04,EMEA,Apparel,15686.88,4576.44,44.0
2023-07-17,EMEA,Electronics,321.45,50.55,18.0
2024-06-03,Middle East,Apparel,12595.0,3730.9,44.0
2022-01-20,Middle East,Sports,10608.46,2549.07,21.0
2024-12-01,EMEA,Beauty,7504.29,2758.68,38.0
2024-10-02,Middle East,Food & Beverage,10390.66,1432.9,26.0
2023-04-01,LATAM,Electronics,6363.01,320.99,28.0
2024-08-31,Middle East,Sports,5923.51,1544.32,35.0
2023-11-16,North America,Sports,56.12,10.81,1.0
2023-05-07,Middle East,Beauty,11818.7,4082.68,41.0
2022-10-26,EMEA,Food & Beverage,4782.01,1067.73,35.0
2023-01-29,North America,Sports,9545.35,1352.66,32.0
2023-07-11,LATAM,Electronics,660.0,125.99,11.0
2024-07-07,LATAM,Food & Beverage,153.58,16.84,7.0
2024-11-10,EMEA,Home & Garden,2908.86,726.83,36.0
2024-11-29,APAC,Electronics,455.7,32.55,15.0
2023-07-06,APAC,Sports,2962.74,713.91,40.0
2022-03-02,APAC,Food & Beverage,1679.77,458.59,48.0
2023-03-23,LATAM,Electronics,5523.6,852.09,22.0
2023-05-02,Middle East,Food & Beverage,1945.26,285.2,12.0
2023-11-06,Middle East,Beauty,9052.02,1633.53,46.0
2024-03-19,Middle East,Food & Beverage,3771.35,858.36,9.0
2022-02-12,North America,Sports,1493.91,245.36,6.0
2022-10-05,EMEA,Sports,1206.72,192.14,13.0
2022-12-26,APAC,Electronics,840.19,223.37,26.0
2023-10-17,North America,Apparel,345.14,123.66,5.0
2023-04-15,APAC,Electronics,8079.59,1742.87,17.0
2024-08-24,Middle East,Electronics,12782.68,3085.03,26.0
2022-10-28,EMEA,Beauty,9233.28,2974.0,49.0
2022-09-28,North America,Home & Garden,14662.94,3643.49,37.0
2022-07-29,Middle East,Beauty,2653.9,380.66,13.0
2022-05-04,APAC,Beauty,2149.36,219.93,31.0
2022-08-24,North America,Electronics,15763.53,3515.73,45.0
2022-10-21,Middle East,Beauty,1801.95,118.11,5.0
2023-04-21,EMEA,Home & Garden,11211.86,2416.81,29.0
2024-08-01,LATAM,Food & Beverage,4131.13,,12.0
2024-07-25,North America,Apparel,2843.85,808.87,6.0
2023-05-11,Middle East,Sports,347.25,26.07,12.0
2022-05-22,APAC,Beauty,11989.7,1857.61,35.0
2023-03-24,Middle East,Food & Beverage,1716.85,558.26,46.0
2022-05-01,EMEA,Apparel,5352.81,1780.6,35.0
2023-08-10,LATAM,Apparel,2510.54,599.79,11.0
2023-10-28,North America,Apparel,2848.31,442.24,46.0
2024-09-29,EMEA,Sports,2601.7,904.16,26.0
2024-10-05,North America,Beauty,14186.06,845.28,41.0
2024-01-03,APAC,Electronics,23638.76,3612.32,49.0
2023-04-04,Middle East,Beauty,8639.22,2384.79,41.0
2022-09-07,EMEA,Electronics,1743.7,547.38,16.0
2024-07-22,North America,Apparel,15106.65,2617.45,37.0
2022-09-05,Middle East,Home & Garden,10648.59,3773.02,30.0
2023-10-20,LATAM,Electronics,2326.03,781.21,8.0
2023-09-05,LATAM,Apparel,925.71,77.57,5.0
2022-03-17,Middle East,Beauty,5033.66,904.38,14.0
2024-07-06,EMEA,Food & Beverage,8686.98,1516.42,28.0
2022-08-22,LATAM,Home & Garden,9211.02,2691.77,41.0
2024-06-05,North America,Home & Garden,5637.24,787.4,14.0
2022-12-11,APAC,Apparel,8248.71,1699.91,39.0
2024-11-09,EMEA,Sports,2719.76,1032.72,36.0
2023-03-13,APAC,Apparel,10947.41,3846.8,45.0
2023-04-09,LATAM,Apparel,489.98,67.77,7.0
2024-01-15,APAC,Apparel,4220.1,545.27,12.0
2023-05-16,APAC,Beauty,5858.75,1124.72,14.0
2023-10-09,North America,Food & Beverage,2673.07,409.65,8.0
2024-07-10,Middle East,Sports,4638.57,656.19,22.0
2023-01-19,APAC,Food & Beverage,3347.11,707.6,12.0
2024-12-28,Middle East,Electronics,2946.8,1075.69,12.0
2022-05-29,LATAM,Beauty,16702.52,3547.5,46.0
2023-08-25,APAC,Beauty,7537.08,1021.13,15.0
2023-01-02,Middle East,Apparel,5912.64,813.11,22.0
2022-12-04,APAC,Apparel,16239.99,3366.68,39.0
2023-09-23,North America,Food & Beverage,3985.77,332.53,20.0
2022-04-02,Middle East,Electronics,5409.31,1041.31,44.0
2023-03-16,APAC,Sports,5770.74,2004.7,32.0
2022-03-26,Middle East,Apparel,3211.32,1193.11,20.0
2024-02-18,Middle East,Home & Garden,3709.08,487.6,14.0
2022-01-17,APAC,Home & Garden,4528.58,,38.0
2023-04-15,Middle East,Electronics,228.93,55.2,6.0
2024-05-20,EMEA,Home & Garden,2649.33,252.31,13.0
2023-02-27,North America,Food & Beverage,4565.06,1379.01,16.0
2022-07-24,LATAM,Apparel,3985.06,216.7,10.0
2022-12-29,APAC,Apparel,6876.84,1794.78,42.0
2022-07-21,North America,Home & Garden,3276.11,208.1,9.0
2023-06-06,Middle East,Beauty,8227.58,2510.0,28.0
2023-10-03,LATAM,Sports,9551.57,3044.07,21.0
2023-06-07,Middle East,Food & Beverage,6838.16,1995.26,49.0
2023-01-02,EMEA,Apparel,4767.48,248.09,25.0
2022-08-19,LATAM,Apparel,4172.53,1547.92,36.0
2023-07-22,EMEA,Beauty,6334.72,656.64,20.0
2024-04-12,North America,Home & Garden,6454.11,,
2022-09-22,APAC,Beauty,4222.51,1048.15,28.0
2022-10-20,EMEA,Food & Beverage,5160.82,1761.53,16.0
2022-03-03,APAC,Food & Beverage,10561.23,3509.77,28.0
2023-05-01,APAC,Sports,1591.44,548.51,10.0
2024-08-01,Middle East,Apparel,5899.73,622.61,18.0
2022-10-02,Middle East,Home & Garden,13895.01,1539.29,29.0
2024-04-27,LATAM,Electronics,3562.94,595.84,38.0
2023-10-15,Middle East,Beauty,492.5,108.31,44.0
2023-03-07,EMEA,Beauty,13564.78,1771.88,47.0
2023-07-26,EMEA,Sports,4530.18,588.23,17.0
2023-03-26,LATAM,Electronics,6744.85,2134.78,41.0
2023-01-16,APAC,Home & Garden,5539.17,765.81,37.0
2022-08-19,LATAM,Home & Garden,10462.91,2322.68,37.0
2024-12-04,APAC,Sports,6622.63,1156.48,24.0
2023-08-01,Middle East,Sports,3337.61,1003.38,22.0
2022-12-19,EMEA,Sports,10444.9,3594.39,42.0
2023-03-20,Middle East,Apparel,9686.1,3007.5,34.0
2023-02-17,North America,Beauty,3640.09,605.78,26.0
2022-01-24,North America,Beauty,20523.46,5499.8,47.0
2023-03-03,EMEA,Apparel,9597.48,3449.5,26.0
2023-03-10,LATAM,Electronics,16502.28,2621.29,39.0
2022-07-31,EMEA,Food & Beverage,4514.8,1494.44,22.0
2024-03-25,EMEA,Sports,4704.68,271.09,30.0
2023-01-08,Middle East,Home & Garden,6122.78,922.83,19.0
2022-07-20,APAC,Home & Garden,4557.33,792.25,10.0
2024-03-05,North America,Apparel,2988.97,524.39,14.0
2023-10-15,LATAM,Beauty,408.45,31.56,10.0
2023-06-26,APAC,Electronics,8318.96,655.73,39.0
2023-10-05,LATAM,Food & Beverage,398.31,83.08,7.0
2022-06-04,LATAM,Food & Beverage,13982.82,917.17,33.0
2024-11-20,North America,Home & Garden,10414.48,2836.99,40.0
2023-08-09,Middle East,Sports,629.55,234.5,2.0
2023-10-03,LATAM,Food & Beverage,2581.37,947.74,10.0
2022-02-11,LATAM,Sports,12066.04,4148.26,31.0
2023-04-13,North America,Apparel,3499.8,384.7,46.0
2022-12-20,North America,Apparel,2296.58,849.95,8.0
2024-07-23,North America,Sports,8128.45,2108.96,42.0
2024-04-23,EMEA,Beauty,7674.98,560.44,26.0
2024-06-20,EMEA,Beauty,16966.1,3107.34,42.0
2022-09-08,APAC,Electronics,920.36,148.11,5.0
2024-06-03,LATAM,Home & Garden,1428.97,188.16,37.0
2023-04-20,EMEA,Electronics,981.49,52.67,3.0
2024-04-02,Middle East,Home & Garden,3850.62,701.72,43.0
2022-07-11,North America,Home & Garden,7014.23,1045.46,34.0
2022-05-26,LATAM,Apparel,10866.44,3646.98,49.0
2024-07-15,North America,Food & Beverage,3316.71,406.85,21.0
2023-09-18,APAC,Electronics,389.57,96.46,3.0
2022-04-05,EMEA,Beauty,10839.37,3461.02,22.0
2023-08-28,APAC,Electronics,17913.89,3455.33,49.0
2024-06-28,North America,Beauty,18089.2,4459.09,37.0
2022-09-02,EMEA,Sports,2721.33,843.34,17.0
2023-01-29,North America,Food & Beverage,13807.05,1345.64,36.0
2022-08-31,Middle East,Apparel,3404.6,386.19,42.0
2023-03-28,North America,Beauty,15674.53,4087.08,34.0
2023-05-20,LATAM,Food & Beverage,665.95,47.79,15.0
2022-08-02,APAC,Food & Beverage,2892.05,1019.23,10.0
2022-09-30,North America,Food & Beverage,16850.0,6222.57,40.0
2024-01-21,North America,Food & Beverage,8252.08,1270.84,33.0
2022-02-26,APAC,Electronics,3240.23,970.25,7.0
2023-03-17,EMEA,Apparel,9314.28,1529.27,25.0
2023-03-04,Middle East,Apparel,3994.61,1093.85,40.0
2023-04-09,LATAM,Sports,1223.02,130.86,9.0
2022-09-16,North America,Beauty,21740.06,4719.07,45.0
2023-11-02,APAC,Beauty,3454.38,684.14,21.0
2022-05-07,LATAM,Beauty,8019.73,754.73,22.0
2023-12-30,Middle East,Food & Beverage,6271.58,1001.52,30.0
2022-02-17,North America,Apparel,1446.85,547.79,34.0
2022-03-01,EMEA,Apparel,9968.91,1917.17,31.0
2023-11-05,North America,Food & Beverage,13667.36,4339.04,29.0
2022-10-24,EMEA,Electronics,1236.18,463.76,6.0
2022-02-11,APAC,Food & Beverage,4267.76,560.62,16.0
2024-01-20,EMEA,Electronics,180.93,27.17,4.0
2024-04-07,EMEA,Apparel,659.84,105.08,7.0
2024-06-05,LATAM,Electronics,6412.85,2199.37,34.0
2024-05-27,LATAM,Apparel,14406.01,5107.5,46.0
2023-08-07,Middle East,Apparel,3252.84,859.66,7.0
2024-12-28,EMEA,Home & Garden,3842.18,1196.17,20.0
2022-08-24,North America,Apparel,20066.35,4689.05,45.0
2022-07-28,Middle East,Electronics,8026.09,2428.98,21.0
2022-05-01,EMEA,Sports,49.78,18.44,3.0
2022-02-10,North America,Apparel,7669.83,1037.48,34.0
2022-11-18,APAC,Electronics,4221.6,1115.15,47.0
2022-02-17,Middle East,Sports,2546.98,769.18,28.0
2023-05-05,EMEA,Home & Garden,232.01,56.22,5.0
2022-10-14,Middle East,Apparel,218.7,36.31,5.0
2024-02-16,LATAM,Home & Garden,1519.0,201.44,13.0
2023-09-17,LATAM,Home & Garden,9886.35,1701.77,33.0
2023-06-02,APAC,Home & Garden,11644.43,3341.6,49.0
2024-08-10,Middle East,Apparel,6308.65,1138.25,34.0
2023-07-30,LATAM,Electronics,1558.88,472.15,14.0
2022-04-29,APAC,Home & Garden,14850.15,3687.19,48.0
2024-12-28,EMEA,Beauty,1263.1,359.26,3.0
2022-06-10,EMEA,Electronics,17821.78,5670.34,37.0
2023-07-20,North America,Sports,4198.67,928.74,13.0
2023-05-10,EMEA,Sports,11525.37,2190.42,23.0
2023-11-21,North America,Sports,19634.89,4281.24,47.0
2024-01-09,EMEA,Apparel,9316.78,596.57,32.0
2023-06-08,APAC,Beauty,10800.2,1580.05,43.0
2022-10-14,LATAM,Sports,14589.86,2462.55,48.0
2024-08-20,North America,Food & Beverage,3687.39,396.68,11.0
2024-12-30,Middle East,Beauty,3221.15,1064.44,32.0
2023-04-23,APAC,Home & Garden,9654.46,3031.42,41.0
2023-10-16,North America,Home & Garden,12425.29,2842.78,38.0
2022-08-14,EMEA,Food & Beverage,184.22,38.95,1.0
2022-07-17,EMEA,Sports,4491.14,1554.42,12.0
2024-12-15,EMEA,Sports,14791.23,2059.46,45.0
2022-11-15,North America,Sports,4659.42,1498.03,41.0
2022-01-09,North America,Electronics,4796.86,1353.31,24.0
2024-07-30,EMEA,Electronics,19028.98,5979.32,43.0
2024-04-20,EMEA,Food & Beverage,1505.15,226.79,7.0
2023-06-24,APAC,Home & Garden,15897.13,5742.88,39.0
2024-09-09,LATAM,Sports,1643.87,354.06,15.0
2022-01-24,LATAM,Home & Garden,13399.15,845.53,45.0
2023-02-11,Middle East,Home & Garden,12687.56,3876.9,29.0
2023-02-14,North America,Beauty,590.36,120.53,2.0
2022-07-17,LATAM,Electronics,8774.24,2231.26,27.0
2023-07-01,LATAM,Food & Beverage,17086.46,1401.5,46.0
2024-12-15,APAC,Beauty,9447.54,1180.4,30.0
2023-08-30,North America,Home & Garden,2517.17,937.56,37.0
2024-10-02,North America,Home & Garden,5190.49,1099.44,45.0
2023-02-14,EMEA,Food & Beverage,5160.7,1814.49,36.0
2022-10-02,EMEA,Electronics,5709.51,1033.55,23.0
2024-07-24,EMEA,Home & Garden,10315.54,553.14,34.0
2022-02-16,APAC,Electronics,5221.82,427.15,23.0
2024-11-10,Middle East,Home & Garden,200.26,18.87,12.0
2022-11-25,LATAM,Sports,2951.22,401.45,28.0
2024-07-31,LATAM,Home & Garden,9442.38,2938.72,
2024-04-10,LATAM,Electronics,15087.74,1357.36,33.0
2023-12-03,APAC,Beauty,5815.63,1745.58,30.0
2024-05-31,North America,Electronics,13440.32,2826.36,37.0
2023-02-16,APAC,Beauty,4359.15,727.18,48.0
2024-03-14,APAC,Electronics,3803.21,428.04,22.0
2023-09-02,APAC,Electronics,4743.36,1447.55,41.0
2024-06-27,Middle East,Food & Beverage,3414.49,1019.82,18.0
2024-06-29,EMEA,Home & Garden,3050.34,873.98,18.0
2022-05-08,North America,Sports,20848.44,7841.69,44.0
2023-11-13,APAC,Beauty,16512.81,2408.79,36.0
2024-08-10,Middle East,Beauty,6903.06,2268.9,28.0
2023-01-08,North America,Food & Beverage,854.78,,17.0
2023-04-27,Middle East,Sports,3280.08,,19.0
2023-02-02,APAC,Food & Beverage,7284.14,1778.31,16.0
2024-07-28,North America,Food & Beverage,15393.68,4843.17,45.0
2023-03-21,APAC,Electronics,18391.15,5124.5,41.0
2023-09-10,Middle East,Electronics,16422.83,3475.6,39.0
2024-12-30,EMEA,Beauty,7489.96,1382.5,26.0
2022-05-19,APAC,Beauty,13562.29,,48.0
2022-10-23,LATAM,Sports,5164.72,1780.7,14.0
2023-07-23,APAC,Home & Garden,1180.92,198.71,14.0
2023-08-07,EMEA,Home & Garden,3037.41,451.54,41.0
2023-08-03,Middle East,Food & Beverage,223.71,34.8,5.0
2022-09-26,Middle East,Electronics,16384.78,5655.34,40.0
2024-03-04,EMEA,Beauty,3382.76,949.16,25.0
2022-09-14,APAC,Apparel,4898.03,874.89,38.0
2023-08-07,Middle East,Sports,6306.29,1396.44,17.0
2022-07-04,North America,Beauty,6611.96,1123.16,18.0
2023-03-19,North America,Electronics,15640.6,4309.22,39.0
2023-02-07,LATAM,Apparel,1332.9,343.14,4.0
2024-01-25,North America,Electronics,11188.14,1623.36,22.0
2024-11-18,EMEA,Home & Garden,14115.9,2872.0,43.0
2024-07-09,Middle East,Food & Beverage,9247.58,491.25,48.0
2024-04-02,EMEA,Sports,8975.39,3304.29,46.0
2022-05-23,EMEA,Electronics,7368.83,2060.55,49.0
2023-01-27,APAC,Food & Beverage,10424.52,3296.29,32.0
2023-03-28,North America,Sports,18094.87,2482.65,44.0
2024-03-07,LATAM,Beauty,6504.98,1959.34,30.0
2022-11-29,North America,Food & Beverage,2383.39,449.78,31.0
2022-04-30,LATAM,Apparel,7991.3,1488.58,26.0
2023-06-05,North America,Home & Garden,1266.68,132.69,20.0
2022-06-06,North America,Electronics,10231.06,2714.45,25.0
2022-02-03,North America,Food & Beverage,2926.56,770.72,
2024-07-21,EMEA,Apparel,6267.76,1540.49,22.0
2023-07-04,North America,Home & Garden,647.26,235.05,21.0
2024-12-13,North America,Beauty,,2148.88,33.0
2024-09-08,EMEA,Electronics,2577.78,140.97,10.0
2023-09-11,EMEA,Electronics,12994.58,3166.71,44.0
2022-05-31,LATAM,Electronics,2869.16,346.25,16.0
2022-07-13,EMEA,Food & Beverage,11503.33,890.66,45.0
2024-12-09,APAC,Apparel,1502.74,460.28,6.0
2024-06-18,EMEA,Apparel,723.8,54.93,11.0
2022-02-23,Middle East,Apparel,1011.82,325.14,11.0
2024-11-26,LATAM,Apparel,4454.43,1680.5,14.0
2023-09-26,APAC,Beauty,4319.02,859.33,20.0
2024-05-26,North America,Sports,3033.36,1020.85,24.0
2024-12-29,APAC,Home & Garden,260.95,20.36,4.0
2024-01-07,North America,Apparel,14621.46,5512.66,40.0
2024-02-11,LATAM,Electronics,5592.15,630.49,28.0
2023-12-03,LATAM,Apparel,24617.7,7285.93,48.0
2022-01-20,LATAM,Apparel,3380.28,835.12,8.0
2022-06-19,Middle East,Home & Garden,21368.76,5084.34,46.0
2024-05-04,North America,Apparel,9309.6,3022.0,28.0
2023-03-23,North America,Food & Beverage,11498.56,731.32,28.0
2024-03-26,Middle East,Sports,1138.17,365.91,3.0
2023-08-22,North America,Sports,5195.29,1764.86,10.0
2023-03-10,EMEA,Home & Garden,6862.78,1682.69,
2023-09-19,LATAM,Home & Garden,521.84,54.53,2.0
2024-04-26,Middle East,Sports,17090.41,3091.74,44.0
2023-02-07,LATAM,Apparel,10830.13,626.09,25.0
2024-01-17,APAC,Home & Garden,1951.97,310.4,6.0
2023-07-17,APAC,Food & Beverage,4743.49,1503.1,33.0
2024-01-14,APAC,Electronics,12830.71,3582.76,27.0
2024-07-22,APAC,Apparel,1441.37,273.46,6.0
2023-10-08,North America,Sports,6230.75,925.86,44.0
2022-10-01,LATAM,Apparel,10629.59,1866.44,32.0
2022-03-25,Middle East,Food & Beverage,7108.78,1886.04,47.0
2024-03-26,LATAM,Food & Beverage,17441.51,6523.83,42.0
2023-03-17,Middle East,Apparel,10316.27,777.81,30.0
2022-10-31,Middle East,Home & Garden,16824.92,4798.69,36.0
2023-10-12,Middle East,Food & Beverage,8353.41,2046.99,36.0
2024-10-17,LATAM,Electronics,97.09,18.71,3.0
2024-12-09,LATAM,Electronics,12722.78,2814.05,32.0
2023-11-18,Middle East,Apparel,2003.49,578.22,5.0
2023-01-29,LATAM,Beauty,1894.0,457.91,25.0
2022-06-10,APAC,Food & Beverage,12480.4,4237.52,29.0
2024-01-09,LATAM,Beauty,1307.08,,11.0
2023-12-14,Middle East,Home & Garden,3499.54,1250.03,13.0
2022-04-06,APAC,Apparel,2201.21,785.9,8.0
2024-06-05,Middle East,Apparel,8218.25,3088.66,21.0
2022-04-16,APAC,Beauty,1667.24,297.83,19.0
2022-07-04,APAC,Sports,1089.74,196.59,21.0
2023-02-08,APAC,Beauty,337.65,33.34,2.0
2023-10-01,EMEA,Electronics,10690.03,3607.45,46.0
2023-03-05,LATAM,Sports,5436.56,1428.9,43.0
2022-03-28,Middle East,Food & Beverage,887.15,54.69,14.0
2023-07-03,North America,Electronics,1691.73,539.91,37.0
2022-03-21,APAC,Apparel,1317.87,458.15,5.0
2022-04-02,APAC,Apparel,22155.36,7611.0,45.0
2023-02-18,APAC,Sports,1362.8,198.75,7.0
2023-03-22,LATAM,Beauty,12619.4,921.78,45.0
2024-11-19,North America,Beauty,3506.04,694.91,13.0
2024-12-23,Middle East,Apparel,12790.51,4607.93,36.0
2022-12-02,North America,Home & Garden,6223.7,1033.27,28.0
2024-01-22,LATAM,Apparel,15839.09,2437.3,38.0
2024-10-13,APAC,Food & Beverage,9346.23,776.98,38.0
2023-09-10,North America,Electronics,8845.67,754.86,36.0
2024-02-04,EMEA,Beauty,787.37,283.62,37.0
2023-06-22,EMEA,Apparel,5199.81,288.28,29.0
2024-02-12,APAC,Home & Garden,5582.3,790.87,26.0
2022-11-25,APAC,Food & Beverage,4945.67,1063.05,45.0
2024-03-28,Middle East,Apparel,7493.06,1065.67,15.0
2022-04-15,North America,Sports,1916.08,329.66,4.0
2024-05-27,Middle East,Food & Beverage,387.05,30.51,2.0
2022-03-23,Middle East,Home & Garden,2691.33,481.54,43.0
2022-03-12,North America,Beauty,3692.2,1398.08,10.0
2024-06-13,LATAM,Sports,4099.65,990.99,14.0
2022-03-15,North America,Beauty,3800.36,939.26,36.0
2024-03-31,EMEA,Beauty,230.58,73.36,10.0
2023-09-16,EMEA,Sports,3718.41,664.09,16.0
2024-07-27,APAC,Sports,3931.81,1231.75,40.0
2022-11-22,EMEA,Home & Garden,5828.05,570.44,24.0
2023-09-03,North America,Sports,3344.08,1138.44,9.0
2023-01-19,EMEA,Home & Garden,13193.98,3332.3,32.0
2022-06-11,EMEA,Home & Garden,3111.58,299.7,13.0
2022-12-14,LATAM,Food & Beverage,193.87,65.18,1.0
2024-04-21,North America,Home & Garden,652.32,82.27,20.0
2022-01-06,LATAM,Home & Garden,18298.77,3253.95,41.0
2022-02-21,Middle East,Electronics,6662.08,2222.85,13.0
2024-03-14,LATAM,Home & Garden,2992.91,990.08,9.0
2022-11-01,LATAM,Home & Garden,12008.45,3021.98,33.0
2023-06-10,EMEA,Electronics,9957.68,,24.0
2022-09-12,LATAM,Food & Beverage,3903.89,646.53,10.0
2022-03-18,EMEA,Food & Beverage,2312.07,512.52,41.0
2022-02-08,LATAM,Home & Garden,1726.49,341.26,35.0
2022-06-02,LATAM,Sports,6754.77,675.73,19.0
2023-10-22,Middle East,Beauty,3435.1,1134.83,29.0
2022-03-06,EMEA,Apparel,15656.41,5542.91,49.0
2024-01-13,North America,Beauty,2056.67,184.98,37.0
2023-08-01,LATAM,Home & Garden,16434.52,4049.75,44.0
2024-11-18,APAC,Electronics,538.6,35.21,3.0
2022-09-18,APAC,Home & Garden,4332.71,963.78,9.0
2023-03-12,North America,Beauty,1865.37,613.45,28.0
2022-12-20,APAC,Electronics,7233.52,,17.0
2023-01-15,APAC,Beauty,6002.25,1281.47,45.0
2023-12-04,LATAM,Beauty,839.37,150.71,4.0
2024-03-12,LATAM,Home & Garden,938.21,105.13,14.0
2023-12-06,North America,Beauty,1138.29,229.21,4.0
2022-07-19,LATAM,Home & Garden,4247.73,716.6,46.0
2022-11-11,EMEA,Electronics,12019.95,3757.44,32.0
2022-02-08,North America,Apparel,3348.22,512.48,9.0
2023-03-18,LATAM,Apparel,17605.15,2300.47,42.0
2024-03-23,Middle East,Apparel,1029.21,185.74,6.0
2023-04-05,North America,Beauty,6573.05,1660.13,19.0
2024-02-20,LATAM,Beauty,11667.82,3800.98,26.0
2024-09-18,EMEA,Beauty,1126.78,128.32,13.0
2022-01-28,LATAM,Sports,1978.29,348.08,16.0
2023-04-15,APAC,Apparel,8106.78,2096.49,16.0
2023-02-17,Middle East,Electronics,4615.4,1520.05,46.0
2023-10-24,North America,Sports,11536.35,1368.55,26.0
2023-06-17,LATAM,Apparel,13618.78,2208.55,27.0
2024-06-03,APAC,Electronics,8494.96,577.6,22.0
2024-06-14,Middle East,Food & Beverage,3568.42,1177.9,16.0
2022-07-01,Middle East,Electronics,1352.31,300.57,7.0
2023-03-29,Middle East,Home & Garden,708.67,95.12,40.0
2024-05-07,Middle East,Sports,2642.93,948.94,8.0
2024-12-12,LATAM,Sports,10419.07,3219.42,38.0
2022-03-20,APAC,Sports,13195.98,2792.99,25.0
2023-07-14,APAC,Home & Garden,18224.45,4993.87,36.0
2022-05-25,Middle East,Apparel,13944.88,3629.02,32.0
2023-05-12,APAC,Food & Beverage,18955.43,5083.76,44.0
2023-04-08,Middle East,Home & Garden,3636.94,997.78,37.0
2023-11-29,EMEA,Electronics,1191.96,260.99,5.0
2023-01-03,EMEA,Beauty,17913.07,4768.96,48.0
2022-02-12,APAC,Home & Garden,2778.67,654.91,39.0
2023-01-07,APAC,Electronics,4451.2,748.79,28.0
2024-04-20,LATAM,Sports,1116.35,385.45,4.0
2023-01-21,EMEA,Home & Garden,14998.03,4415.51,35.0
2022-10-25,Middle East,Beauty,14998.77,2300.79,34.0
2023-11-09,EMEA,Sports,8402.65,1217.5,38.0
2023-10-23,Middle East,Electronics,5932.25,1967.55,13.0
2024-07-14,EMEA,Beauty,5653.55,1081.24,36.0
2023-04-04,Middle East,Apparel,13122.4,678.55,32.0
2024-10-16,APAC,Electronics,4488.01,868.64,33.0
2024-05-29,EMEA,Apparel,5233.27,1605.33,31.0
2022-04-29,EMEA,Beauty,2055.57,757.64,23.0
2024-07-10,EMEA,Food & Beverage,9705.97,917.34,38.0
2022-01-06,LATAM,Sports,9310.93,3468.61,20.0
2024-05-05,LATAM,Electronics,6621.2,1228.32,20.0
2023-04-08,EMEA,Sports,5828.26,1068.36,30.0
2023-11-01,Middle East,Sports,10732.38,3911.98,48.0
2023-08-29,APAC,Beauty,10165.3,870.23,34.0
2022-11-14,Middle East,Beauty,6688.86,2528.48,22.0
2022-09-14,North America,Sports,1908.53,625.36,45.0
2024-10-12,North America,Apparel,4644.46,1384.28,12.0
2024-08-25,APAC,Apparel,2928.8,386.48,30.0
2023-04-15,North America,Electronics,6064.06,587.46,46.0
2022-02-01,LATAM,Sports,2884.41,598.78,20.0
2024-07-06,APAC,Food & Beverage,2231.43,635.55,17.0
2024-03-15,Middle East,Beauty,349.74,37.38,1.0
2023-09-25,North America,Beauty,3737.37,438.37,20.0
2023-03-25,North America,Sports,4834.81,1554.18,15.0
2024-01-03,EMEA,Beauty,3836.1,402.32,22.0
2022-05-01,Middle East,Electronics,333.78,79.56,2.0
2024-07-09,LATAM,Food & Beverage,198.7,37.86,14.0
2024-09-30,North America,Beauty,11795.08,1562.39,43.0
2023-09-16,Middle East,Apparel,16054.4,1299.32,38.0
2023-09-15,APAC,Beauty,13999.73,2827.0,33.0
2022-10-27,EMEA,Beauty,4732.95,327.42,15.0
2023-05-14,APAC,Home & Garden,3373.78,1028.51,29.0
2022-06-18,EMEA,Food & Beverage,21502.84,4477.66,47.0
2022-02-27,North America,Apparel,1448.22,518.22,5.0
2022-01-28,EMEA,Sports,2635.49,230.22,22.0
2023-09-14,Middle East,Home & Garden,5640.22,1510.42,19.0
2022-04-21,Middle East,Home & Garden,1671.42,530.05,13.0
2024-06-29,Middle East,Electronics,3740.0,1326.84,17.0
2022-08-19,LATAM,Home & Garden,3942.67,302.75,28.0
2024-10-03,EMEA,Apparel,22896.11,4059.16,49.0
2024-09-28,LATAM,Electronics,660.43,167.84,3.0
2023-01-17,North America,Home & Garden,9470.09,2322.19,39.0
2022-11-06,LATAM,Beauty,2643.87,798.68,14.0
2023-11-15,LATAM,Beauty,1109.87,406.51,6.0
2022-04-06,APAC,Sports,15083.25,2274.36,38.0
2022-12-15,Middle East,Food & Beverage,3022.63,1110.32,35.0
2024-08-05,Middle East,Electronics,987.52,349.37,2.0
2023-01-01,North America,Food & Beverage,5665.42,1443.51,48.0
2022-02-24,APAC,Sports,12352.24,4393.17,26.0
2024-02-21,Middle East,Sports,1499.49,562.19,5.0
2022-02-11,North America,Electronics,4260.89,802.39,13.0
2023-05-29,North America,Food & Beverage,8084.28,2266.14,20.0
2024-07-31,North America,Home & Garden,4493.46,1400.79,46.0
2023-02-20,EMEA,Beauty,1310.33,89.7,4.0
2024-03-05,Middle East,Home & Garden,5169.86,1040.42,14.0
2024-07-18,LATAM,Apparel,5618.97,1059.99,29.0
2024-04-26,EMEA,Beauty,1590.07,595.73,32.0
2022-04-26,LATAM,Electronics,3832.54,928.16,10.0
2022-08-29,LATAM,Sports,577.99,132.48,3.0
2023-07-23,LATAM,Electronics,8011.87,679.32,33.0
2022-07-30,APAC,Beauty,1703.74,387.75,16.0
2024-09-04,North America,Apparel,4082.79,263.68,8.0
2023-08-12,APAC,Home & Garden,1659.07,506.16,17.0
2023-07-07,APAC,Home & Garden,11073.53,3274.09,31.0
2024-12-05,EMEA,Electronics,11004.53,1475.25,23.0
2022-03-20,EMEA,Beauty,10223.27,1279.66,19.0
2024-12-21,LATAM,Electronics,270.2,21.81,1.0
2024-11-04,North America,Home & Garden,3199.74,1202.04,46.0
2022-08-16,EMEA,Food & Beverage,6487.97,727.92,29.0
2023-08-08,EMEA,Food & Beverage,24169.67,5395.81,46.0
2024-10-21,EMEA,Electronics,7483.68,2600.15,27.0
2023-10-24,North America,Beauty,5797.29,1288.66,46.0
2022-10-11,APAC,Food & Beverage,15767.32,2978.27,46.0
2023-12-22,Middle East,Food & Beverage,3690.91,1399.92,21.0
2022-04-14,LATAM,Beauty,16182.78,3129.64,38.0
2023-12-05,EMEA,Apparel,7377.21,1294.95,20.0
2023-01-31,Middle East,Home & Garden,267.35,95.21,1.0
2022-01-28,EMEA,Home & Garden,3175.39,997.91,35.0
2023-06-02,LATAM,Home & Garden,1338.24,482.83,3.0
2024-06-28,Middle East,Home & Garden,264.26,28.42,2.0
2024-05-28,EMEA,Apparel,298.11,95.9,5.0
2022-12-08,LATAM,Electronics,5874.46,2165.99,17.0
2023-11-27,Middle East,Food & Beverage,6357.38,649.08,23.0
2023-05-24,North America,Apparel,2344.35,537.61,5.0
2022-08-31,EMEA,Home & Garden,7835.17,815.81,23.0
2023-07-08,APAC,Sports,3098.93,807.05,46.0
2024-08-26,North America,Sports,7967.08,519.65,17.0
2022-04-02,EMEA,Food & Beverage,1914.34,544.95,8.0
2024-12-21,North America,Electronics,6073.18,720.43,31.0
2023-05-03,EMEA,Home & Garden,11345.06,817.36,43.0
2022-05-09,APAC,Sports,2802.79,148.54,7.0
2023-11-22,North America,Apparel,8063.59,997.31,18.0
2024-03-16,APAC,Electronics,2101.65,157.3,10.0
2023-08-30,North America,Food & Beverage,800.75,207.23,
2022-09-27,EMEA,Food & Beverage,6683.53,1347.05,46.0
2024-02-21,LATAM,Home & Garden,5818.61,1088.0,24.0
2023-03-20,North America,Electronics,5583.45,1013.19,34.0
2022-11-28,North America,Home & Garden,13868.01,1732.73,32.0
2022-01-12,EMEA,Home & Garden,11640.81,1033.0,33.0
2024-02-19,Middle East,Electronics,5910.25,605.39,14.0
2024-02-11,North America,Apparel,4654.66,669.82,37.0
2023-11-05,EMEA,Sports,10225.63,3860.3,24.0
2024-06-19,LATAM,Electronics,10644.94,3802.78,42.0
2024-10-24,EMEA,Apparel,1505.84,185.25,41.0
2022-12-25,LATAM,Electronics,1925.97,456.33,11.0
2024-07-27,LATAM,Apparel,940.24,51.25,43.0
2022-09-05,LATAM,Food & Beverage,7614.98,2601.29,42.0
2023-12-10,North America,Electronics,4329.05,484.12,30.0
2023-10-20,North America,Food & Beverage,1095.25,236.32,5.0
2023-07-14,APAC,Electronics,824.21,68.3,7.0
2023-09-09,LATAM,Food & Beverage,4603.32,1489.69,45.0
2023-05-11,LATAM,Beauty,1414.6,476.02,4.0
2022-06-12,EMEA,Home & Garden,3295.58,1000.77,19.0
2023-12-28,EMEA,Food & Beverage,14266.63,4093.86,41.0
2022-09-19,LATAM,Electronics,76.07,12.72,7.0
2024-03-17,Middle East,Electronics,248.9,82.12,1.0
2023-07-07,APAC,Beauty,2006.26,395.09,15.0
2023-07-16,EMEA,Electronics,315.84,23.81,12.0
2024-03-31,LATAM,Beauty,3013.2,379.26,21.0
2024-04-18,APAC,Beauty,429.79,88.86,6.0
2022-09-21,Middle East,Apparel,5907.2,511.96,39.0
2022-08-09,EMEA,Electronics,23972.16,7563.77,47.0
2024-04-29,North America,Beauty,2959.86,420.1,42.0
2023-04-21,EMEA,Sports,5500.35,1301.02,36.0
2023-07-20,LATAM,Beauty,7490.82,1516.41,19.0
2023-11-01,APAC,Electronics,2975.6,827.48,39.0
2023-08-11,EMEA,Apparel,13276.15,4938.99,47.0
2024-07-21,Middle East,Home & Garden,5140.0,1536.58,11.0
2023-04-22,North America,Home & Garden,1448.8,437.83,42.0
2023-10-15,LATAM,Beauty,14482.62,4635.43,39.0
2023-01-17,Middle East,Electronics,3050.8,774.46,13.0
2024-08-16,APAC,Apparel,3663.16,989.48,26.0
2022-05-01,APAC,Beauty,3447.84,927.13,8.0
2024-08-24,Middle East,Home & Garden,289.0,105.93,1.0
2022-11-08,EMEA,Food & Beverage,485.08,142.76,25.0
2024-03-11,APAC,Beauty,2309.78,595.97,13.0
2024-02-18,EMEA,Sports,21656.27,1766.63,43.0
2024-01-28,LATAM,Electronics,861.14,128.45,5.0
2024-12-22,APAC,Home & Garden,7780.81,1639.9,36.0
2023-11-12,North America,Home & Garden,7590.02,1011.24,22.0
2022-10-15,Middle East,Electronics,1267.43,202.58,
2024-11-07,Middle East,Electronics,11742.96,,37.0
2024-08-08,LATAM,Food & Beverage,13042.68,3269.48,38.0
2023-04-25,Middle East,Sports,1900.6,148.79,30.0
2023-09-17,EMEA,Electronics,32.18,1.79,1.0
2022-10-12,APAC,Home & Garden,9301.7,730.68,35.0
2022-03-21,EMEA,Sports,13005.09,2376.89,34.0
2023-09-26,LATAM,Apparel,300.99,50.26,1.0
2023-03-06,LATAM,Food & Beverage,1531.92,,34.0
2023-08-01,Middle East,Beauty,5205.36,1332.73,14.0
2022-07-02,North America,Sports,9496.41,3504.31,26.0
2024-03-16,LATAM,Home & Garden,13598.51,2925.77,39.0
2024-07-14,North America,Electronics,4836.33,1498.94,17.0
2023-03-08,Middle East,Home & Garden,10715.97,3163.03,31.0
2024-05-24,APAC,Sports,2587.61,575.97,8.0
2022-01-28,Middle East,Electronics,17354.22,4378.74,43.0
2023-03-15,LATAM,Sports,2452.65,767.56,15.0
2022-12-26,Middle East,Apparel,1234.89,215.24,16.0
2023-04-04,LATAM,Apparel,2180.58,403.71,17.0
2023-04-09,LATAM,Sports,1157.9,261.14,
2022-06-27,North America,Food & Beverage,13922.55,3826.07,32.0
2024-11-17,Middle East,Apparel,417.81,61.77,8.0
2022-09-03,LATAM,Beauty,3451.18,186.92,25.0
2023-08-06,EMEA,Electronics,11999.68,3125.41,46.0
2022-05-21,North America,Electronics,3836.77,1191.01,39.0
2023-09-20,North America,Food & Beverage,5074.54,1200.9,28.0
2024-12-09,Middle East,Beauty,8557.88,1641.63,24.0
2023-08-03,EMEA,Apparel,18359.95,5133.06,39.0
2022-11-20,Middle East,Electronics,8112.07,891.98,24.0
2022-05-07,LATAM,Home & Garden,9138.24,2159.81,34.0
2024-05-26,EMEA,Home & Garden,13925.13,1328.84,37.0
2023-05-23,LATAM,Beauty,4271.07,387.84,9.0
2024-08-08,LATAM,Food & Beverage,15643.39,5144.08,38.0
2024-12-15,North America,Electronics,447.17,61.85,1.0
2023-05-30,LATAM,Apparel,8207.02,1370.72,33.0
2023-03-16,LATAM,Apparel,16207.69,4887.62,37.0
2023-08-19,Middle East,Beauty,7986.93,1850.54,23.0
2023-06-13,APAC,Electronics,1633.3,333.55,18.0
2024-03-10,Middle East,Food & Beverage,8194.29,2376.21,17.0
2022-12-09,North America,Electronics,6125.28,1977.68,47.0
2024-07-13,Middle East,Electronics,6285.65,1625.46,30.0
2024-05-01,Middle East,Beauty,5347.59,1640.48,20.0
2023-02-09,Middle East,Apparel,8671.49,846.35,35.0
2024-05-25,Middle East,Electronics,12232.11,1936.47,31.0
2023-07-07,Middle East,Home & Garden,314.34,23.73,2.0
2023-04-19,APAC,Home & Garden,2610.64,357.6,23.0
2024-08-17,EMEA,Home & Garden,256.16,73.81,5.0
2024-03-31,APAC,Beauty,8306.4,2273.38,23.0
2023-06-05,APAC,Sports,4241.43,708.13,30.0
2023-08-11,Middle East,Apparel,5351.25,300.8,39.0
2024-08-21,LATAM,Apparel,2218.02,707.54,5.0
2024-07-31,Middle East,Sports,2683.14,464.53,14.0
2023-04-22,North America,Apparel,2681.37,880.55,31.0
2022-01-16,Middle East,Apparel,3045.61,948.3,13.0
2024-01-04,APAC,Electronics,18854.99,1752.52,45.0
2023-09-23,EMEA,Food & Beverage,16565.69,3358.08,42.0
2023-11-05,Middle East,Sports,273.68,95.35,5.0
2023-02-17,APAC,Apparel,1577.25,247.14,12.0
2023-04-14,EMEA,Beauty,4208.18,529.31,18.0
2023-05-02,North America,Food & Beverage,7261.43,815.67,37.0
2024-10-18,North America,Electronics,3802.87,442.9,40.0
2023-06-10,EMEA,Sports,3012.93,798.98,28.0
2024-03-08,EMEA,Food & Beverage,11361.85,3071.92,32.0
2024-01-16,Middle East,Home & Garden,2537.76,766.62,49.0
2022-12-01,EMEA,Sports,17906.71,6433.09,43.0
2024-10-03,APAC,Food & Beverage,18035.06,3903.68,33.0
2024-01-15,EMEA,Home & Garden,6319.19,2144.22,18.0
2024-07-10,Middle East,Beauty,4501.2,390.71,25.0
2022-12-13,Middle East,Sports,5606.25,1894.24,19.0
2022-06-10,LATAM,Electronics,2457.93,175.41,9.0
2022-05-06,APAC,Electronics,9400.33,1200.48,34.0
2022-08-29,EMEA,Electronics,2698.97,296.53,16.0
2022-07-24,LATAM,Beauty,12709.89,2606.04,31.0
2024-03-18,APAC,Home & Garden,7881.56,2260.55,20.0
2024-02-01,LATAM,Food & Beverage,131.09,19.74,1.0
2024-12-07,EMEA,Electronics,3069.73,708.37,6.0
2022-07-06,North America,Electronics,474.42,150.74,8.0
2022-10-02,North America,Beauty,11676.56,948.66,28.0
2024-07-12,Middle East,Food & Beverage,8605.44,2125.62,22.0
2023-07-25,APAC,Sports,534.97,141.23,13.0
2024-12-03,Middle East,Food & Beverage,20273.19,5082.55,45.0
2023-03-10,Middle East,Food & Beverage,5679.71,343.7,24.0
2024-07-15,APAC,Electronics,559.55,36.02,9.0
2023-12-04,APAC,Electronics,9834.63,3513.61,39.0
2024-09-13,LATAM,Sports,10601.23,604.4,29.0
2023-03-19,APAC,Apparel,1136.67,100.82,26.0
2024-09-02,LATAM,Home & Garden,1506.54,466.88,8.0
2023-09-17,EMEA,Home & Garden,4929.12,932.48,
2023-09-09,APAC,Food & Beverage,11856.12,1859.11,31.0
2024-09-21,North America,Sports,16111.88,,35.0
2023-01-14,APAC,Food & Beverage,4688.99,534.07,35.0
2023-01-28,North America,Sports,365.88,122.6,4.0
2024-02-17,North America,Food & Beverage,7567.68,1907.43,14.0
2022-10-21,North America,Sports,5555.71,1867.6,17.0
2024-04-25,LATAM,Apparel,16352.43,3387.31,43.0
2024-04-09,Middle East,Food & Beverage,6451.21,539.55,22.0
2022-11-22,LATAM,Home & Garden,4123.7,506.24,29.0
2023-02-19,APAC,Beauty,3224.57,493.72,25.0
2024-04-29,EMEA,Beauty,2762.98,392.6,39.0
2024-07-19,Middle East,Sports,6345.93,1732.3,38.0
2022-05-11,North America,Electronics,3823.51,276.88,31.0
2022-07-21,North America,Food & Beverage,3135.39,357.67,25.0
2022-10-16,LATAM,Apparel,9267.11,2611.98,20.0
2023-01-28,APAC,Home & Garden,7983.97,747.76,16.0
2022-11-17,EMEA,Food & Beverage,10190.4,1047.38,27.0
2022-12-10,APAC,Sports,2434.25,279.51,7.0
2024-10-29,Middle East,Apparel,1246.96,230.31,4.0
2022-10-05,LATAM,Electronics,731.68,38.54,21.0
2022-03-25,APAC,Food & Beverage,908.75,179.3,20.0
2024-04-12,EMEA,Beauty,16213.64,967.26,36.0
2024-06-13,APAC,Apparel,8516.37,3040.76,24.0
2023-05-26,EMEA,Apparel,15238.62,5613.41,37.0
2022-06-23,LATAM,Apparel,2604.38,778.0,14.0
2023-08-17,EMEA,Apparel,5687.97,1169.14,20.0
2022-07-24,Middle East,Home & Garden,17764.06,2805.8,39.0
2024-08-24,EMEA,Home & Garden,12669.9,3175.97,35.0
2023-09-14,EMEA,Apparel,450.37,122.7,3.0
2023-10-21,EMEA,Apparel,3698.63,1166.6,8.0
2023-06-09,Middle East,Food & Beverage,265.27,82.41,9.0
2024-06-07,APAC,Beauty,5961.88,1066.83,24.0
2024-03-22,North America,Home & Garden,1192.0,84.22,6.0
2024-01-02,LATAM,Apparel,5721.56,1755.55,34.0
2023-07-03,North America,Home & Garden,14046.65,2554.43,27.0
2023-11-18,APAC,Electronics,4129.08,753.18,39.0
2022-10-28,EMEA,Apparel,267.46,23.18,1.0
2022-01-23,North America,Electronics,9217.63,2529.26,32.0
2023-08-23,North America,Beauty,475.83,112.64,5.0
2022-08-17,North America,Electronics,2816.35,891.01,21.0
2024-11-04,APAC,Electronics,20662.15,2136.37,48.0
2024-01-03,APAC,Electronics,3999.39,351.14,13.0
2024-01-15,Middle East,Electronics,3759.8,1043.74,15.0
2024-01-27,LATAM,Apparel,10335.56,1944.36,39.0
2022-01-17,North America,Food & Beverage,2987.99,850.2,8.0
2024-09-21,North America,Electronics,5017.23,1390.89,41.0
2022-08-05,EMEA,Electronics,1350.76,,42.0
2023-04-02,LATAM,Electronics,5931.1,1201.79,22.0
2023-11-06,LATAM,Home & Garden,8240.52,1737.97,45.0
2022-01-26,LATAM,Electronics,2952.41,983.16,47.0
2022-02-01,APAC,Home & Garden,9923.0,3489.2,49.0
2024-02-07,LATAM,Electronics,2770.19,145.4,37.0
2024-03-03,APAC,Food & Beverage,6755.15,2218.06,36.0
2022-10-19,APAC,Apparel,1073.59,147.32,27.0
2023-02-03,EMEA,Apparel,1359.71,440.65,4.0
2024-02-03,Middle East,Apparel,12467.57,1036.98,25.0
2023-06-14,LATAM,Sports,,1976.57,33.0
2023-11-19,LATAM,Home & Garden,5641.62,1705.13,27.0
2024-02-06,Middle East,Electronics,8704.47,749.25,43.0
2022-09-26,EMEA,Home & Garden,1239.83,314.06,8.0
2023-08-13,LATAM,Sports,3036.45,679.26,11.0
2023-04-14,APAC,Home & Garden,13292.62,3126.49,30.0
2022-10-26,North America,Food & Beverage,3415.95,379.27,9.0
2022-05-21,LATAM,Beauty,3149.76,313.49,16.0
2023-03-01,North America,Electronics,15993.99,3294.74,40.0
2022-08-27,North America,Beauty,7329.84,1531.9,18.0
2023-12-22,APAC,Sports,10505.39,3321.12,36.0
2023-07-01,APAC,Electronics,1249.27,243.63,33.0
2023-05-18,Middle East,Electronics,6655.78,1531.09,23.0
2024-12-13,North America,Sports,7429.17,657.13,31.0
2022-02-07,APAC,Home & Garden,5294.04,597.97,42.0
2022-04-08,APAC,Home & Garden,1015.97,232.81,2.0
2023-12-07,Middle East,Electronics,80.78,4.88,2.0
2024-03-08,APAC,Beauty,785.75,150.7,4.0
2024-09-12,APAC,Beauty,5289.21,1950.65,11.0
2023-06-14,North America,Electronics,10919.79,3009.24,39.0
2022-12-09,LATAM,Sports,12321.6,2993.24,29.0
2024-11-17,APAC,Beauty,11166.33,3550.8,49.0
2022-10-04,Middle East,Sports,3325.92,279.76,45.0
2022-03-12,LATAM,Home & Garden,1308.0,448.8,47.0
2022-04-07,APAC,Food & Beverage,5006.42,881.2,11.0
2023-03-14,LATAM,Sports,4835.57,1054.7,14.0
2023-04-21,LATAM,Sports,1810.43,267.94,4.0
2024-11-20,North America,Food & Beverage,618.81,168.76,6.0
2024-09-30,APAC,Sports,437.89,105.51,8.0
2023-03-23,North America,Apparel,16932.13,5026.32,40.0
2022-12-27,North America,Apparel,490.76,133.52,4.0
2023-11-04,Middle East,Home & Garden,161.05,55.31,2.0
2024-06-26,LATAM,Home & Garden,3950.77,555.09,26.0
2022-01-30,Middle East,Sports,7781.96,1840.93,19.0
2023-11-26,APAC,Apparel,91.96,29.24,3.0
2022-02-10,EMEA,Sports,18264.71,6221.36,44.0
2023-01-24,EMEA,Home & Garden,13790.36,2493.43,35.0
2023-12-31,LATAM,Electronics,16668.32,4753.16,40.0
2024-12-25,Middle East,Home & Garden,7585.9,1942.64,18.0
2023-06-06,LATAM,Sports,3987.42,,10.0
2023-02-02,EMEA,Electronics,836.76,66.57,3.0
2023-12-28,Middle East,Electronics,1690.79,322.99,25.0
2024-02-22,LATAM,Home & Garden,3615.78,1364.96,40.0
2024-12-05,LATAM,Food & Beverage,2947.86,598.31,15.0
2024-11-25,APAC,Sports,1215.6,173.48,5.0
2022-07-29,APAC,Beauty,532.76,137.54,2.0
2023-07-06,LATAM,Sports,2374.63,531.16,15.0
2024-03-03,Middle East,Sports,9478.56,1187.14,24.0
2023-11-02,EMEA,Apparel,1677.75,634.76,12.0
2022-05-26,APAC,Electronics,8837.02,1132.03,36.0
2024-10-09,LATAM,Beauty,5932.21,1958.05,17.0
2022-01-06,EMEA,Home & Garden,13893.72,1867.04,34.0
2022-04-26,EMEA,Food & Beverage,1999.96,415.72,35.0
2023-05-24,LATAM,Food & Beverage,4841.38,1728.41,34.0
2023-04-15,North America,Sports,450.66,119.35,1.0
2024-06-19,APAC,Apparel,6111.0,2110.56,28.0
2024-11-20,North America,Beauty,6348.7,733.43,39.0
2023-11-14,LATAM,Beauty,6810.72,2338.09,34.0
2024-09-24,EMEA,Home & Garden,3361.73,,29.0
2022-02-02,EMEA,Electronics,11394.37,2332.56,42.0
2024-01-21,EMEA,Apparel,4958.08,477.56,18.0
2022-01-11,EMEA,Apparel,7792.54,1969.75,42.0
2022-08-13,North America,Home & Garden,1894.78,127.49,23.0
2024-11-28,North America,Home & Garden,6611.84,1753.91,31.0
2022-12-13,APAC,Beauty,14787.61,1912.67,43.0
2024-05-04,APAC,Apparel,8753.42,1017.8,35.0
2022-01-21,EMEA,Food & Beverage,324.75,72.51,11.0
2023-07-20,LATAM,Home & Garden,2248.17,642.48,16.0
2022-02-07,EMEA,Apparel,1146.85,425.85,27.0
2023-01-14,APAC,Food & Beverage,6571.81,2044.72,21.0
2022-08-06,Middle East,Sports,1964.93,496.01,4.0
2024-07-26,EMEA,Electronics,6389.8,864.59,20.0
2022-07-27,APAC,Sports,8109.95,2734.84,23.0
2024-07-01,LATAM,Home & Garden,11389.02,2488.81,47.0
2023-04-29,Middle East,Sports,4560.93,687.62,49.0
2022-04-30,APAC,Electronics,2560.98,576.85,8.0
2022-08-11,Middle East,Electronics,2574.88,485.42,11.0
2022-10-01,EMEA,Beauty,3306.71,1150.0,18.0
2023-10-17,North America,Home & Garden,14441.75,4535.12,34.0
2023-03-28,LATAM,Electronics,3474.29,880.78,12.0
2022-08-29,APAC,Apparel,6660.7,1267.28,19.0
2023-05-12,Middle East,Sports,17208.82,1187.21,37.0
2024-06-03,Middle East,Electronics,6850.87,1047.38,48.0
2024-08-04,APAC,Sports,13381.7,4038.34,26.0
2024-09-03,North America,Beauty,7700.48,2297.55,22.0
2023-08-19,Middle East,Food & Beverage,19059.25,5307.92,40.0
2024-06-04,Middle East,Home & Garden,380.45,46.98,14.0
2024-02-26,APAC,Electronics,9900.87,1802.36,46.0
2024-02-21,North America,Sports,5436.79,746.27,41.0
2022-11-16,Middle East,Food & Beverage,11343.71,907.04,40.0
2022-12-22,North America,Home & Garden,2379.59,580.69,5.0
2024-01-13,APAC,Beauty,3494.61,961.73,11.0
2022-05-30,LATAM,Apparel,4264.8,930.47,11.0
2023-01-13,EMEA,Food & Beverage,366.39,35.29,1.0
2023-04-14,North America,Electronics,6184.26,1551.0,14.0
2024-02-17,North America,Beauty,10060.77,,21.0
2022-04-08,North America,Food & Beverage,15374.41,3771.76,47.0
2024-04-18,North America,Home & Garden,4222.73,637.46,35.0
2024-07-10,North America,Apparel,2524.03,172.84,13.0
2024-01-18,Middle East,Electronics,6924.06,1063.47,35.0
2024-01-24,North America,Beauty,3955.63,300.33,29.0
2024-10-12,Middle East,Home & Garden,59.54,4.76,4.0
2023-12-24,Middle East,Sports,14128.57,2904.55,49.0
2023-06-22,Middle East,Apparel,15276.83,3188.09,47.0
2022-03-13,Middle East,Apparel,4775.6,1450.73,45.0
2022-12-18,EMEA,Apparel,5261.1,1383.19,12.0
2022-12-08,North America,Electronics,18921.33,3118.61,36.0
2022-06-23,APAC,Electronics,5937.38,,19.0
2022-11-05,North America,Home & Garden,7126.27,2326.93,16.0
2022-07-07,Middle East,Home & Garden,7190.4,683.69,21.0
2023-12-07,Middle East,Electronics,5357.42,1641.83,47.0
2024-05-07,Middle East,Electronics,1620.76,152.11,23.0
2023-05-24,APAC,Apparel,11838.22,2988.55,30.0
2022-06-27,LATAM,Electronics,1320.08,137.25,3.0
2022-12-06,APAC,Beauty,5780.35,304.22,40.0
2024-03-21,Middle East,Beauty,5293.76,1773.72,18.0
2023-10-08,APAC,Electronics,2197.92,234.77,8.0
2024-10-18,APAC,Electronics,1883.51,493.23,30.0
2023-11-12,APAC,Sports,872.61,296.56,2.0
2024-11-27,APAC,Electronics,7960.37,1405.36,21.0
2023-11-16,EMEA,Food & Beverage,1186.99,147.63,22.0
2022-12-24,APAC,Food & Beverage,9735.03,3696.41,33.0
2023-08-18,APAC,Home & Garden,10568.09,1007.97,43.0
2023-11-07,North America,Beauty,20400.98,1563.28,40.0
2022-08-06,LATAM,Food & Beverage,10360.59,2151.84,42.0
2023-09-11,Middle East,Apparel,880.73,67.06,8.0
2022-12-05,Middle East,Beauty,15374.39,3197.25,43.0
2022-02-18,APAC,Apparel,16498.69,1083.5,49.0
2023-02-06,EMEA,Home & Garden,5660.66,1708.63,27.0
2022-03-03,APAC,Sports,17771.58,4164.97,48.0
2024-01-26,North America,Apparel,12996.42,999.43,43.0
2023-06-03,APAC,Sports,19160.84,3012.88,43.0
2024-04-01,LATAM,Apparel,12900.62,2761.62,34.0
2023-05-05,EMEA,Beauty,1958.3,194.29,9.0
2024-09-28,North America,Apparel,1007.72,162.12,3.0
2022-05-17,EMEA,Food & Beverage,6513.2,778.95,35.0
2024-05-29,North America,Home & Garden,3864.67,229.18,12.0
2024-02-28,EMEA,Apparel,639.69,156.34,2.0
2022-05-23,EMEA,Electronics,479.49,76.12,17.0
2023-04-12,EMEA,Apparel,7341.04,1742.76,28.0
2022-06-30,APAC,Sports,17014.05,4999.49,40.0
2023-03-28,APAC,Beauty,394.85,28.26,10.0
2022-09-03,EMEA,Sports,8196.7,2617.77,26.0
2023-02-07,LATAM,Food & Beverage,8348.76,1375.75,25.0
2023-12-30,North America,Home & Garden,338.93,19.54,5.0
2024-04-05,EMEA,Sports,2861.95,687.4,7.0
2024-04-05,North America,Home & Garden,8926.02,670.76,43.0
2023-06-15,EMEA,Apparel,9031.73,1822.37,23.0
2023-03-17,LATAM,Sports,3774.58,1261.85,37.0
2024-02-18,North America,Sports,11064.76,3030.3,24.0
2022-09-17,Middle East,Food & Beverage,6628.37,1356.02,33.0
2022-06-17,APAC,Sports,17669.98,1124.21,49.0
2023-12-08,EMEA,Food & Beverage,3397.86,1146.04,13.0
2023-08-03,EMEA,Home & Garden,5118.39,1369.79,18.0
2023-06-07,EMEA,Apparel,,346.82,11.0
2022-03-15,LATAM,Sports,605.07,56.94,18.0
2024-12-15,Middle East,Food & Beverage,534.12,151.77,6.0
2024-05-03,EMEA,Apparel,519.91,42.71,7.0
2022-06-19,Middle East,Home & Garden,673.21,137.02,2.0
2023-03-10,LATAM,Food & Beverage,11658.13,2230.92,28.0
2024-07-07,LATAM,Beauty,4117.69,1536.79,33.0
2024-05-17,Middle East,Sports,11971.68,4542.67,30.0
2024-08-20,EMEA,Apparel,1505.26,349.21,20.0
2023-09-20,APAC,Food & Beverage,1013.8,282.44,5.0
2023-06-08,North America,Home & Garden,5303.09,343.69,16.0
2023-04-09,North America,Home & Garden,583.79,44.47,7.0
2022-10-07,Middle East,Sports,6217.47,562.91,30.0
2023-05-24,Middle East,Electronics,5043.07,727.51,11.0
2023-08-10,Middle East,Sports,1102.54,395.71,24.0
2023-05-04,LATAM,Sports,9920.78,509.07,47.0
2022-06-03,Middle East,Home & Garden,19332.31,4600.78,45.0
2022-02-14,LATAM,Beauty,2683.47,560.76,19.0
2023-04-02,North America,Beauty,13638.43,3178.13,30.0
2022-07-23,EMEA,Apparel,19546.06,2285.93,39.0
2024-04-27,North America,Sports,9098.53,,41.0
2023-11-01,Middle East,Food & Beverage,1365.72,488.35,7.0
2023-05-27,LATAM,Apparel,6834.29,1935.18,16.0
2022-11-12,North America,Home & Garden,2074.86,318.74,49.0
2023-05-13,EMEA,Apparel,4980.56,1429.12,12.0
2023-10-02,LATAM,Sports,16800.36,2875.6,42.0
2022-11-19,Middle East,Beauty,6451.37,2141.12,31.0
2022-04-06,Middle East,Electronics,4020.91,587.71,36.0
2023-02-28,North America,Sports,7034.31,381.89,30.0
2024-07-18,North America,Home & Garden,5283.03,1264.88,24.0
2022-04-14,North America,Beauty,1330.92,266.11,
2023-04-11,LATAM,Electronics,191.76,61.46,20.0
2022-09-14,EMEA,Sports,9185.21,1731.48,29.0
2023-05-01,North America,Electronics,1733.16,174.29,30.0
2023-06-18,EMEA,Sports,13725.82,2501.15,37.0
2023-08-26,APAC,Food & Beverage,1018.14,295.39,3.0
2024-06-11,APAC,Food & Beverage,7172.84,606.08,28.0
2024-10-05,EMEA,Apparel,456.29,166.44,5.0
2024-05-10,Middle East,Beauty,14367.53,2590.85,39.0
2023-05-24,LATAM,Sports,17805.01,5468.99,47.0
2022-08-16,APAC,Sports,6228.53,1603.5,14.0
2023-07-03,LATAM,Beauty,3553.26,1176.91,33.0
2024-04-15,LATAM,Sports,9693.98,1982.36,40.0
2022-06-03,Middle East,Food & Beverage,7875.1,1044.7,29.0
2024-03-21,APAC,Food & Beverage,156.69,53.24,3.0
2023-05-15,North America,Beauty,3635.07,1354.92,23.0
2022-12-02,APAC,Beauty,6374.32,755.39,43.0
2023-01-04,APAC,Sports,9252.22,746.14,25.0
2024-07-15,Middle East,Apparel,1127.72,322.34,33.0
2024-08-22,EMEA,Home & Garden,4217.38,686.2,9.0
2024-04-07,North America,Beauty,823.08,93.03,2.0
2023-10-15,LATAM,Food & Beverage,11733.63,3853.06,28.0
2024-07-03,APAC,Apparel,10537.21,599.64,27.0
2024-07-13,LATAM,Beauty,10513.94,3089.62,21.0
2022-11-11,North America,Apparel,13192.61,1024.88,41.0
2023-03-03,APAC,Food & Beverage,9275.7,2732.18,21.0
2022-08-25,Middle East,Electronics,1391.96,,24.0
2024-01-06,EMEA,Food & Beverage,6504.39,1516.1,40.0
2022-05-02,EMEA,Beauty,4014.07,370.42,11.0
2022-09-30,EMEA,Sports,2758.27,779.97,16.0
2024-10-04,EMEA,Apparel,12144.91,2530.68,23.0
2023-02-14,Middle East,Sports,11952.63,1692.33,32.0
2024-10-02,LATAM,Home & Garden,13769.52,1586.77,32.0
2024-08-30,APAC,Apparel,13156.7,4038.98,25.0
2024-10-11,Middle East,Food & Beverage,5768.61,603.54,15.0
2023-06-22,APAC,Beauty,11710.11,2910.78,38.0
2022-03-20,EMEA,Sports,4590.61,937.98,25.0
2024-04-08,LATAM,Apparel,6878.14,1691.0,34.0
2022-05-19,LATAM,Food & Beverage,3695.26,642.98,10.0
2023-04-20,APAC,Beauty,1384.37,165.75,17.0
2023-08-26,Middle East,Apparel,6542.59,965.03,13.0
2024-11-15,APAC,Sports,3224.44,1210.62,15.0
2022-08-24,Middle East,Apparel,5149.38,1355.58,17.0
2023-01-12,APAC,Sports,1460.33,209.94,9.0
2023-05-29,EMEA,Sports,7548.53,1424.6,30.0
2023-10-10,EMEA,Home & Garden,1359.58,430.98,41.0
2023-02-06,EMEA,Electronics,14611.67,5372.81,32.0
2024-01-14,LATAM,Apparel,22346.46,6336.9,48.0
2024-06-18,Middle East,Food & Beverage,1803.65,605.6,12.0
2023-08-14,EMEA,Home & Garden,9401.41,1096.33,24.0
2024-07-23,Middle East,Electronics,1918.11,206.56,43.0
2022-03-24,EMEA,Beauty,7053.37,2123.62,30.0
2024-12-08,LATAM,Home & Garden,1155.07,63.16,5.0
2023-12-06,APAC,Apparel,18325.21,3722.89,38.0
2022-05-22,EMEA,Electronics,19347.9,1863.82,46.0
2022-04-24,EMEA,Home & Garden,3950.83,1357.84,16.0
2024-05-26,EMEA,Home & Garden,6039.84,2058.18,15.0
2023-03-23,Middle East,Beauty,9606.54,1230.24,40.0
2024-11-23,APAC,Beauty,2117.87,670.3,18.0
2023-11-15,APAC,Food & Beverage,920.98,233.16,2.0
2024-09-24,LATAM,Beauty,5020.24,817.43,14.0
2023-07-23,North America,Electronics,2925.07,605.42,23.0
2022-07-17,APAC,Beauty,13863.78,2555.83,48.0
2024-03-22,EMEA,Sports,13866.19,4275.42,48.0
2023-05-23,Middle East,Electronics,7314.0,1297.07,23.0
2022-01-06,APAC,Electronics,11897.28,2156.65,27.0
2023-10-29,APAC,Apparel,3732.63,398.12,44.0
2023-02-24,Middle East,Beauty,16302.05,6112.74,43.0
2023-07-29,North America,Home & Garden,1832.08,430.56,5.0
2022-10-28,Middle East,Beauty,3642.71,362.47,32.0
2023-02-09,Middle East,Food & Beverage,7959.91,481.22,42.0
2024-03-10,Middle East,Apparel,844.13,276.36,2.0
2024-04-14,APAC,Beauty,965.66,323.26,7.0
2022-08-15,EMEA,Home & Garden,6958.18,1255.25,15.0
2024-07-15,Middle East,Electronics,4375.76,985.57,8.0
2022-02-21,EMEA,Apparel,331.47,113.82,2.0
2022-04-05,APAC,Food & Beverage,956.12,,2.0
2022-11-18,EMEA,Home & Garden,4929.86,1027.85,10.0
2023-08-21,Middle East,Electronics,5631.97,1137.33,46.0
2023-12-01,Middle East,Food & Beverage,2005.7,618.99,7.0
2024-03-12,Middle East,Food & Beverage,21291.11,1989.74,41.0
2024-08-29,LATAM,Sports,1943.86,347.43,28.0
2023-01-09,APAC,Sports,5813.43,2204.15,32.0
2023-01-25,LATAM,Home & Garden,3074.88,375.65,27.0
2022-12-07,Middle East,Food & Beverage,3094.67,340.95,32.0
2023-12-25,North America,Electronics,8550.5,1749.57,22.0
2024-05-20,EMEA,Home & Garden,3594.3,1095.96,27.0
2023-12-23,LATAM,Home & Garden,15306.0,1211.37,44.0
2024-04-09,EMEA,Apparel,5360.16,947.67,11.0
2022-12-30,EMEA,Sports,20810.58,1131.19,49.0
2022-11-20,LATAM,Sports,6164.75,1272.21,38.0
2024-12-29,Middle East,Electronics,604.9,51.45,2.0
2023-11-08,EMEA,Apparel,1382.9,153.47,22.0
2023-11-24,EMEA,Electronics,3961.6,609.93,49.0
2023-07-16,Middle East,Sports,1031.19,256.84,17.0
2023-11-15,APAC,Home & Garden,3000.14,390.09,12.0
2024-10-06,LATAM,Food & Beverage,6831.3,1897.57,48.0
2024-03-06,EMEA,Apparel,2623.42,597.04,47.0
2024-07-16,APAC,Sports,525.73,185.19,31.0
2024-04-16,Middle East,Sports,5140.56,926.23,43.0
2022-12-13,Middle East,Beauty,2004.99,620.78,4.0
2023-04-07,Middle East,Sports,19355.75,2722.09,48.0
2022-08-25,APAC,Sports,125.78,29.48,4.0
2022-09-22,EMEA,Food & Beverage,1594.83,597.52,37.0
2023-08-29,North America,Food & Beverage,4553.11,719.9,31.0
2024-09-14,APAC,Food & Beverage,3171.27,1059.46,6.0
2023-10-15,Middle East,Home & Garden,1600.28,219.1,6.0
2024-11-07,Middle East,Home & Garden,744.47,38.81,18.0
2022-09-17,Middle East,Beauty,2353.21,343.35,14.0
2023-10-28,North America,Sports,5751.1,1674.38,12.0
2024-11-09,APAC,Home & Garden,11675.05,2842.37,27.0
2022-05-11,LATAM,Home & Garden,3125.72,1084.9,21.0
2023-09-05,North America,Food & Beverage,3935.66,1402.13,10.0
2023-01-12,EMEA,Beauty,521.18,135.1,4.0
2022-02-06,LATAM,Home & Garden,9514.34,2546.84,35.0
2024-07-24,APAC,Beauty,5659.99,1487.75,15.0
2024-08-22,EMEA,Electronics,1342.93,470.69,8.0
2024-02-28,EMEA,Sports,6217.44,851.14,44.0
2023-11-01,APAC,Home & Garden,2308.4,797.07,37.0
2024-08-25,APAC,Food & Beverage,4987.64,1515.36,28.0
2023-01-17,EMEA,Apparel,5617.24,1465.36,13.0
2024-01-21,EMEA,Home & Garden,169.26,28.53,2.0
2023-06-28,APAC,Electronics,357.46,89.72,16.0
2022-08-16,EMEA,Sports,9999.03,2842.1,40.0
2023-10-08,North America,Food & Beverage,9295.17,1210.57,29.0
2023-12-11,EMEA,Beauty,8909.17,2568.32,34.0
2024-05-22,LATAM,Electronics,22670.72,6981.2,47.0
2024-10-19,APAC,Sports,1059.55,341.49,8.0
2023-07-08,LATAM,Sports,23439.32,7729.27,48.0
2022-01-01,APAC,Sports,1184.51,406.33,23.0
2023-03-19,North America,Food & Beverage,2739.53,996.64,30.0
2024-10-23,APAC,Sports,4509.71,895.96,49.0
2022-08-14,EMEA,Electronics,3631.34,1209.53,15.0
2022-11-24,LATAM,Electronics,22847.42,7708.02,47.0
2024-09-10,North America,Beauty,3736.64,912.78,32.0
2023-09-25,APAC,Home & Garden,17049.58,1728.84,45.0
2024-06-08,North America,Apparel,16385.41,3377.09,34.0
2023-11-17,North America,Apparel,9084.51,970.78,19.0
2022-01-07,APAC,Apparel,4396.79,701.46,46.0
2022-03-25,LATAM,Sports,5698.29,1858.5,45.0
2023-02-26,EMEA,Beauty,8341.72,1264.04,31.0
2023-08-27,APAC,Beauty,22868.66,2937.0,49.0
2022-12-23,EMEA,Food & Beverage,1766.48,548.51,40.0
2022-06-14,North America,Food & Beverage,11468.37,2278.52,40.0
2022-01-30,Middle East,Home & Garden,6927.36,390.15,17.0
2024-03-16,North America,Apparel,522.12,63.45,4.0
2024-07-07,LATAM,Sports,37.91,7.28,2.0
2023-03-28,EMEA,Food & Beverage,4491.74,1109.59,46.0
2023-05-09,LATAM,Sports,4373.43,231.62,15.0
2024-12-27,LATAM,Home & Garden,14034.31,3553.95,36.0
2022-11-28,APAC,Sports,7534.27,2059.88,16.0
2024-08-28,EMEA,Apparel,13392.39,3646.94,32.0
2022-08-05,APAC,Food & Beverage,2098.72,677.22,11.0
2023-03-28,APAC,Food & Beverage,3290.83,604.22,38.0
2023-08-13,LATAM,Home & Garden,12292.38,4111.38,28.0
2022-03-11,North America,Beauty,446.81,120.88,21.0
2022-05-18,APAC,Food & Beverage,6540.8,2233.71,25.0
2023-11-09,North America,Apparel,3432.64,522.73,21.0
2024-08-26,LATAM,Sports,9594.91,3382.27,36.0
2024-09-19,LATAM,Beauty,2547.81,753.96,14.0
2022-04-01,North America,Beauty,423.35,124.31,8.0
2023-10-14,APAC,Apparel,19685.02,7405.08,46.0
2022-03-02,Middle East,Sports,1925.78,351.88,40.0
2024-04-16,Middle East,Home & Garden,3388.75,,32.0
2022-11-16,EMEA,Home & Garden,5818.38,1863.04,18.0
2024-03-24,APAC,Electronics,294.45,32.5,3.0
2024-07-17,APAC,Electronics,8864.48,472.21,37.0
2024-08-09,North America,Beauty,2614.69,666.23,39.0
2022-11-17,EMEA,Home & Garden,3371.81,1174.61,11.0
2023-02-17,LATAM,Home & Garden,412.49,29.64,20.0
2022-12-21,Middle East,Electronics,11506.63,3682.01,25.0
2024-06-18,LATAM,Electronics,10019.79,1474.65,33.0
2022-02-09,LATAM,Electronics,2254.05,176.25,9.0
2022-07-27,EMEA,Home & Garden,423.31,32.76,12.0
2022-09-17,EMEA,Sports,4260.31,219.45,14.0
2024-11-17,LATAM,Home & Garden,1346.18,309.13,9.0
2024-04-01,LATAM,Electronics,11829.91,3544.14,48.0
2023-06-02,North America,Food & Beverage,545.63,131.51,29.0
2023-02-11,Middle East,Home & Garden,17184.74,5142.29,48.0
2024-06-08,North America,Beauty,2973.88,910.95,12.0
2024-08-21,Middle East,Electronics,2142.87,735.43,13.0
2023-11-07,LATAM,Apparel,4056.09,773.08,47.0
2024-11-28,LATAM,Home & Garden,2150.93,692.17,21.0
2022-07-07,North America,Apparel,6116.06,726.45,23.0
2024-07-10,APAC,Home & Garden,12201.49,951.23,48.0
2022-10-12,Middle East,Home & Garden,3549.23,1237.97,34.0
2022-05-25,LATAM,Home & Garden,2761.88,454.89,7.0
2022-12-03,EMEA,Sports,11219.61,2840.91,38.0
2024-11-23,EMEA,Apparel,1475.75,277.67,5.0
2023-07-04,North America,Food & Beverage,6072.51,1227.37,48.0
2023-05-24,APAC,Electronics,4427.05,1363.3,11.0
2024-01-14,APAC,Home & Garden,3695.25,525.95,14.0
2022-09-18,EMEA,Food & Beverage,2150.83,430.87,22.0
2024-11-29,APAC,Apparel,22337.16,2981.65,49.0
2023-02-22,APAC,Apparel,5075.41,1605.5,13.0
2023-12-25,LATAM,Home & Garden,2749.36,735.87,12.0
2024-06-26,Middle East,Apparel,7118.44,855.01,41.0
2022-01-18,EMEA,Food & Beverage,5537.99,1800.94,28.0
2022-01-21,LATAM,Food & Beverage,719.64,87.67,21.0
2024-04-16,EMEA,Sports,2002.36,723.5,10.0
2022-01-23,Middle East,Beauty,6526.31,1670.85,32.0
2024-03-16,Middle East,Electronics,9630.89,3327.35,44.0
2022-05-25,LATAM,Apparel,3465.06,379.73,34.0
2022-07-20,North America,Sports,412.4,92.79,31.0
2022-09-16,EMEA,Home & Garden,12493.16,4182.73,31.0
2022-01-18,EMEA,Sports,4750.81,1536.96,34.0
2023-12-12,EMEA,Beauty,1271.76,358.87,32.0
2024-03-23,North America,Home & Garden,11243.79,2535.07,42.0
2024-01-17,LATAM,Electronics,16765.87,3896.78,35.0
2023-11-19,EMEA,Apparel,4495.34,677.35,41.0
2023-10-18,Middle East,Electronics,12114.87,4404.29,26.0
2024-05-12,Middle East,Food & Beverage,6692.51,1002.3,23.0
2022-11-16,Middle East,Home & Garden,1135.64,,4.0
2022-10-30,EMEA,Apparel,7267.88,371.63,42.0
2023-12-23,APAC,Sports,424.55,96.75,2.0
2022-08-21,APAC,Beauty,9797.78,2711.49,45.0
2024-07-01,Middle East,Beauty,3428.43,183.82,48.0
2023-04-16,APAC,Apparel,1468.08,120.4,29.0
2023-02-16,Middle East,Apparel,12306.3,1696.51,43.0
2024-12-26,North America,Beauty,14068.47,5014.41,38.0
2024-05-09,LATAM,Food & Beverage,3953.22,1097.75,
2023-07-23,LATAM,Electronics,11226.16,4075.49,42.0
2023-10-05,APAC,Electronics,248.47,18.1,1.0
2022-12-19,EMEA,Food & Beverage,9014.81,625.09,20.0
2023-08-08,Middle East,Food & Beverage,2944.03,774.31,12.0
2023-11-26,APAC,Electronics,2256.59,437.86,8.0
2022-01-29,APAC,Home & Garden,555.0,36.47,7.0
2024-04-28,APAC,Sports,9278.72,2217.88,38.0
2023-12-12,EMEA,Beauty,15293.59,5240.66,45.0
2023-05-12,LATAM,Sports,7412.09,2448.36,26.0
2023-09-18,LATAM,Sports,10495.96,878.89,41.0
2024-06-10,Middle East,Food & Beverage,1861.55,691.44,5.0
2024-09-12,EMEA,Electronics,10422.43,855.69,27.0
2023-11-18,LATAM,Sports,1386.06,499.06,13.0
2024-03-02,APAC,Apparel,1857.32,405.94,18.0
2022-07-04,Middle East,Food & Beverage,11597.85,2181.12,39.0
2024-04-13,APAC,Beauty,10793.83,1319.99,21.0
2024-10-28,North America,Apparel,12385.67,830.34,27.0
2023-12-06,APAC,Electronics,355.04,96.7,8.0
2024-10-10,EMEA,Apparel,5459.71,963.73,48.0
2023-10-03,LATAM,Sports,6158.71,952.77,25.0
2023-06-27,North America,Food & Beverage,411.19,154.14,1.0
2024-02-08,LATAM,Electronics,653.67,163.76,3.0
2023-09-03,APAC,Food & Beverage,6628.96,2154.48,26.0
2023-09-23,LATAM,Sports,5262.5,601.25,32.0
2023-05-08,EMEA,Electronics,537.01,81.34,11.0
2022-10-24,APAC,Sports,7732.46,2710.38,17.0
2022-10-21,North America,Beauty,5828.9,523.19,47.0
2022-04-23,APAC,Sports,3873.89,861.87,27.0
2022-03-15,Middle East,Apparel,22102.4,1663.46,42.0
2024-04-01,Middle East,Electronics,5595.91,2107.29,24.0
2024-03-11,North America,Electronics,4090.45,412.96,34.0
2024-05-28,North America,Home & Garden,5395.89,322.55,21.0
2022-01-08,Middle East,Home & Garden,451.8,68.73,1.0
2023-02-03,EMEA,Apparel,7947.05,2619.8,32.0
2023-12-18,EMEA,Apparel,797.12,103.74,8.0
2023-07-13,LATAM,Food & Beverage,,771.66,20.0
2024-12-13,North America,Sports,13643.84,1233.98,46.0
2022-12-26,APAC,Apparel,5447.59,1062.28,19.0
2024-11-09,Middle East,Sports,5621.59,2050.05,25.0
2022-07-30,APAC,Sports,17903.72,6210.19,41.0
2022-01-25,APAC,Apparel,12016.73,4236.2,31.0
2024-03-13,North America,Sports,5275.74,912.54,16.0
2024-05-14,EMEA,Electronics,10802.83,2220.11,43.0
2022-07-18,Middle East,Beauty,2514.28,588.51,13.0
2024-04-12,EMEA,Food & Beverage,13378.0,1185.51,30.0
2024-12-05,EMEA,Beauty,2427.2,830.32,
2024-08-29,APAC,Food & Beverage,6836.67,2502.7,37.0
2024-04-15,Middle East,Home & Garden,2240.19,586.19,8.0
2022-02-26,Middle East,Apparel,1887.99,225.56,5.0
2023-01-04,APAC,Sports,8262.92,1659.35,44.0
2024-02-01,LATAM,Sports,129.56,36.75,9.0
2022-02-10,Middle East,Sports,6295.29,1412.0,27.0
2024-05-24,Middle East,Home & Garden,107.2,30.24,4.0
2023-08-12,Middle East,Food & Beverage,3236.11,1070.89,8.0
2024-05-17,North America,Home & Garden,613.46,178.91,40.0
2022-07-22,Middle East,Beauty,7743.5,1515.1,29.0
2023-09-22,LATAM,Apparel,4596.28,375.06,35.0
2024-07-30,APAC,Food & Beverage,1204.55,144.51,11.0
2023-10-22,Middle East,Electronics,14225.68,4476.18,47.0
2022-05-13,North America,Sports,13786.02,961.82,39.0
2024-12-06,EMEA,Electronics,17493.55,2567.39,37.0
2022-03-17,APAC,Food & Beverage,17077.6,877.69,33.0
2023-12-07,Middle East,Home & Garden,16207.03,,31.0
2022-04-19,LATAM,Electronics,491.69,124.85,1.0
2023-10-29,Middle East,Home & Garden,119.43,42.44,4.0
2024-10-09,APAC,Electronics,960.93,63.21,21.0
2024-01-11,Middle East,Food & Beverage,7327.64,815.88,31.0
2023-10-08,LATAM,Sports,6472.93,1374.19,23.0
2022-05-30,Middle East,Sports,4932.22,1064.98,12.0
2023-03-02,EMEA,Electronics,13333.93,2772.68,48.0
2022-08-30,APAC,Home & Garden,9020.59,2117.67,46.0
2022-06-18,APAC,Sports,11084.38,4049.84,32.0
2023-02-19,Middle East,Beauty,6561.27,2219.41,31.0
2023-03-28,Middle East,Home & Garden,7204.16,2287.2,16.0
2024-08-23,Middle East,Food & Beverage,6051.52,,44.0
2023-12-23,EMEA,Apparel,837.23,314.62,
2024-04-13,North America,Sports,9514.34,870.89,20.0
2023-07-12,North America,Apparel,3163.29,398.5,29.0
2022-05-14,EMEA,Electronics,1239.69,84.76,30.0
2024-01-28,APAC,Electronics,2434.09,243.18,18.0
2024-07-01,North America,Apparel,7539.08,833.62,39.0
2023-02-06,North America,Home & Garden,8953.73,2616.44,35.0
2023-03-13,North America,Apparel,1214.88,351.75,8.0
2023-06-20,North America,Beauty,2812.5,739.87,49.0
2023-11-20,Middle East,Beauty,5747.03,506.64,19.0
2023-03-17,APAC,Electronics,5828.97,1382.15,44.0
2023-10-13,EMEA,Beauty,4886.98,439.55,18.0
2023-09-06,North America,Home & Garden,1383.06,110.43,11.0
2023-11-14,APAC,Electronics,4098.83,1238.74,10.0
2022-04-22,North America,Electronics,4584.57,981.69,44.0
2022-01-31,APAC,Home & Garden,9841.48,1605.53,30.0
2022-08-28,EMEA,Home & Garden,9680.26,2351.98,36.0
2023-05-13,APAC,Apparel,475.98,169.71,27.0
2022-08-21,LATAM,Home & Garden,1402.38,117.17,40.0
2024-05-29,APAC,Apparel,16221.85,3576.3,48.0
2023-11-21,North America,Beauty,8246.19,1221.02,29.0
2023-12-22,North America,Home & Garden,508.97,157.66,35.0
2024-12-13,Middle East,Sports,2513.61,454.38,39.0
2022-11-08,North America,Electronics,13076.87,1325.63,42.0
2023-12-13,EMEA,Beauty,1270.68,260.74,3.0
2023-01-28,EMEA,Sports,3998.87,252.12,43.0
2024-04-16,APAC,Sports,6528.17,1638.68,17.0
2024-11-15,Middle East,Apparel,3427.6,1192.26,23.0
2023-04-04,North America,Electronics,855.27,304.47,3.0
2023-03-04,APAC,Beauty,1201.2,70.21,7.0
2022-02-08,EMEA,Electronics,10439.89,1872.03,34.0
2023-05-27,APAC,Home & Garden,3354.92,1174.65,26.0
2024-10-23,North America,Food & Beverage,1724.54,,4.0
2023-03-31,LATAM,Apparel,2644.11,500.47,38.0
2022-11-13,LATAM,Electronics,3332.4,709.05,16.0
2022-01-21,LATAM,Sports,7729.43,2798.34,22.0
2022-09-27,Middle East,Home & Garden,6334.35,769.45,17.0
2024-08-04,APAC,Beauty,6159.17,2005.67,14.0
2024-03-01,EMEA,Apparel,9388.65,2704.72,41.0
2023-12-25,EMEA,Apparel,5112.56,921.14,17.0
2024-12-15,North America,Electronics,2175.93,274.4,8.0
2023-07-27,Middle East,Food & Beverage,13348.82,2909.25,37.0
2023-09-17,North America,Apparel,5067.25,1375.36,13.0
2022-09-22,LATAM,Apparel,7288.47,414.07,21.0
2024-07-18,LATAM,Electronics,11571.77,3603.64,33.0
2024-01-13,EMEA,Sports,12114.0,2036.28,39.0
2022-05-16,North America,Apparel,1766.88,474.89,5.0
2024-08-18,APAC,Home & Garden,4693.28,1327.69,18.0
2023-08-31,APAC,Beauty,1405.33,169.71,5.0
2022-02-15,LATAM,Home & Garden,10349.28,3758.88,30.0
2024-03-31,APAC,Home & Garden,5975.09,501.23,33.0
2023-05-16,EMEA,Food & Beverage,6440.23,671.28,17.0
2022-04-20,EMEA,Apparel,3927.94,1474.55,18.0
2022-04-19,EMEA,Home & Garden,692.33,115.58,2.0
2022-10-31,APAC,Home & Garden,2259.75,120.09,6.0
2024-10-25,EMEA,Home & Garden,3230.99,604.78,7.0
2024-12-15,EMEA,Sports,1261.22,448.27,3.0
2022-02-26,LATAM,Electronics,13366.92,1717.2,37.0
2022-03-04,APAC,Beauty,2072.11,611.12,23.0
2022-07-16,LATAM,Home & Garden,10826.56,2793.03,44.0
2023-12-30,North America,Beauty,21191.39,6310.75,48.0
2022-05-11,Middle East,Home & Garden,1481.41,562.15,25.0
2024-07-02,EMEA,Electronics,5303.7,1501.49,31.0
2023-05-27,EMEA,Sports,6183.86,1698.98,40.0
2024-04-16,Middle East,Home & Garden,14559.05,3869.53,38.0
2023-09-22,Middle East,Sports,3614.85,498.89,49.0
2023-02-15,EMEA,Sports,4030.1,1175.28,41.0
2024-06-09,LATAM,Sports,5114.94,1368.94,44.0
2022-02-08,North America,Beauty,6244.12,1853.25,14.0
2023-05-22,LATAM,Sports,601.4,46.48,32.0
2022-12-11,LATAM,Food & Beverage,12226.97,2148.38,46.0
2023-08-07,North America,Food & Beverage,3144.85,359.96,9.0
2022-08-12,LATAM,Apparel,3826.47,566.65,10.0
2024-04-07,North America,Sports,12479.71,835.88,40.0
2023-09-10,LATAM,Electronics,7134.99,2160.17,36.0
2023-06-30,North America,Food & Beverage,9350.75,1692.27,44.0
2024-09-12,EMEA,Electronics,829.79,230.74,3.0
2024-05-25,Middle East,Apparel,4912.32,1773.31,20.0
2022-09-29,EMEA,Beauty,7944.17,546.48,39.0
2023-05-21,Middle East,Sports,13241.87,2139.74,39.0
2023-03-22,Middle East,Electronics,255.81,88.53,3.0
2023-09-01,Middle East,Home & Garden,11442.3,2127.22,21.0
2024-10-21,APAC,Food & Beverage,,159.37,2.0
2023-05-25,APAC,Sports,5416.59,343.95,26.0
2024-08-08,APAC,Beauty,1287.6,470.61,3.0
2022-12-25,EMEA,Apparel,8868.13,1375.13,26.0
2022-08-12,North America,Beauty,1866.36,208.57,5.0
2024-02-20,LATAM,Home & Garden,11192.68,1695.39,22.0
2023-10-01,APAC,Beauty,1303.78,86.37,19.0
2022-06-05,Middle East,Sports,4673.64,1342.26,18.0
2022-12-10,APAC,Home & Garden,2492.21,212.41,28.0
2022-10-02,Middle East,Apparel,1011.83,110.6,10.0
2024-02-13,APAC,Sports,1611.06,167.04,9.0
2024-02-24,LATAM,Food & Beverage,11855.01,4488.56,35.0
2024-02-25,Middle East,Sports,7297.43,803.45,18.0
2022-02-10,North America,Electronics,7424.26,1580.0,26.0
2024-08-19,LATAM,Electronics,10431.49,1140.78,48.0
2024-06-20,North America,Electronics,739.4,67.36,18.0
2023-06-15,LATAM,Beauty,1263.47,225.71,47.0
2024-09-24,Middle East,Home & Garden,703.93,212.54,23.0
2024-05-07,LATAM,Apparel,5197.6,778.28,13.0
2023-07-24,Middle East,Beauty,3070.7,1047.33,10.0
2024-07-27,North America,Sports,3940.91,654.75,16.0
2023-07-10,EMEA,Food & Beverage,14183.68,784.1,35.0
2024-10-02,North America,Apparel,1953.85,548.66,22.0
2023-04-02,North America,Beauty,4421.81,1221.38,21.0
2022-04-22,North America,Apparel,6537.75,2389.65,24.0
2023-09-20,LATAM,Sports,747.12,139.31,43.0
2022-01-26,LATAM,Food & Beverage,6981.26,1188.24,46.0
2022-06-12,EMEA,Electronics,8786.48,1538.67,21.0
2022-05-14,North America,Electronics,2064.17,433.53,8.0
2023-07-10,North America,Apparel,12559.58,4590.95,48.0
2024-10-22,EMEA,Electronics,1819.15,105.34,7.0
2023-11-18,LATAM,Electronics,10188.62,2152.74,38.0
2023-01-25,North America,Beauty,8913.28,2953.96,22.0
2023-07-06,APAC,Beauty,3870.03,476.55,49.0
2022-04-18,LATAM,Home & Garden,4387.87,448.28,46.0
2023-11-03,Middle East,Food & Beverage,6235.43,1568.66,23.0
2022-06-25,Middle East,Sports,15613.23,3054.99,49.0
2024-12-02,North America,Home & Garden,546.08,156.46,46.0
2023-05-21,APAC,Home & Garden,9494.43,1541.95,21.0
2023-10-09,APAC,Food & Beverage,94.21,34.42,1.0
2024-09-05,APAC,Food & Beverage,1205.7,377.58,3.0
2024-03-05,Middle East,Food & Beverage,3378.97,1017.65,17.0
2023-02-23,North America,Beauty,235.19,33.9,1.0
2023-09-19,EMEA,Home & Garden,2143.43,571.42,10.0
2022-04-09,APAC,Food & Beverage,7259.44,1378.36,30.0
2023-05-06,LATAM,Sports,5599.2,990.76,27.0
2024-10-24,Middle East,Food & Beverage,3349.18,879.79,27.0
2023-08-21,Middle East,Electronics,808.43,53.54,12.0
2023-11-28,North America,Food & Beverage,1308.53,441.5,3.0
2024-01-11,Middle East,Home & Garden,9152.38,997.96,21.0
2023-08-13,APAC,Sports,5516.15,712.05,15.0
2022-03-29,APAC,Home & Garden,344.06,64.9,4.0
2023-08-27,Middle East,Electronics,20316.46,5604.18,42.0
2024-12-22,North America,Apparel,3252.96,1209.2,21.0
2024-03-12,EMEA,Home & Garden,12083.17,3767.01,26.0
2022-06-25,LATAM,Home & Garden,2772.88,960.15,7.0
2022-11-29,North America,Food & Beverage,11991.95,2720.9,47.0
2024-01-16,Middle East,Food & Beverage,1809.83,672.53,22.0
2023-09-20,APAC,Electronics,14941.02,2758.74,31.0
2022-06-29,North America,Food & Beverage,444.56,88.6,5.0
2022-01-22,LATAM,Beauty,459.89,85.31,17.0
2022-12-26,North America,Beauty,5719.51,1914.02,14.0
2022-06-23,APAC,Sports,11317.06,773.25,24.0
2024-05-17,LATAM,Electronics,1784.35,194.32,8.0
2024-04-08,Middle East,Food & Beverage,5247.27,1329.58,49.0
2024-03-17,LATAM,Sports,7444.17,1460.87,39.0
2023-06-21,EMEA,Home & Garden,4750.12,1228.89,17.0
2022-07-27,EMEA,Home & Garden,20078.53,1221.79,38.0
2022-08-23,North America,Sports,2775.81,622.31,12.0
2024-01-03,North America,Sports,11776.78,4066.82,28.0
2024-02-22,Middle East,Apparel,216.56,73.82,1.0
2023-02-19,LATAM,Apparel,8446.73,2240.78,43.0
2023-10-19,LATAM,Sports,2673.24,457.3,9.0
2023-11-18,EMEA,Food & Beverage,1569.41,87.47,21.0
2024-04-10,North America,Electronics,70.91,26.31,1.0
2022-09-02,Middle East,Electronics,12525.29,2054.76,40.0
2023-01-18,Middle East,Electronics,1327.1,320.22,3.0
2024-10-05,EMEA,Apparel,16372.35,5664.07,46.0
2023-03-15,EMEA,Apparel,448.78,159.88,9.0
2022-02-12,LATAM,Apparel,4587.65,1110.36,12.0
2023-03-07,EMEA,Sports,263.79,30.49,2.0
2024-09-01,APAC,Sports,3400.87,,15.0
2024-07-28,EMEA,Apparel,11874.74,2290.37,28.0
2022-05-24,EMEA,Beauty,1690.93,240.22,42.0
2024-05-04,North America,Electronics,4394.19,1263.48,10.0
2024-09-24,Middle East,Apparel,11490.56,2286.91,44.0
2024-02-02,EMEA,Beauty,1006.63,192.0,5.0
2024-02-16,APAC,Food & Beverage,14591.46,981.65,45.0
2024-09-30,EMEA,Sports,2521.62,393.1,30.0
2024-12-09,APAC,Beauty,7245.55,2024.75,43.0
2023-01-15,APAC,Sports,10450.91,620.28,31.0
2023-10-04,North America,Food & Beverage,3419.03,418.21,9.0
2024-02-09,APAC,Beauty,964.79,174.48,4.0
2023-03-18,APAC,Home & Garden,8122.97,1161.0,41.0
2024-11-03,EMEA,Food & Beverage,14766.46,1711.54,43.0
2024-03-07,EMEA,Food & Beverage,2278.74,167.26,30.0
2023-03-21,APAC,Home & Garden,5364.43,1590.37,34.0
2023-05-03,EMEA,Home & Garden,11345.06,817.36,43.0
2022-08-05,EMEA,Electronics,12429.55,2099.8,32.0
2024-02-11,North America,Beauty,739.63,96.94,4.0
2022-02-08,EMEA,Electronics,13956.18,2967.42,30.0
2024-01-22,APAC,Home & Garden,643.58,39.24,6.0
2022-04-28,Middle East,Food & Beverage,15106.69,1841.33,39.0
2023-01-19,North America,Food & Beverage,16974.46,5987.28,48.0
2024-03-24,North America,Food & Beverage,6519.12,757.05,21.0
2023-05-23,LATAM,Food & Beverage,3757.44,1341.11,21.0
2023-01-08,Middle East,Apparel,3638.15,1159.02,14.0
2024-08-23,LATAM,Electronics,9789.07,2824.83,34.0
2022-01-02,LATAM,Sports,3201.4,1180.44,37.0
2022-11-12,North America,Beauty,14252.06,3183.77,35.0
2024-05-25,Middle East,Food & Beverage,14613.54,2653.09,38.0
2022-05-17,LATAM,Apparel,387.63,83.56,1.0
2024-05-08,APAC,Beauty,6945.99,2358.85,38.0
2023-07-05,EMEA,Apparel,6076.71,1184.59,17.0
2022-06-12,LATAM,Sports,5467.19,1934.22,44.0
2024-04-08,North America,Beauty,1516.11,278.42,34.0
2024-09-27,APAC,Sports,2511.49,485.71,12.0
2024-05-10,APAC,Beauty,16692.63,2355.07,48.0
2024-11-26,North America,Beauty,7230.1,1136.54,32.0
2024-05-19,Middle East,Beauty,17368.33,1357.77,38.0
2023-09-18,LATAM,Beauty,11169.8,3045.62,23.0
2024-02-11,EMEA,Beauty,4606.84,1369.34,20.0
2023-02-04,LATAM,Beauty,11658.63,660.38,24.0
2023-05-11,LATAM,Electronics,8034.62,1059.2,20.0
2023-05-05,North America,Food & Beverage,8599.15,2805.57,27.0
2023-11-26,APAC,Home & Garden,7177.33,912.39,17.0
2022-03-03,EMEA,Beauty,1345.18,386.89,18.0
2024-05-09,North America,Home & Garden,815.15,116.19,21.0
2024-08-26,LATAM,Electronics,2075.36,672.36,43.0
2023-06-07,Middle East,Apparel,7486.62,890.89,28.0
2022-05-03,North America,Electronics,12419.87,2496.26,48.0
2022-10-20,North America,Sports,698.49,170.13,10.0
2024-03-01,North America,Sports,1323.06,319.75,6.0
2022-09-14,Middle East,Home & Garden,9454.74,1345.09,39.0
2022-09-20,Middle East,Electronics,10301.98,530.14,26.0
2024-12-10,LATAM,Beauty,366.78,88.54,12.0
2024-11-10,APAC,Home & Garden,62.73,7.33,2.0
2023-02-10,Middle East,Beauty,8714.83,2945.45,25.0
2023-09-23,Middle East,Sports,8833.55,950.05,44.0
2023-09-29,LATAM,Food & Beverage,23505.8,4451.66,47.0
2023-04-09,EMEA,Beauty,13282.1,4654.0,44.0
2023-07-27,North America,Food & Beverage,644.4,228.3,12.0
2022-07-13,LATAM,Electronics,15152.27,3977.17,42.0
2023-03-29,APAC,Electronics,1318.75,116.85,5.0
2022-11-12,Middle East,Food & Beverage,8100.03,3040.44,28.0
2024-04-02,APAC,Electronics,9833.2,2001.33,23.0
2022-06-09,Middle East,Electronics,333.39,44.31,30.0
2022-06-12,LATAM,Food & Beverage,515.34,127.81,40.0
2022-07-03,LATAM,Apparel,23073.4,4201.35,49.0
2023-12-23,LATAM,Sports,24496.62,1832.16,47.0
2022-04-03,APAC,Food & Beverage,8112.37,2946.48,49.0
2022-03-02,LATAM,Electronics,7478.46,455.44,27.0
2022-11-27,LATAM,Sports,4560.22,1252.5,43.0
2024-10-22,EMEA,Home & Garden,1474.35,240.34,4.0
2024-04-25,North America,Apparel,23191.2,2220.23,47.0
2024-01-15,North America,Apparel,3606.41,208.96,27.0
2022-10-20,LATAM,Beauty,11915.84,992.71,32.0
2024-05-01,LATAM,Electronics,3609.91,754.81,8.0
2024-02-24,APAC,Food & Beverage,12095.53,1916.65,36.0
2023-07-29,EMEA,Apparel,3489.38,1123.38,37.0
2024-10-08,LATAM,Food & Beverage,95.26,8.3,2.0
2023-09-22,Middle East,Food & Beverage,15290.46,3338.03,45.0
2024-03-01,APAC,Apparel,,558.32,13.0
2022-09-28,North America,Home & Garden,14662.94,3643.49,37.0
2024-08-30,North America,Food & Beverage,2594.57,327.4,7.0
2024-12-05,Middle East,Electronics,7702.67,2435.08,24.0
2023-06-08,APAC,Food & Beverage,17112.8,3810.63,37.0
2022-12-06,EMEA,Electronics,3100.36,246.59,25.0
2022-02-03,North America,Beauty,5058.31,360.74,28.0
2024-09-30,EMEA,Sports,8329.78,3015.99,25.0
2022-06-23,LATAM,Beauty,430.97,161.25,4.0
2022-04-15,APAC,Food & Beverage,6231.92,1615.69,16.0
2023-11-15,EMEA,Food & Beverage,6388.04,827.99,47.0
2023-12-15,North America,Sports,6460.69,1003.7,47.0
2022-03-22,EMEA,Apparel,12717.42,4492.8,39.0
2023-07-24,North America,Food & Beverage,10654.07,2933.44,35.0
2024-09-23,LATAM,Food & Beverage,15357.86,5802.62,32.0
2024-05-06,EMEA,Beauty,4011.52,384.61,37.0
2024-02-09,EMEA,Food & Beverage,4573.86,1256.18,31.0
2024-08-01,LATAM,Sports,7131.22,716.78,30.0
2023-02-28,EMEA,Beauty,5986.62,376.79,36.0
2024-02-22,APAC,Sports,2945.34,182.4,14.0
2023-02-11,LATAM,Home & Garden,1649.48,207.77,35.0
2022-04-02,North America,Apparel,369.62,46.94,10.0
2024-05-24,LATAM,Food & Beverage,8936.31,2734.64,18.0
2022-02-03,LATAM,Electronics,11690.25,1872.71,30.0
2024-10-29,EMEA,Home & Garden,626.71,141.59,6.0
2023-10-08,Middle East,Food & Beverage,1066.66,245.99,21.0
2023-09-11,APAC,Electronics,16568.86,4637.82,33.0
2023-07-31,APAC,Food & Beverage,8985.39,2456.55,29.0
2024-05-31,APAC,Beauty,2956.36,882.07,15.0
2023-03-30,North America,Beauty,18402.53,2793.94,46.0
2023-08-21,APAC,Electronics,14367.11,3954.18,29.0
2024-04-05,APAC,Electronics,2551.42,904.85,32.0
2022-07-05,Middle East,Beauty,17417.23,6153.6,37.0
2022-04-23,EMEA,Home & Garden,1434.12,413.0,16.0
2022-02-25,North America,Sports,5946.77,2038.8,46.0
2024-02-22,LATAM,Food & Beverage,300.76,41.82,5.0
2023-01-08,EMEA,Beauty,4007.32,1348.86,45.0
2024-04-15,LATAM,Electronics,2054.64,293.28,30.0
2022-03-28,Middle East,Beauty,2278.41,403.94,29.0
2023-01-12,LATAM,Sports,2054.09,350.46,10.0
2023-10-22,APAC,Food & Beverage,12182.48,1239.86,39.0
2022-12-03,Middle East,Electronics,8300.35,2742.55,36.0
2024-09-28,APAC,Apparel,2159.26,652.39,5.0
2023-09-16,LATAM,Food & Beverage,19596.24,4323.66,48.0
2022-11-09,APAC,Electronics,11793.73,2751.45,34.0
2024-05-24,APAC,Apparel,4693.51,865.97,35.0
2023-03-19,APAC,Electronics,12991.81,4088.56,38.0
2023-01-05,LATAM,Home & Garden,3769.6,549.1,7.0
2024-07-24,EMEA,Home & Garden,1702.32,451.08,11.0
2022-04-20,Middle East,Food & Beverage,12163.67,1122.49,26.0
2024-01-14,LATAM,Beauty,1247.2,415.49,35.0
2022-05-21,APAC,Food & Beverage,6059.55,610.67,26.0
2022-04-26,APAC,Electronics,3189.33,527.71,35.0
2024-02-11,EMEA,Beauty,965.75,141.44,19.0
2022-07-08,EMEA,Beauty,19587.29,1745.16,43.0
2022-07-11,Middle East,Sports,8889.1,1562.79,40.0
2024-04-08,APAC,Beauty,18369.33,4663.08,45.0
2023-05-20,Middle East,Beauty,8963.62,1783.86,39.0
2024-10-15,North America,Electronics,832.02,197.44,41.0
2022-10-01,LATAM,Home & Garden,4352.18,,30.0
2022-08-08,EMEA,Home & Garden,4818.9,383.54,15.0
2024-10-23,APAC,Beauty,6050.14,1202.14,28.0
2024-02-12,North America,Food & Beverage,1927.66,175.15,32.0
2024-05-10,Middle East,Home & Garden,13486.25,4227.86,26.0
2024-11-20,LATAM,Apparel,7132.87,1661.76,32.0
2022-10-02,North America,Beauty,11595.54,3126.14,28.0
2023-02-18,North America,Apparel,4383.08,922.45,9.0
2023-09-27,APAC,Beauty,1008.57,83.74,42.0
2022-01-25,APAC,Beauty,7312.41,933.32,21.0
2022-12-30,APAC,Beauty,14795.29,4007.35,44.0
2024-10-18,North America,Sports,7313.97,578.0,23.0
2022-07-29,EMEA,Apparel,1462.9,269.3,5.0
2023-07-26,LATAM,Electronics,7028.92,921.81,28.0
2023-02-05,LATAM,Beauty,10054.86,2460.43,46.0
2022-04-10,EMEA,Beauty,2698.2,633.84,15.0
2024-09-30,LATAM,Home & Garden,6419.08,2214.21,32.0
2022-10-21,APAC,Beauty,5455.15,869.02,12.0
2023-11-09,EMEA,Electronics,4479.88,1031.22,36.0
2023-05-13,North America,Sports,1505.56,270.02,46.0
2024-06-04,EMEA,Apparel,14081.02,990.95,39.0
2022-09-08,North America,Food & Beverage,2163.46,565.57,20.0
2023-07-14,North America,Food & Beverage,1221.49,339.1,4.0
2024-02-22,Middle East,Electronics,11558.6,760.8,35.0
2022-09-19,LATAM,Apparel,16592.21,4828.44,33.0
2024-12-28,APAC,Food & Beverage,9043.41,1873.02,29.0
2023-01-22,EMEA,Beauty,10150.13,2758.33,41.0
2022-02-24,Middle East,Beauty,320.14,89.9,14.0
2023-10-23,Middle East,Sports,19320.98,4981.68,41.0
2022-02-28,Middle East,Electronics,3168.87,367.65,8.0
2022-08-16,North America,Electronics,224.43,25.18,1.0
2024-08-06,LATAM,Beauty,1850.41,124.39,48.0
2022-11-04,Middle East,Beauty,6910.22,1453.17,26.0
2023-09-30,Middle East,Food & Beverage,21616.55,7608.93,43.0
2024-10-01,EMEA,Apparel,15927.94,5375.08,37.0
2023-12-12,APAC,Beauty,1213.09,453.97,11.0
2022-12-05,APAC,Home & Garden,1074.65,235.98,4.0
2024-03-01,APAC,Food & Beverage,5237.36,1651.62,11.0
2022-01-29,EMEA,Beauty,3780.78,,11.0
2022-11-03,Middle East,Electronics,3413.85,1176.36,28.0
2024-08-14,North America,Home & Garden,2796.56,603.63,9.0
2024-01-31,Middle East,Sports,11043.03,3048.29,32.0
2022-04-03,North America,Food & Beverage,13067.93,2985.44,43.0
2022-12-25,LATAM,Beauty,12989.43,3234.23,49.0
2023-07-28,EMEA,Home & Garden,15781.57,1568.35,45.0
2023-11-30,EMEA,Apparel,8737.86,3067.75,32.0
2022-12-15,Middle East,Electronics,1283.27,366.09,5.0
2022-07-21,LATAM,Food & Beverage,6253.61,1904.68,13.0
2024-08-31,APAC,Apparel,850.71,179.12,
2024-03-14,Middle East,Home & Garden,3948.88,457.11,9.0
2024-06-20,Middle East,Beauty,4814.26,806.99,34.0
2022-05-28,North America,Food & Beverage,1747.29,490.7,10.0
2023-09-12,EMEA,Electronics,3027.01,302.19,32.0
2023-05-18,North America,Beauty,1889.48,243.3,5.0
2024-08-23,Middle East,Apparel,2775.09,1016.58,8.0
2024-11-24,LATAM,Food & Beverage,5078.77,1200.69,22.0
2022-09-04,LATAM,Sports,23552.24,5885.28,46.0
2024-04-30,LATAM,Sports,3203.19,198.89,23.0
2022-11-04,North America,Apparel,675.36,91.88,3.0
2024-03-13,LATAM,Food & Beverage,15809.29,3877.04,31.0
2024-05-28,APAC,Beauty,959.12,338.6,5.0
2024-01-23,APAC,Sports,3976.7,462.42,23.0
2024-09-02,APAC,Electronics,1184.96,407.27,35.0
2023-11-28,LATAM,Electronics,12366.96,4695.3,46.0
2023-03-02,North America,Food & Beverage,4666.35,1336.6,10.0
2022-12-26,Middle East,Apparel,3864.98,1444.26,7.0
2024-08-18,North America,Electronics,4986.55,401.91,42.0
2023-04-04,LATAM,Beauty,7538.87,1080.04,26.0
2023-01-08,North America,Beauty,4499.69,1568.76,25.0
2022-07-30,North America,Food & Beverage,23882.93,4528.66,47.0
2022-05-29,LATAM,Food & Beverage,8358.66,2134.18,28.0
2023-08-04,APAC,Sports,2122.8,536.14,8.0
2022-10-02,APAC,Apparel,6971.25,1934.68,18.0
2022-05-17,EMEA,Apparel,7642.59,2716.23,27.0
2024-02-19,APAC,Food & Beverage,358.33,80.96,3.0
2024-07-04,North America,Apparel,396.9,24.46,1.0
2022-10-12,LATAM,Food & Beverage,2142.35,732.38,13.0
2023-10-26,LATAM,Sports,8824.83,2663.83,21.0
2022-03-19,LATAM,Electronics,10059.57,1360.66,23.0
2023-06-24,Middle East,Food & Beverage,2989.31,615.6,10.0
2024-10-06,EMEA,Electronics,7427.68,412.36,32.0
2022-05-26,LATAM,Food & Beverage,2775.32,511.98,9.0
2024-03-29,North America,Beauty,6594.69,686.91,33.0
2022-02-10,LATAM,Home & Garden,7183.33,2663.63,36.0
2024-03-18,APAC,Home & Garden,8888.92,2043.17,33.0
2022-03-25,North America,Sports,13696.59,4907.66,29.0
2022-06-22,Middle East,Home & Garden,16939.58,1580.34,39.0
2022-02-25,EMEA,Electronics,939.1,75.66,4.0
2022-08-15,APAC,Sports,16745.08,3869.85,45.0
2023-05-28,Middle East,Food & Beverage,814.1,59.71,3.0
2024-07-20,APAC,Home & Garden,10667.14,3962.53,31.0
2024-10-18,EMEA,Apparel,15904.37,3845.03,45.0
2022-02-11,EMEA,Electronics,5005.24,1646.55,24.0
2023-07-26,APAC,Home & Garden,7759.94,2627.44,19.0
2023-01-01,North America,Sports,5823.3,1230.68,34.0
2023-04-02,LATAM,Apparel,4519.79,,17.0
2022-02-17,Middle East,Food & Beverage,5833.6,1128.92,16.0
2022-11-09,EMEA,Sports,4657.17,958.13,34.0
2024-08-25,EMEA,Home & Garden,10572.47,885.79,20.0
2022-12-10,Middle East,Home & Garden,4725.44,308.61,16.0
2023-08-04,APAC,Home & Garden,1671.51,571.58,14.0
2024-09-29,LATAM,Home & Garden,2935.44,247.24,9.0
2024-02-27,LATAM,Food & Beverage,898.48,233.94,4.0
2022-09-05,APAC,Sports,17251.72,4237.03,42.0
2023-10-23,LATAM,Sports,7379.21,2024.92,39.0
2023-07-18,APAC,Electronics,3953.84,412.29,17.0
2024-04-10,Middle East,Beauty,272.49,78.65,6.0
2023-10-30,North America,Apparel,15469.97,3413.66,43.0
2024-10-17,Middle East,Sports,11277.27,3828.02,36.0
2022-04-06,North America,Sports,14965.83,1491.72,36.0
2023-12-23,APAC,Sports,13725.13,1544.48,29.0
2024-11-29,North America,Apparel,646.71,162.51,
2024-05-18,APAC,Electronics,2388.12,688.43,11.0
2022-08-11,North America,Food & Beverage,18987.37,5403.4,45.0
2023-11-05,Middle East,Food & Beverage,898.0,114.29,2.0
2024-06-14,EMEA,Apparel,16870.6,5482.02,37.0
2022-05-30,North America,Food & Beverage,1034.19,77.29,37.0
2024-09-16,APAC,Food & Beverage,2515.4,254.19,11.0
2023-08-18,LATAM,Home & Garden,849.64,,3.0
2022-09-29,APAC,Electronics,12210.48,3079.04,41.0
2024-06-18,APAC,Home & Garden,1985.41,596.0,7.0
2024-03-01,LATAM,Sports,8651.49,1326.71,19.0
2023-09-01,EMEA,Electronics,3199.25,552.7,30.0
2024-02-13,Middle East,Beauty,10145.96,2036.54,39.0
2024-02-12,APAC,Electronics,2995.19,700.48,16.0
2022-11-07,APAC,Sports,2219.33,304.38,37.0
2024-03-18,LATAM,Home & Garden,5544.5,1948.9,26.0
2023-01-30,EMEA,Food & Beverage,3009.54,1048.1,12.0
2024-08-13,LATAM,Beauty,752.58,145.4,45.0
2023-01-06,Middle East,Electronics,6327.42,1612.57,34.0
2022-09-23,APAC,Home & Garden,24171.96,2228.91,47.0
2024-02-27,Middle East,Food & Beverage,4287.81,1064.02,29.0
2022-05-16,North America,Beauty,14075.21,1867.03,30.0
2023-12-01,LATAM,Beauty,2538.05,558.3,28.0
2022-11-20,Middle East,Food & Beverage,8503.98,1029.59,46.0
2022-05-20,Middle East,Beauty,3408.47,473.79,8.0
2022-05-24,LATAM,Sports,6003.31,1448.34,43.0
2024-11-07,Middle East,Food & Beverage,2989.85,751.54,7.0
2022-12-08,LATAM,Beauty,4439.92,1339.1,33.0
2022-06-10,Middle East,Electronics,393.95,26.79,15.0
2024-01-17,North America,Sports,2513.0,767.41,17.0
2022-02-17,EMEA,Sports,7031.18,1924.73,20.0
2022-01-26,LATAM,Apparel,8285.2,,23.0
2024-07-20,LATAM,Electronics,8217.61,1307.12,48.0
2022-10-27,Middle East,Sports,7360.06,2781.59,49.0
2023-09-10,APAC,Beauty,2668.09,262.37,13.0
2024-10-08,North America,Electronics,322.18,49.64,1.0
2023-07-11,North America,Electronics,8045.69,555.33,24.0
2022-05-17,Middle East,Electronics,3359.09,1125.76,8.0
2023-05-18,Middle East,Apparel,1006.44,145.14,3.0
2024-03-19,LATAM,Beauty,7401.45,2451.78,21.0
2024-04-22,Middle East,Beauty,8478.39,1770.12,32.0
2023-10-24,Middle East,Electronics,2608.01,144.09,49.0
2024-10-22,North America,Electronics,15400.57,2816.03,36.0
2022-11-18,North America,Electronics,2345.41,596.06,34.0
2024-06-28,North America,Sports,16453.11,840.92,42.0
2024-05-29,EMEA,Electronics,6139.45,866.9,21.0
2024-07-20,North America,Apparel,9793.98,3026.01,37.0
2024-12-16,Middle East,Apparel,10297.75,1133.81,25.0
2024-08-04,North America,Beauty,492.95,184.95,1.0
2024-10-23,Middle East,Apparel,359.28,48.96,24.0
2022-01-12,EMEA,Food & Beverage,1257.56,287.22,7.0
2024-10-08,APAC,Electronics,2593.15,618.38,24.0
2023-04-25,APAC,Beauty,9937.93,2832.82,21.0
2024-10-04,LATAM,Sports,889.09,216.36,2.0
2023-08-26,EMEA,Beauty,17177.4,1901.77,37.0
2023-04-29,LATAM,Apparel,6269.88,852.33,37.0
2023-09-28,North America,Home & Garden,237.51,44.59,5.0
2024-11-12,North America,Beauty,9863.16,2345.99,39.0
2022-03-17,North America,Food & Beverage,5958.31,1331.35,32.0
2022-01-27,EMEA,Food & Beverage,23781.49,3383.72,49.0
2023-12-31,EMEA,Beauty,4317.21,269.45,26.0
2022-12-27,LATAM,Electronics,1352.13,268.3,15.0
2022-08-02,LATAM,Electronics,12803.53,3122.69,44.0
2024-06-03,APAC,Beauty,6372.34,2298.89,21.0
2024-11-30,APAC,Electronics,9257.33,1717.86,18.0
2023-05-10,APAC,Beauty,3976.79,984.3,17.0
2024-11-04,EMEA,Electronics,4904.67,559.25,26.0
2023-04-25,North America,Electronics,15395.92,,43.0
2023-11-17,APAC,Beauty,1043.56,140.28,7.0
2023-12-12,Middle East,Food & Beverage,15347.0,3928.17,48.0
2023-10-02,Middle East,Electronics,4347.51,1248.14,39.0
2023-08-12,LATAM,Beauty,6016.38,330.79,42.0
2024-03-15,North America,Food & Beverage,982.43,277.46,3.0
2024-08-27,North America,Sports,10756.38,3541.35,28.0
2024-05-14,Middle East,Food & Beverage,10280.65,522.45,25.0
2024-09-04,LATAM,Apparel,12078.19,2151.56,32.0
2024-06-27,LATAM,Beauty,4090.68,1381.91,19.0
2023-08-25,Middle East,Home & Garden,4660.18,1570.49,14.0
2022-12-02,LATAM,Beauty,15968.14,4544.46,36.0
2022-12-12,LATAM,Sports,5871.68,684.5,15.0
2023-11-16,EMEA,Home & Garden,1711.36,118.24,24.0
2023-09-07,LATAM,Electronics,3892.72,1104.73,22.0
2023-05-30,APAC,Home & Garden,11566.26,3414.37,41.0
2024-02-12,APAC,Apparel,8777.28,2976.84,36.0
2023-04-27,Middle East,Apparel,1685.12,360.93,23.0
2023-10-16,North America,Sports,3992.36,450.53,10.0
2024-06-28,Middle East,Food & Beverage,9729.44,3322.85,23.0
2024-01-08,EMEA,Apparel,3690.99,755.91,43.0
2024-07-18,EMEA,Food & Beverage,12413.42,1339.82,24.0
2024-02-27,Middle East,Sports,9921.98,600.67,38.0
2022-09-04,APAC,Electronics,782.29,39.42,6.0
2023-11-30,LATAM,Food & Beverage,200.2,10.22,2.0
2024-06-20,Middle East,Sports,4899.86,1675.3,31.0
2023-09-28,Middle East,Food & Beverage,8880.4,2046.85,18.0
2023-07-04,Middle East,Beauty,3701.37,954.1,9.0
2024-01-16,LATAM,Beauty,2465.16,603.89,39.0
2022-06-06,EMEA,Beauty,7028.09,1369.1,15.0
2024-03-31,LATAM,Sports,2028.18,567.04,14.0
2024-05-24,LATAM,Apparel,4048.47,488.8,34.0
2024-04-09,North America,Electronics,4266.1,803.25,47.0
2024-09-01,Middle East,Beauty,6438.55,1004.07,24.0
2022-12-26,North America,Apparel,16789.14,2350.38,35.0
2022-10-22,LATAM,Home & Garden,993.49,245.71,5.0
2024-02-03,EMEA,Electronics,13093.66,4517.86,32.0
2022-05-26,EMEA,Electronics,2916.68,240.31,31.0
2022-11-15,Middle East,Beauty,1535.03,447.9,20.0
2022-08-31,EMEA,Food & Beverage,5907.73,1955.44,40.0
2024-10-09,EMEA,Electronics,16576.14,3939.98,45.0
2022-12-11,LATAM,Electronics,2975.08,1032.19,14.0
2023-10-21,North America,Beauty,10923.21,977.02,48.0
2024-04-15,Middle East,Food & Beverage,8318.63,1406.49,41.0
2024-08-09,APAC,Food & Beverage,21120.39,3200.51,42.0
2022-09-09,EMEA,Food & Beverage,4902.45,628.6,36.0
2023-08-31,Middle East,Electronics,563.26,34.18,16.0
2024-08-09,North America,Apparel,20736.94,4488.91,44.0
2023-08-04,EMEA,Beauty,5264.6,623.01,41.0
2023-11-13,LATAM,Home & Garden,17337.23,3936.44,48.0
2022-09-17,EMEA,Food & Beverage,707.95,115.08,16.0
2024-01-09,North America,Electronics,3114.61,244.75,30.0
2023-02-24,APAC,Sports,874.16,263.44,9.0
2024-01-23,North America,Apparel,708.57,257.08,3.0
2023-08-14,North America,Electronics,1160.54,161.67,22.0
2023-06-13,APAC,Apparel,2040.76,206.92,21.0
2024-10-18,APAC,Apparel,622.09,157.97,45.0
2024-04-11,Middle East,Food & Beverage,2214.68,591.67,45.0
2023-01-30,North America,Food & Beverage,4137.02,691.62,11.0
2024-10-21,Middle East,Food & Beverage,12720.97,1783.79,27.0
2024-11-23,Middle East,Beauty,1827.65,101.99,20.0
2022-11-28,APAC,Electronics,10537.94,1036.13,28.0
2024-11-30,North America,Electronics,12252.11,2457.53,48.0
2023-03-16,EMEA,Apparel,4014.88,1487.31,49.0
2022-09-26,EMEA,Apparel,4322.56,,29.0
2022-04-10,North America,Food & Beverage,7138.62,575.09,28.0
2024-05-03,LATAM,Food & Beverage,2057.01,747.34,39.0
2023-11-01,Middle East,Apparel,3411.14,786.31,19.0
2023-09-06,APAC,Electronics,5505.04,734.49,20.0
2024-09-11,Middle East,Sports,2629.64,752.65,9.0
2023-03-03,North America,Electronics,2803.47,848.53,25.0
2022-06-16,EMEA,Electronics,12162.49,1834.27,37.0
2023-03-06,Middle East,Sports,6369.67,2332.0,34.0
2024-09-22,LATAM,Beauty,100.76,33.56,1.0
2024-04-19,EMEA,Sports,12727.66,4378.99,44.0
2022-01-15,APAC,Beauty,2541.42,288.94,8.0
2023-06-09,North America,Food & Beverage,3548.31,658.1,9.0
2022-04-28,Middle East,Sports,4671.67,1127.04,45.0
2023-08-08,EMEA,Food & Beverage,16046.29,1623.56,33.0
2023-01-05,LATAM,Electronics,9517.01,3582.65,20.0
2024-04-19,APAC,Electronics,351.73,106.42,27.0
2023-02-15,EMEA,Electronics,5698.87,2158.39,18.0
2022-08-18,APAC,Beauty,6898.31,729.74,16.0
2024-03-30,EMEA,Electronics,3302.58,1168.23,10.0
2023-09-01,LATAM,Electronics,4682.38,1214.41,28.0
2022-12-23,North America,Electronics,1939.03,323.47,4.0
2024-05-21,EMEA,Home & Garden,12982.65,980.69,41.0
2024-03-09,LATAM,Sports,12783.14,4159.0,38.0
2022-06-18,APAC,Food & Beverage,3189.74,1164.43,12.0
2022-10-31,EMEA,Sports,2915.06,577.58,9.0
2023-08-20,North America,Beauty,2576.18,515.08,14.0
2023-06-25,APAC,Sports,12413.99,3778.12,28.0
2024-05-06,LATAM,Beauty,10345.4,2377.46,48.0
2023-01-05,LATAM,Beauty,14215.58,3715.07,38.0
2024-08-06,North America,Home & Garden,4105.83,298.18,17.0
2024-02-23,North America,Sports,3848.73,,22.0
2024-03-20,LATAM,Food & Beverage,1012.64,130.87,5.0
2022-06-28,LATAM,Home & Garden,12419.82,3093.03,47.0
2023-01-07,EMEA,Beauty,13340.7,3004.56,43.0
2022-04-04,APAC,Beauty,6830.07,948.54,13.0
2024-02-12,LATAM,Sports,6253.49,1075.82,21.0
2022-10-05,North America,Beauty,5947.13,1631.85,19.0
2022-07-23,North America,Sports,4500.2,914.71,13.0
2022-05-16,North America,Food & Beverage,2201.12,665.61,6.0
2022-09-30,North America,Apparel,4765.39,1810.3,24.0
2022-04-11,APAC,Apparel,12705.44,907.28,39.0
2024-01-13,EMEA,Food & Beverage,183.99,18.95,4.0
2022-03-03,Middle East,Apparel,2114.63,712.94,7.0
2023-12-20,APAC,Home & Garden,12714.84,3573.14,25.0
2024-02-25,North America,Home & Garden,4885.84,1630.19,15.0
2023-03-31,EMEA,Food & Beverage,11533.85,3248.96,25.0
2024-12-04,APAC,Sports,13157.18,3705.33,37.0
2023-06-03,APAC,Apparel,12812.02,4449.41,39.0
2023-05-11,North America,Apparel,3525.69,1000.07,17.0
2023-12-05,EMEA,Electronics,19484.38,1463.47,40.0
2024-06-22,APAC,Beauty,2355.45,718.83,41.0
2022-09-08,EMEA,Electronics,3068.32,820.47,10.0
2023-09-18,EMEA,Sports,10135.26,1249.9,33.0
2024-02-20,LATAM,Food & Beverage,8124.32,1501.01,37.0
2024-08-14,North America,Apparel,5087.79,1327.91,38.0
2022-01-13,APAC,Apparel,8215.53,2053.63,46.0
2024-07-22,EMEA,Beauty,6393.0,1765.01,27.0
2023-06-04,Middle East,Beauty,9217.18,2942.42,42.0
2022-05-30,North America,Electronics,1778.18,249.91,6.0
2024-11-07,North America,Beauty,1484.55,480.06,22.0
2024-10-07,APAC,Electronics,15036.72,2650.58,36.0
2023-01-21,North America,Sports,10320.71,1955.93,47.0
2024-10-20,LATAM,Apparel,11052.09,928.89,49.0
2022-07-01,Middle East,Sports,6223.56,1427.87,33.0
2024-07-12,EMEA,Home & Garden,9898.77,2895.97,46.0
2022-09-22,North America,Electronics,13553.74,4919.72,31.0
2023-08-05,EMEA,Home & Garden,9779.24,3444.65,29.0
2024-05-08,EMEA,Beauty,12217.94,4033.12,28.0
2023-08-04,North America,Food & Beverage,16103.67,1460.17,36.0
2024-04-05,LATAM,Sports,271.21,92.01,1.0
2023-12-19,APAC,Apparel,861.73,47.46,30.0
2023-11-27,Middle East,Beauty,3970.73,836.46,9.0
2024-02-28,Middle East,Home & Garden,10038.92,3447.03,43.0
2024-05-13,North America,Beauty,2453.49,339.06,33.0
2023-04-19,APAC,Home & Garden,5040.07,1597.35,26.0
2024-06-29,EMEA,Beauty,803.28,88.3,2.0
2022-10-04,EMEA,Sports,2756.27,288.21,44.0
2022-07-15,Middle East,Beauty,951.58,297.01,45.0
2023-11-29,North America,Electronics,10845.58,2004.99,30.0
2023-07-17,APAC,Home & Garden,4362.11,418.8,21.0
2023-12-21,North America,Electronics,9295.11,,18.0
2022-11-02,LATAM,Food & Beverage,2836.54,,12.0
2022-08-31,Middle East,Electronics,4023.99,696.51,40.0
2024-02-03,EMEA,Sports,4134.13,701.62,41.0
2023-01-19,EMEA,Electronics,4164.42,638.59,11.0
2024-04-17,Middle East,Beauty,1635.25,453.04,6.0
2024-01-16,Middle East,Sports,5548.5,916.63,14.0
2023-08-29,Middle East,Beauty,1135.68,165.68,3.0
2024-06-14,APAC,Beauty,9899.62,3232.58,36.0
2023-05-12,LATAM,Home & Garden,944.41,175.83,4.0
2024-01-03,EMEA,Electronics,2883.32,654.41,22.0
2024-08-08,North America,Home & Garden,227.66,52.1,3.0
2022-04-14,Middle East,Food & Beverage,4133.85,1543.85,9.0
2024-11-22,North America,Home & Garden,11825.02,958.31,34.0
2023-11-20,EMEA,Apparel,18527.82,2372.41,49.0
2023-06-30,Middle East,Apparel,414.03,142.33,23.0
2024-12-09,EMEA,Electronics,8277.94,1991.78,37.0
2024-11-05,EMEA,Home & Garden,12647.54,2768.86,26.0
2022-03-02,Middle East,Beauty,1720.54,578.51,4.0
2023-01-23,EMEA,Electronics,5812.12,1511.28,24.0
2022-09-09,LATAM,Home & Garden,9315.34,488.48,21.0
2022-01-02,North America,Beauty,11863.33,3076.1,27.0
2023-10-06,EMEA,Apparel,437.65,116.55,2.0
2023-07-22,Middle East,Apparel,10280.78,3506.75,27.0
2022-12-22,Middle East,Electronics,6709.84,1515.77,38.0
2023-03-10,North America,Food & Beverage,142.01,15.09,1.0
2022-09-07,Middle East,Home & Garden,17291.98,6557.94,35.0
2022-12-30,LATAM,Sports,5061.14,1561.41,39.0
2023-03-14,APAC,Electronics,4129.22,736.64,42.0
2024-10-07,Middle East,Apparel,6828.72,1203.07,19.0
2023-11-14,North America,Food & Beverage,5539.14,442.22,38.0
2024-05-13,LATAM,Electronics,16079.53,871.31,31.0
2022-07-30,APAC,Electronics,2470.95,446.83,10.0
2024-01-18,North America,Sports,13289.66,4126.71,37.0
2023-04-24,APAC,Beauty,14482.81,2081.26,43.0
2024-02-15,APAC,Sports,5029.57,368.78,36.0
2023-12-03,North America,Home & Garden,254.15,75.34,1.0
2022-01-12,North America,Food & Beverage,3796.9,1360.85,18.0
2023-06-04,Middle East,Home & Garden,2576.75,662.36,9.0
2022-06-03,APAC,Electronics,6879.23,1239.06,13.0
2023-07-12,EMEA,Sports,1199.39,293.23,34.0
2023-05-16,LATAM,Beauty,5345.42,1240.3,32.0
2023-09-14,LATAM,Beauty,4801.89,1588.12,46.0
2022-04-01,APAC,Beauty,1226.4,458.54,18.0
2023-08-12,Middle East,Food & Beverage,14819.78,4142.1,47.0
2024-11-04,APAC,Electronics,20662.15,2136.37,48.0
2024-05-27,North America,Beauty,8526.98,732.7,24.0
2023-07-23,EMEA,Apparel,7280.19,1412.15,16.0
2023-03-16,Middle East,Home & Garden,7713.55,2713.81,19.0
2024-01-27,LATAM,Sports,14883.64,3602.57,32.0
2022-05-18,North America,Beauty,257.27,43.65,1.0
2024-06-17,APAC,Sports,1018.11,267.07,19.0
2024-01-07,Middle East,Apparel,4742.63,675.87,27.0
2022-11-30,EMEA,Beauty,5381.22,482.72,27.0
2023-12-11,Middle East,Beauty,7604.75,1591.9,21.0
2022-07-17,Middle East,Apparel,5508.51,339.63,18.0
2022-02-28,Middle East,Apparel,2359.45,303.25,45.0
2022-09-16,LATAM,Home & Garden,708.44,125.33,26.0
2024-07-02,APAC,Sports,14217.19,1849.16,41.0
2023-09-29,APAC,Sports,5095.41,1424.71,11.0
2022-10-21,APAC,Electronics,963.89,74.28,7.0
2024-04-17,APAC,Sports,660.07,188.17,12.0
2024-09-07,Middle East,Food & Beverage,22210.76,1570.13,44.0
2022-06-27,EMEA,Apparel,9781.28,2740.46,35.0
2022-03-29,Middle East,Electronics,5655.97,322.47,42.0
2023-11-30,North America,Apparel,1046.2,70.87,7.0
2023-04-09,APAC,Electronics,1472.91,547.41,4.0
2022-09-10,EMEA,Home & Garden,2814.95,786.87,6.0
2022-02-05,EMEA,Apparel,8303.48,2642.89,18.0
2023-05-03,APAC,Home & Garden,14272.63,4245.43,37.0
2022-08-16,EMEA,Beauty,2151.25,210.86,14.0
2022-05-15,Middle East,Electronics,,1455.48,40.0
2022-02-09,North America,Apparel,11251.76,1268.1,40.0
2023-10-22,LATAM,Food & Beverage,202.9,67.24,1.0
2022-02-23,Middle East,Sports,648.57,173.72,21.0
2023-12-29,North America,Food & Beverage,305.64,90.05,14.0
2023-01-13,Middle East,Beauty,3559.01,429.41,20.0
2023-07-25,Middle East,Sports,6204.7,1534.58,16.0
2022-05-27,APAC,Food & Beverage,9908.37,3023.83,34.0
2022-04-13,EMEA,Sports,7308.1,1037.91,36.0
2022-09-04,EMEA,Home & Garden,462.56,82.58,4.0
2024-07-19,APAC,Home & Garden,8181.15,1302.4,31.0
2024-04-30,LATAM,Apparel,14163.99,733.28,33.0
2022-06-04,North America,Electronics,15656.24,5047.35,35.0
2023-08-25,Middle East,Home & Garden,17871.37,1560.51,39.0
2024-01-26,APAC,Home & Garden,14159.34,1702.66,34.0
2023-02-15,APAC,Sports,10927.99,666.6,33.0
2024-07-16,EMEA,Apparel,180.76,52.32,13.0
2023-08-06,Middle East,Food & Beverage,11104.13,1251.61,39.0
2023-08-24,APAC,Apparel,3139.13,457.82,12.0
2022-02-19,LATAM,Home & Garden,7586.17,2011.2,29.0
2024-09-17,EMEA,Electronics,2683.66,399.01,28.0
2023-01-28,Middle East,Sports,15630.4,2556.91,43.0
2022-06-07,APAC,Food & Beverage,7451.06,927.91,40.0
2023-02-25,LATAM,Home & Garden,341.16,56.52,1.0
2023-04-10,Middle East,Apparel,826.93,56.95,28.0
2022-07-01,Middle East,Food & Beverage,1499.16,299.57,9.0
2024-02-05,APAC,Electronics,1910.09,283.33,15.0
2023-05-04,EMEA,Home & Garden,12081.34,1858.28,45.0
2024-08-24,North America,Apparel,2385.85,698.37,23.0
2022-01-14,LATAM,Beauty,6041.23,1532.33,29.0
2023-09-12,APAC,Sports,5728.12,584.17,13.0
2024-09-03,LATAM,Home & Garden,4444.95,404.67,10.0
2022-03-09,Middle East,Sports,7446.88,1896.11,20.0
2024-12-25,Middle East,Beauty,1799.56,488.85,32.0
2022-08-30,North America,Beauty,6513.29,1975.13,33.0
2024-12-06,North America,Apparel,4233.91,664.18,47.0
2024-12-24,APAC,Food & Beverage,8803.09,3258.83,47.0
2023-05-15,LATAM,Food & Beverage,11054.84,1338.49,27.0
2022-07-25,APAC,Electronics,3962.16,950.96,45.0
2022-08-26,Middle East,Home & Garden,12084.57,631.99,28.0
2022-08-28,APAC,Beauty,14945.46,2548.51,31.0
2023-04-11,LATAM,Beauty,12337.71,2960.62,38.0
2023-04-01,LATAM,Apparel,1034.99,275.57,10.0
2022-11-20,EMEA,Sports,3463.35,539.54,18.0
2024-06-08,North America,Apparel,4105.25,1050.55,21.0
2022-05-09,North America,Home & Garden,2997.02,624.47,13.0
2023-06-12,Middle East,Electronics,849.52,44.82,17.0
2024-10-26,LATAM,Home & Garden,6143.35,518.21,19.0
2024-08-17,Middle East,Sports,9208.92,1739.9,20.0
2024-03-11,EMEA,Food & Beverage,6482.25,349.39,21.0
2023-09-10,LATAM,Electronics,1492.9,161.11,9.0
2024-07-05,North America,Beauty,4063.47,839.95,9.0
2024-06-06,Middle East,Home & Garden,6429.43,2277.78,30.0
2022-06-20,North America,Food & Beverage,265.27,33.51,1.0
2022-02-21,LATAM,Beauty,13174.2,1959.39,38.0
2022-04-27,LATAM,Beauty,8705.03,2417.57,25.0
2024-10-18,APAC,Sports,357.07,88.95,8.0
2024-06-15,Middle East,Home & Garden,3439.69,772.36,12.0
2024-03-13,APAC,Beauty,1638.03,276.0,26.0
2023-07-30,LATAM,Food & Beverage,1808.49,110.73,6.0
2022-11-20,LATAM,Beauty,16344.45,2256.51,37.0
2024-08-17,LATAM,Food & Beverage,2215.92,566.07,16.0
2023-08-24,EMEA,Food & Beverage,417.09,70.8,15.0
2022-01-31,North America,Electronics,6232.91,1711.81,21.0
2022-12-02,LATAM,Home & Garden,2997.93,756.12,42.0
2023-01-12,APAC,Home & Garden,12555.21,1771.72,29.0
2022-08-30,LATAM,Sports,2789.3,932.56,22.0
2022-03-13,LATAM,Beauty,2477.58,775.4,5.0
2023-04-10,LATAM,Sports,3124.49,455.12,18.0
2022-04-07,APAC,Home & Garden,363.9,44.08,1.0
2023-12-10,APAC,Home & Garden,4057.64,514.68,30.0
2022-12-07,LATAM,Beauty,4796.27,693.21,15.0
2024-01-22,EMEA,Home & Garden,21717.32,4992.62,45.0
2022-11-09,LATAM,Food & Beverage,1862.93,279.52,9.0
2023-06-20,LATAM,Home & Garden,9198.15,2171.25,27.0
2024-02-02,Middle East,Electronics,241.85,77.36,7.0
2024-04-09,EMEA,Food & Beverage,5030.08,1228.22,46.0
2024-10-12,Middle East,Sports,5922.38,1096.63,26.0
2023-11-09,EMEA,Electronics,660.25,226.4,4.0
2022-03-28,LATAM,Home & Garden,4027.7,1514.53,13.0
2024-08-17,APAC,Beauty,3274.39,628.86,31.0
2024-02-01,LATAM,Sports,129.56,36.75,9.0
2022-07-11,EMEA,Apparel,4688.83,1584.7,13.0
2022-07-28,Middle East,Home & Garden,7664.28,1873.06,17.0
2022-10-05,LATAM,Beauty,2662.11,706.68,8.0
2023-05-04,Middle East,Sports,11094.15,3102.51,
2022-03-20,APAC,Apparel,2952.37,997.78,12.0
2023-11-24,North America,Sports,5633.19,1327.42,13.0
2024-09-10,EMEA,Food & Beverage,9565.1,1870.6,31.0
2024-06-12,Middle East,Home & Garden,1555.17,499.92,8.0
2024-11-06,LATAM,Home & Garden,4468.46,527.95,47.0
2023-10-06,Middle East,Sports,653.89,137.74,24.0
2023-11-03,APAC,Electronics,13064.81,4259.51,46.0
2023-09-22,EMEA,Sports,2762.68,389.55,8.0
2023-12-28,North America,Beauty,1527.73,429.4,19.0
2024-03-27,LATAM,Sports,371.18,104.91,
2024-04-16,North America,Beauty,15399.42,3974.41,42.0
2022-08-21,EMEA,Apparel,7922.71,778.08,22.0
2024-10-26,LATAM,Apparel,,212.77,26.0
2024-11-14,EMEA,Apparel,17394.98,928.62,42.0
2022-10-08,APAC,Home & Garden,4566.97,858.34,28.0
2024-05-02,EMEA,Electronics,3257.19,1062.11,15.0
2022-11-28,LATAM,Apparel,10422.27,1054.93,37.0
2023-10-05,Middle East,Home & Garden,768.72,99.34,18.0
2024-07-25,EMEA,Sports,4774.56,1299.87,26.0
2022-08-14,North America,Beauty,643.84,96.11,2.0
2022-02-26,LATAM,Electronics,5938.99,1790.1,24.0
2022-09-07,APAC,Food & Beverage,8823.32,1983.56,26.0
2022-09-20,North America,Home & Garden,2064.97,553.72,42.0
2024-06-14,North America,Apparel,1534.89,349.4,5.0
2022-05-20,North America,Beauty,9996.61,2009.38,35.0
2024-11-18,North America,Beauty,2120.67,569.8,20.0
2024-11-26,EMEA,Food & Beverage,44.24,10.72,1.0
2024-06-23,APAC,Home & Garden,2916.7,1036.1,13.0
2022-04-30,LATAM,Apparel,7991.3,1488.58,26.0
2024-10-25,APAC,Electronics,1757.24,615.72,27.0
2024-10-17,Middle East,Apparel,1699.33,331.83,41.0
2024-09-11,EMEA,Apparel,2372.91,556.94,10.0
2022-07-14,EMEA,Beauty,7200.82,2281.09,48.0
2023-11-30,APAC,Home & Garden,13395.16,3033.64,33.0
2023-09-16,EMEA,Home & Garden,10081.74,1510.31,32.0
2024-06-21,Middle East,Sports,5472.51,976.12,40.0
2023-06-06,EMEA,Beauty,1656.67,168.66,37.0
2023-08-18,LATAM,Food & Beverage,11034.77,2140.64,38.0
2024-10-25,EMEA,Sports,3348.21,1114.31,33.0
2024-03-19,EMEA,Apparel,2843.11,230.33,7.0
2022-06-02,Middle East,Apparel,8204.25,1407.94,49.0
2023-10-05,APAC,Sports,583.75,47.8,8.0
2023-07-10,APAC,Apparel,1467.31,437.05,20.0
2024-09-25,APAC,Home & Garden,3408.45,333.35,23.0
2022-11-18,North America,Home & Garden,19659.16,2634.07,45.0
2023-01-26,LATAM,Sports,7729.26,1218.38,47.0
2022-09-27,Middle East,Food & Beverage,13553.25,2338.27,35.0
2023-08-03,LATAM,Sports,3316.6,716.14,10.0
2023-04-16,APAC,Home & Garden,2202.44,540.52,44.0
2023-11-18,LATAM,Beauty,1076.52,234.13,4.0
2022-12-29,North America,Apparel,3223.28,995.84,6.0
2023-03-20,North America,Home & Garden,82.82,23.06,2.0
2024-07-14,Middle East,Home & Garden,583.35,161.87,13.0
2024-05-12,North America,Electronics,4668.29,1243.22,
2023-11-27,North America,Sports,1067.99,285.72,5.0
2022-01-06,North America,Food & Beverage,12306.57,1240.34,34.0
2022-05-03,Middle East,Apparel,14976.81,4525.92,40.0
2022-09-19,Middle East,Electronics,14390.31,5053.09,32.0
2023-05-14,Middle East,Electronics,20546.54,3105.67,45.0
2022-04-13,EMEA,Food & Beverage,1502.47,236.76,14.0
2022-09-19,Middle East,Sports,1998.51,430.22,4.0
2022-01-16,Middle East,Apparel,4991.92,1689.15,27.0
2023-04-21,North America,Home & Garden,14026.53,3955.38,44.0
2023-05-14,North America,Electronics,252.12,16.21,3.0
2023-07-09,Middle East,Electronics,5388.86,1717.6,12.0
2023-05-05,APAC,Home & Garden,3169.99,1159.74,10.0
2024-11-25,Middle East,Home & Garden,7552.63,1123.13,48.0
2024-07-09,North America,Electronics,17991.22,1494.16,37.0
2024-10-22,North America,Sports,446.37,24.92,
2023-09-06,LATAM,Home & Garden,4768.49,1440.23,46.0
2023-08-20,EMEA,Electronics,16142.76,4467.14,39.0
2024-09-03,Middle East,Home & Garden,8554.45,489.66,40.0
2023-05-31,APAC,Apparel,2428.46,440.87,36.0
2023-01-21,EMEA,Electronics,17177.82,4065.02,36.0
2024-02-01,Middle East,Beauty,4646.27,726.2,43.0
2024-12-15,LATAM,Beauty,9375.16,2656.42,44.0
2023-01-30,North America,Apparel,1158.49,261.25,13.0
2023-07-05,EMEA,Food & Beverage,11630.7,2890.98,30.0
2023-08-26,LATAM,Home & Garden,14598.9,1815.11,38.0
2022-11-03,EMEA,Sports,14831.94,4648.8,44.0
2024-06-27,Middle East,Sports,461.85,89.02,2.0
2022-05-24,APAC,Food & Beverage,230.93,,1.0
2022-07-25,APAC,Sports,11009.55,2620.4,45.0
2023-11-17,North America,Beauty,368.27,68.04,5.0
2024-10-28,LATAM,Sports,6082.18,1322.95,16.0
2024-05-30,APAC,Electronics,6295.54,1599.15,27.0
2024-12-24,Middle East,Apparel,4147.67,477.52,8.0
2022-11-03,LATAM,Food & Beverage,9159.64,665.74,18.0
2024-06-23,Middle East,Food & Beverage,492.41,145.01,
2022-06-29,EMEA,Food & Beverage,5226.86,,
2022-12-23,LATAM,Home & Garden,2724.91,932.8,40.0
2022-11-10,Middle East,Beauty,8123.04,972.16,37.0
2024-10-27,LATAM,Food & Beverage,9527.06,,39.0
2024-11-30,EMEA,Electronics,7423.07,2594.02,32.0
2023-02-02,Middle East,Electronics,7611.96,399.68,25.0
2022-04-16,LATAM,Sports,11746.53,2572.43,33.0
2023-12-23,APAC,Apparel,6722.98,1355.74,15.0
2022-06-03,APAC,Apparel,3586.49,1246.97,45.0
2022-10-30,APAC,Beauty,7809.21,1462.06,22.0
2024-04-11,EMEA,Beauty,7608.7,1621.1,28.0
2023-02-02,APAC,Beauty,9810.89,2857.04,37.0
2023-05-06,EMEA,Beauty,652.81,177.66,2.0
2022-01-31,North America,Food & Beverage,1725.95,644.38,21.0
2022-11-08,Middle East,Home & Garden,5386.46,1311.45,13.0
2022-08-21,North America,Home & Garden,9469.52,2155.11,32.0
2022-12-20,APAC,Sports,3192.51,935.4,18.0
2024-08-11,APAC,Apparel,7816.6,1274.87,49.0
2022-04-05,North America,Beauty,3232.36,277.17,42.0
2023-08-20,LATAM,Beauty,14427.02,2429.89,38.0
2023-03-02,North America,Beauty,841.58,129.29,25.0
2024-06-07,EMEA,Apparel,787.14,294.96,19.0
2023-11-07,Middle East,Beauty,3431.8,962.78,12.0
2023-11-03,Middle East,Home & Garden,15367.3,1305.1,37.0
2023-01-24,North America,Sports,20258.64,4756.91,41.0
2023-01-18,LATAM,Beauty,2320.26,126.3,20.0
2022-09-06,North America,Sports,1053.65,171.12,42.0
2023-12-27,Middle East,Apparel,1391.26,449.21,3.0
2024-05-22,EMEA,Apparel,3234.53,1147.41,18.0
2022-07-15,EMEA,Apparel,1862.65,411.4,
2023-08-15,LATAM,Beauty,9803.42,1987.7,45.0
2022-08-02,APAC,Apparel,12636.09,3007.37,36.0
2024-12-11,LATAM,Home & Garden,18005.52,1292.04,35.0
2024-02-15,APAC,Sports,1183.42,309.68,24.0
2022-01-04,APAC,Electronics,2700.14,549.11,8.0
2024-03-28,LATAM,Electronics,20354.55,2610.53,48.0
2023-11-02,EMEA,Apparel,19264.48,4245.51,49.0
2023-07-21,North America,Home & Garden,17177.54,3565.54,33.0
2022-09-22,Middle East,Apparel,6324.04,1184.92,20.0
2023-08-29,APAC,Beauty,1835.48,644.97,49.0
2024-06-17,EMEA,Apparel,10077.48,3340.06,34.0
2022-11-09,North America,Home & Garden,1702.09,594.65,11.0
2024-07-21,Middle East,Sports,160.07,37.04,1.0
2023-07-28,EMEA,Food & Beverage,477.93,32.5,11.0
2022-09-10,APAC,Apparel,8686.71,983.39,27.0
2023-09-25,APAC,Electronics,1965.3,210.05,5.0
2024-08-04,Middle East,Food & Beverage,1405.08,339.78,12.0
2023-01-02,EMEA,Food & Beverage,10324.18,1962.42,44.0
2022-01-30,EMEA,Apparel,3941.27,1426.17,11.0
2022-03-07,EMEA,Apparel,7909.29,696.08,27.0
2023-02-21,North America,Home & Garden,19268.03,2900.36,41.0
2022-05-23,EMEA,Electronics,5163.72,388.18,10.0
2022-02-10,LATAM,Home & Garden,1214.24,164.21,4.0
2022-06-21,North America,Beauty,1242.9,115.52,16.0
2024-03-12,APAC,Beauty,232.65,53.04,16.0
2024-02-28,EMEA,Food & Beverage,10677.8,2150.74,34.0
2023-10-20,LATAM,Beauty,15975.17,5327.22,48.0
2024-11-26,EMEA,Food & Beverage,14375.75,1939.85,36.0
2022-05-17,LATAM,Food & Beverage,7777.36,2444.92,19.0
2024-02-29,APAC,Food & Beverage,13779.53,1778.47,47.0
2024-05-17,North America,Electronics,9102.45,1436.52,33.0
2022-10-21,LATAM,Apparel,2352.96,542.11,5.0
2022-04-29,North America,Electronics,1936.91,242.54,6.0
2022-10-20,EMEA,Home & Garden,13464.74,2698.97,40.0
2024-09-09,APAC,Food & Beverage,1968.27,206.79,21.0
2022-01-05,Middle East,Food & Beverage,19004.89,3049.35,42.0
2024-04-06,EMEA,Food & Beverage,1145.8,275.32,12.0
2023-11-10,North America,Sports,1659.81,163.41,13.0
2024-08-31,North America,Apparel,6578.66,2250.43,43.0
2024-11-05,EMEA,Sports,5393.66,1822.87,49.0
2024-05-05,Middle East,Home & Garden,9380.3,2683.51,39.0
2022-05-11,North America,Electronics,550.36,192.43,18.0
2024-07-12,LATAM,Sports,2242.65,201.19,27.0
2024-12-22,Middle East,Home & Garden,1497.19,414.78,7.0
2023-05-17,Middle East,Food & Beverage,455.43,111.64,2.0
2024-08-03,Middle East,Apparel,9367.24,1036.83,22.0
2024-09-07,EMEA,Food & Beverage,12337.3,,30.0
2023-06-03,LATAM,Electronics,8016.98,1784.98,45.0
2022-07-31,EMEA,Sports,2921.15,850.03,23.0
2024-05-13,APAC,Beauty,6085.43,1570.59,35.0
2023-04-23,Middle East,Food & Beverage,2377.86,743.81,20.0
2024-05-19,Middle East,Home & Garden,11109.28,1012.78,44.0
2024-06-05,LATAM,Beauty,2080.03,497.55,17.0
2024-10-12,Middle East,Apparel,19770.64,7186.97,44.0
2022-01-23,EMEA,Beauty,8672.89,921.32,23.0
2024-12-10,Middle East,Sports,5711.32,337.55,41.0
2022-09-22,EMEA,Sports,583.3,51.38,13.0
2022-02-06,Middle East,Electronics,2200.26,378.74,5.0
2023-11-04,North America,Electronics,5350.33,843.8,39.0
2023-02-09,APAC,Beauty,6011.97,628.63,31.0
2022-10-11,North America,Electronics,4474.46,534.02,26.0
2023-06-22,North America,Beauty,10755.72,752.33,31.0
2023-11-04,LATAM,Food & Beverage,3337.1,520.64,10.0
2023-10-23,EMEA,Beauty,3330.86,1138.08,16.0
2022-06-27,EMEA,Home & Garden,,4407.3,27.0
2023-03-17,EMEA,Electronics,1694.7,119.94,10.0
2022-06-24,North America,Beauty,5689.86,2008.38,13.0
2023-04-27,LATAM,Home & Garden,6724.67,1371.41,15.0
2023-03-30,EMEA,Electronics,5067.46,741.79,44.0
2022-07-09,EMEA,Food & Beverage,131.16,37.18,3.0
2022-09-06,Middle East,Sports,8143.01,2518.74,32.0
2022-08-21,LATAM,Home & Garden,3932.25,1000.11,9.0
2024-03-01,Middle East,Food & Beverage,3369.54,173.85,38.0
2023-10-03,APAC,Beauty,1623.7,372.55,15.0
2023-07-25,North America,Food & Beverage,1760.78,106.32,16.0
2024-06-07,North America,Food & Beverage,7443.42,1737.88,23.0
2022-08-27,EMEA,Food & Beverage,447.4,120.16,2.0
2022-06-30,LATAM,Food & Beverage,5802.58,1249.71,17.0
2024-04-09,EMEA,Sports,3563.64,441.99,19.0
2022-08-23,North America,Sports,17293.82,4656.34,43.0
2022-05-16,Middle East,Sports,10306.01,3014.21,28.0
2023-05-25,North America,Electronics,7048.58,929.97,21.0
2022-04-17,EMEA,Food & Beverage,1001.44,377.66,19.0
2022-06-21,LATAM,Sports,3635.86,1228.11,24.0
2022-12-05,APAC,Beauty,363.81,124.37,1.0
2023-06-06,Middle East,Home & Garden,2299.97,436.7,40.0
2022-07-18,LATAM,Sports,2028.66,540.22,4.0
2024-06-05,APAC,Beauty,3299.67,206.97,20.0
2022-12-18,North America,Sports,11860.25,2788.43,37.0
2023-02-04,Middle East,Home & Garden,11599.24,1610.56,30.0
2022-10-11,North America,Sports,2491.69,167.18,8.0
2022-06-03,LATAM,Beauty,11117.72,1651.2,23.0
2022-01-03,LATAM,Apparel,12018.93,2256.11,30.0
2024-02-27,LATAM,Electronics,23544.84,2341.18,49.0
2023-11-13,North America,Apparel,2109.64,137.03,17.0
2024-12-03,LATAM,Electronics,2344.24,562.2,15.0
2024-12-09,Middle East,Home & Garden,4715.7,1185.97,33.0
2024-10-05,APAC,Beauty,1034.09,98.56,26.0
2022-04-09,APAC,Apparel,7497.62,1768.25,42.0
2024-07-30,EMEA,Apparel,931.8,303.84,10.0
2023-09-14,LATAM,Apparel,21523.74,2934.15,41.0
2024-03-28,APAC,Sports,1126.39,215.82,15.0
2023-05-24,North America,Electronics,5852.51,353.54,31.0
2024-11-30,EMEA,Home & Garden,2036.39,209.53,36.0
2024-02-13,North America,Electronics,5766.29,1807.8,20.0
2022-03-19,APAC,Apparel,11278.33,827.72,
2023-01-06,APAC,Beauty,3679.82,1297.87,18.0
2024-09-17,APAC,Sports,18337.97,6736.67,43.0
2022-02-12,APAC,Home & Garden,17307.11,2181.54,39.0
2023-06-06,APAC,Food & Beverage,4877.23,1453.58,24.0
2022-08-12,LATAM,Apparel,17383.69,2645.6,44.0
2022-09-23,LATAM,Home & Garden,5518.59,1579.59,21.0
2024-04-15,North America,Sports,5142.56,1113.54,48.0
2024-09-16,North America,Apparel,78.86,25.52,3.0
2023-08-04,Middle East,Beauty,24241.97,2663.18,49.0
2024-02-12,North America,Electronics,5122.28,1232.8,11.0
2024-03-01,LATAM,Electronics,10902.54,2957.45,28.0
2023-09-03,APAC,Beauty,15219.34,3485.65,44.0
2022-08-09,APAC,Beauty,2111.38,558.4,7.0
2024-09-02,North America,Apparel,9157.44,1804.55,35.0
2024-08-06,North America,Home & Garden,3625.59,,16.0
2024-06-23,North America,Food & Beverage,3964.14,292.0,31.0
2022-01-07,APAC,Electronics,12843.61,3239.76,47.0
2024-11-03,LATAM,Beauty,2664.52,940.97,7.0
2022-02-02,APAC,Sports,3262.32,636.39,13.0
2023-07-08,EMEA,Electronics,2503.53,484.34,18.0
2024-01-10,North America,Electronics,11385.29,1679.21,40.0
2024-02-19,LATAM,Electronics,2323.8,775.25,11.0
2023-12-24,APAC,Apparel,1386.56,145.04,9.0
2024-10-15,Middle East,Food & Beverage,4788.21,675.62,11.0
2022-02-26,LATAM,Food & Beverage,5747.34,1155.5,44.0
2024-11-19,LATAM,Sports,3113.04,1059.81,45.0
2023-03-25,LATAM,Apparel,7502.82,2439.2,19.0
2024-01-25,LATAM,Sports,1644.56,474.24,4.0
2023-01-13,LATAM,Apparel,8311.35,2031.25,48.0
2024-04-01,North America,Beauty,19425.2,5371.77,49.0
2022-12-15,APAC,Home & Garden,8580.31,3182.39,25.0
2023-03-31,EMEA,Beauty,2741.64,750.86,32.0
2023-02-12,APAC,Beauty,5234.81,1442.96,37.0
2023-01-04,North America,Sports,4054.68,1183.33,44.0
2022-06-03,APAC,Electronics,15621.28,3863.23,35.0
2022-06-08,EMEA,Food & Beverage,3599.77,483.4,32.0
2024-12-15,APAC,Apparel,2586.66,363.22,41.0
2022-03-15,Middle East,Beauty,4763.82,1743.97,36.0
2022-10-29,Middle East,Apparel,56.81,17.12,3.0
2024-09-20,Middle East,Apparel,13858.8,4404.47,
2022-03-30,EMEA,Beauty,17838.54,6774.72,43.0
2024-09-03,North America,Beauty,1064.9,125.73,5.0
2024-10-31,Middle East,Sports,11294.59,1811.05,42.0
2024-03-25,APAC,Sports,17439.64,4447.42,45.0
2022-01-22,EMEA,Electronics,8516.99,710.06,33.0
2023-07-20,LATAM,Sports,12010.53,1909.0,32.0
2022-04-04,North America,Food & Beverage,1109.07,350.38,9.0
2023-07-09,APAC,Sports,170.87,60.05,1.0
2024-06-16,North America,Electronics,2072.02,237.42,17.0
2024-01-03,EMEA,Electronics,2115.95,688.03,8.0
2023-01-07,Middle East,Food & Beverage,5856.33,942.03,15.0
2022-10-25,LATAM,Food & Beverage,838.97,170.89,3.0
2022-10-29,EMEA,Home & Garden,12577.07,4418.48,26.0
2023-09-12,APAC,Sports,5728.12,584.17,13.0
2024-04-22,LATAM,Food & Beverage,1716.83,519.18,32.0
2023-05-10,LATAM,Electronics,6726.5,1057.43,37.0
2022-04-07,Middle East,Food & Beverage,459.4,157.27,16.0
2022-10-16,APAC,Beauty,16.44,5.99,1.0
2024-10-18,North America,Sports,7313.97,578.0,23.0
2022-02-04,LATAM,Electronics,7229.06,2744.57,37.0
2023-10-30,EMEA,Electronics,5466.83,1546.86,19.0
2023-06-08,APAC,Sports,12823.43,1634.36,36.0
2023-07-24,LATAM,Home & Garden,316.74,29.21,1.0
2024-08-23,EMEA,Apparel,443.69,78.75,1.0
2023-04-25,APAC,Apparel,950.95,281.02,5.0
2024-05-01,Middle East,Beauty,5261.31,1218.82,48.0
2022-07-19,APAC,Sports,9582.41,963.18,36.0
2022-12-01,EMEA,Beauty,4090.78,252.43,10.0
2024-04-14,North America,Food & Beverage,1099.71,391.07,16.0
2023-12-26,Middle East,Home & Garden,7495.19,777.37,27.0
2024-01-22,APAC,Food & Beverage,11347.17,1101.69,47.0
2024-04-12,Middle East,Home & Garden,935.36,195.22,3.0
2022-11-22,North America,Beauty,7689.28,2678.67,40.0
2023-04-09,Middle East,Food & Beverage,149.01,43.42,1.0
2024-05-12,Middle East,Apparel,9039.31,3065.05,17.0
2024-11-05,LATAM,Sports,13145.87,1714.02,28.0
2023-09-14,LATAM,Beauty,7307.8,2756.66,20.0
2022-10-06,LATAM,Beauty,17566.54,2558.72,42.0
2023-01-12,LATAM,Home & Garden,3814.47,927.17,18.0
2023-11-06,Middle East,Beauty,1438.48,269.11,9.0
2022-09-29,LATAM,Apparel,2038.62,345.4,31.0
2024-03-25,APAC,Home & Garden,11113.56,2678.08,43.0
2022-11-10,EMEA,Beauty,2776.76,519.43,28.0
2024-12-26,North America,Apparel,5032.83,1297.39,18.0
2024-08-20,LATAM,Sports,3927.39,250.08,10.0
2022-05-08,Middle East,Home & Garden,7992.73,2228.37,40.0
2023-02-22,LATAM,Food & Beverage,1987.76,754.62,23.0
2022-10-07,APAC,Beauty,637.03,170.96,3.0
2024-06-11,Middle East,Food & Beverage,330.66,118.02,8.0
2022-02-17,Middle East,Apparel,1754.74,640.47,4.0
2024-02-13,APAC,Home & Garden,3013.78,,11.0
2023-06-17,Middle East,Apparel,9501.32,1806.79,30.0
2024-10-30,LATAM,Home & Garden,5204.52,1784.86,11.0
2022-02-18,LATAM,Food & Beverage,1010.58,160.76,30.0
2024-05-18,LATAM,Electronics,1020.16,60.25,8.0
2022-01-11,EMEA,Sports,420.29,57.27,6.0
2023-12-24,North America,Sports,6173.78,,42.0
2023-12-13,North America,Beauty,11294.62,2190.74,36.0
2023-12-22,North America,Home & Garden,6703.06,1575.75,29.0
2024-12-08,North America,Electronics,4376.11,1041.17,36.0
2024-03-18,LATAM,Electronics,3391.61,1234.89,8.0
2023-08-31,Middle East,Home & Garden,1046.75,356.77,11.0
2023-09-25,APAC,Food & Beverage,268.08,52.36,4.0
2022-07-30,North America,Home & Garden,283.11,32.14,5.0
2024-09-11,North America,Apparel,7602.35,2217.97,24.0
2024-11-17,LATAM,Sports,7365.86,2010.34,22.0
2023-05-07,Middle East,Food & Beverage,12719.93,3695.95,33.0
2024-08-12,APAC,Apparel,6563.49,414.34,31.0
2023-10-26,EMEA,Apparel,1170.98,179.13,6.0
2023-01-14,EMEA,Electronics,3264.27,307.71,12.0
2024-06-22,LATAM,Electronics,7959.17,2059.27,29.0
2023-11-30,EMEA,Beauty,24657.48,8725.68,47.0
2022-05-31,LATAM,Sports,276.28,104.6,17.0
2023-01-20,Middle East,Apparel,2686.82,354.68,35.0
2023-01-12,EMEA,Sports,1707.27,596.76,6.0
2024-12-17,LATAM,Food & Beverage,4739.53,534.32,15.0
2022-12-07,Middle East,Beauty,3537.58,948.04,23.0
2023-07-10,Middle East,Food & Beverage,15709.84,4339.22,44.0
2022-03-18,LATAM,Home & Garden,403.16,56.87,19.0
2022-12-14,Middle East,Home & Garden,8722.78,819.28,32.0
2023-05-16,LATAM,Beauty,4555.02,578.03,14.0
2024-07-11,Middle East,Food & Beverage,251.59,88.41,5.0
2022-04-14,North America,Home & Garden,2546.41,362.2,8.0
2022-11-13,EMEA,Electronics,3136.0,473.31,46.0
2022-08-30,APAC,Sports,4593.87,753.78,17.0
2024-06-22,North America,Food & Beverage,7825.11,756.41,42.0
2022-06-08,APAC,Beauty,16055.14,4942.11,41.0
2022-07-25,EMEA,Sports,14970.44,3857.83,34.0
2023-10-07,North America,Home & Garden,2801.27,975.55,40.0
2023-10-19,LATAM,Apparel,16379.83,5277.39,33.0
2022-11-17,APAC,Food & Beverage,6273.93,714.44,26.0
2023-07-23,Middle East,Sports,1275.95,305.68,11.0
2022-08-15,LATAM,Sports,8425.79,1952.1,19.0
2022-06-17,EMEA,Apparel,19345.02,7171.18,49.0
2024-03-21,APAC,Sports,10906.42,2265.8,27.0
2024-01-03,APAC,Food & Beverage,4646.07,768.88,18.0
2024-01-24,LATAM,Food & Beverage,128.49,8.06,3.0
2024-01-25,EMEA,Sports,619.58,191.58,2.0
2024-05-21,EMEA,Electronics,14063.01,1481.62,29.0
2023-04-27,North America,Apparel,21071.42,,49.0
2024-05-08,Middle East,Beauty,17920.37,1605.45,34.0
2022-07-11,APAC,Home & Garden,12718.2,1072.1,31.0
2023-11-05,LATAM,Apparel,7220.78,1905.11,39.0
2022-02-15,North America,Electronics,7560.34,760.35,17.0
2023-07-06,LATAM,Beauty,7803.1,2102.07,20.0
2024-03-20,LATAM,Home & Garden,1322.57,419.07,24.0
2023-03-30,LATAM,Food & Beverage,199.94,25.27,1.0
2022-12-07,North America,Food & Beverage,1754.92,172.96,37.0
2023-06-18,EMEA,Food & Beverage,4460.65,1492.98,20.0
2022-09-17,EMEA,Food & Beverage,78.39,28.02,1.0
2024-08-21,Middle East,Food & Beverage,8460.73,3043.0,30.0
2022-05-01,EMEA,Electronics,1414.37,527.86,4.0
2022-10-29,LATAM,Home & Garden,11490.67,2557.55,34.0
2023-10-29,APAC,Sports,8465.04,1692.02,49.0
2024-02-17,APAC,Home & Garden,6093.09,2004.4,16.0
2023-04-01,EMEA,Apparel,1137.38,259.74,19.0
2022-08-19,APAC,Apparel,1649.8,149.9,38.0
2024-12-29,Middle East,Food & Beverage,11788.68,1584.24,44.0
2024-05-09,APAC,Sports,6720.34,1832.34,38.0
2022-07-15,LATAM,Electronics,2522.71,919.12,29.0
2022-07-12,LATAM,Apparel,3782.55,545.62,36.0
2022-10-05,North America,Food & Beverage,20900.17,6108.41,45.0
2022-11-21,North America,Sports,15337.89,2742.61,37.0
2024-01-01,APAC,Sports,7796.78,1846.87,18.0
2024-07-25,Middle East,Food & Beverage,13402.49,2171.36,
2024-07-19,LATAM,Apparel,2730.32,1014.43,27.0
2023-11-18,Middle East,Sports,1638.66,179.02,4.0
2024-03-01,LATAM,Apparel,8853.33,657.57,33.0
2022-10-31,North America,Food & Beverage,,55.51,2.0
2022-08-26,Middle East,Apparel,2901.27,505.31,24.0
2023-03-03,APAC,Food & Beverage,768.59,184.04,44.0
2024-11-11,LATAM,Food & Beverage,4011.44,900.92,9.0
2024-12-08,LATAM,Electronics,12316.12,3312.5,48.0
2024-02-22,LATAM,Beauty,4905.08,1143.59,11.0
2024-02-19,APAC,Apparel,2490.46,918.12,12.0
2022-09-22,EMEA,Home & Garden,1940.73,682.72,10.0
2022-03-27,Middle East,Electronics,14656.23,4051.98,33.0
2022-11-26,Middle East,Electronics,3514.91,1197.32,49.0
2022-07-04,Middle East,Electronics,6638.87,625.7,19.0
2024-03-16,LATAM,Electronics,465.15,74.72,13.0
2024-02-23,Middle East,Electronics,1514.86,134.17,34.0
2022-02-03,North America,Apparel,261.89,75.24,1.0
2024-08-09,North America,Food & Beverage,1281.21,174.38,22.0
2022-03-05,LATAM,Apparel,2363.31,594.93,12.0
2024-02-07,Middle East,Apparel,9321.44,2580.31,39.0
2024-12-08,North America,Electronics,435.65,24.81,5.0
2023-09-01,LATAM,Beauty,9812.96,2774.79,22.0
2022-11-21,LATAM,Sports,9632.3,2546.61,27.0
2022-03-02,LATAM,Sports,275.63,90.57,3.0
2023-06-28,Middle East,Home & Garden,2784.51,341.26,6.0
2022-10-15,North America,Apparel,10219.08,1563.61,39.0
2022-11-21,APAC,Food & Beverage,8373.72,1390.93,33.0
2023-08-24,North America,Food & Beverage,15131.59,4577.4,38.0
2022-08-10,Middle East,Sports,1217.99,65.58,9.0
2023-05-31,EMEA,Beauty,2247.15,532.19,7.0
2024-02-26,LATAM,Electronics,990.85,136.67,3.0
2024-06-23,EMEA,Beauty,14525.99,3079.28,45.0
2022-09-15,North America,Home & Garden,4244.08,276.29,11.0
2024-02-29,Middle East,Sports,344.02,27.22,5.0
2024-11-29,LATAM,Electronics,5923.22,1991.73,33.0
2024-05-14,LATAM,Electronics,6948.8,2312.82,38.0
2023-04-27,EMEA,Home & Garden,1141.96,335.1,8.0
2022-06-27,LATAM,Beauty,2449.99,158.66,34.0
2022-06-27,Middle East,Apparel,2880.79,693.61,16.0
2023-07-04,Middle East,Electronics,13559.66,1118.99,30.0
2024-05-31,EMEA,Food & Beverage,1690.01,479.77,10.0
2022-10-17,EMEA,Electronics,13348.07,1380.72,29.0
2024-12-31,LATAM,Sports,6424.87,2420.03,25.0
2024-07-07,North America,Apparel,5016.6,1022.24,40.0
2022-02-03,LATAM,Sports,9022.73,981.04,36.0
2023-08-01,APAC,Home & Garden,12721.51,4523.54,27.0
2024-08-09,LATAM,Apparel,16609.59,1017.97,38.0
2023-06-23,North America,Apparel,3648.91,1104.36,9.0
2023-01-08,EMEA,Sports,1385.67,494.88,3.0
2022-03-23,Middle East,Sports,1387.99,204.03,28.0
2023-06-20,North America,Food & Beverage,3732.36,1376.31,13.0
2024-01-07,LATAM,Sports,897.4,317.89,32.0
2022-08-08,LATAM,Sports,9765.03,2793.63,23.0
2022-06-14,LATAM,Electronics,2861.45,485.82,41.0
2022-07-09,North America,Apparel,10160.54,1444.1,49.0
2023-10-15,North America,Home & Garden,2707.57,713.69,10.0
2022-10-15,Middle East,Home & Garden,1605.8,453.14,48.0
2023-04-12,Middle East,Beauty,9011.34,898.12,20.0
2023-11-19,Middle East,Home & Garden,5579.87,500.08,40.0
2022-08-05,EMEA,Home & Garden,13840.4,1818.43,34.0
2022-05-05,Middle East,Food & Beverage,7148.84,1289.49,15.0
2022-07-01,North America,Home & Garden,6356.91,1238.07,16.0
2024-03-31,LATAM,Beauty,698.76,233.36,4.0
2024-11-26,LATAM,Apparel,3819.51,777.75,9.0
2023-12-18,APAC,Sports,9919.83,3647.25,21.0
2023-12-16,EMEA,Sports,3274.41,380.14,15.0
2023-07-07,EMEA,Electronics,16140.17,4159.06,40.0
2023-07-24,Middle East,Apparel,9300.14,1998.15,21.0
2024-06-30,North America,Sports,1709.51,359.76,34.0
2022-02-15,Middle East,Sports,16099.92,4187.75,41.0
2023-05-26,Middle East,Apparel,800.17,90.8,11.0
2023-01-25,APAC,Beauty,13119.12,1516.77,46.0
2024-11-22,EMEA,Beauty,11212.98,4184.84,22.0
2024-08-10,APAC,Home & Garden,727.19,110.02,6.0
2022-11-08,LATAM,Beauty,17454.74,2919.78,42.0
2022-03-02,North America,Electronics,422.84,130.89,18.0
2023-12-15,APAC,Food & Beverage,18471.76,1263.67,49.0
2024-08-31,North America,Home & Garden,11803.07,4191.08,28.0
2023-09-21,EMEA,Food & Beverage,1000.82,198.25,9.0
2023-05-05,Middle East,Electronics,9093.88,2309.92,49.0
2023-12-01,EMEA,Apparel,7757.86,652.41,20.0
2022-06-07,EMEA,Apparel,772.54,105.62,10.0
2023-07-22,APAC,Apparel,23317.87,5400.92,47.0
2024-08-18,APAC,Beauty,8352.73,1856.49,41.0
2022-01-10,LATAM,Beauty,15602.54,4737.97,46.0
2024-04-03,Middle East,Beauty,3959.19,344.3,44.0
2024-12-09,APAC,Sports,1403.41,288.0,5.0
2022-05-29,EMEA,Sports,1388.15,80.48,12.0
2023-05-10,APAC,Beauty,8317.95,1937.37,35.0
2022-06-07,LATAM,Sports,7730.95,2888.8,32.0
2023-05-20,North America,Beauty,859.02,114.07,28.0
2024-06-02,EMEA,Apparel,18858.95,4590.16,42.0
2023-04-20,Middle East,Apparel,8402.43,624.05,41.0
2022-08-02,EMEA,Beauty,1655.11,259.99,16.0
2022-07-17,EMEA,Beauty,9967.29,519.85,22.0
2023-06-06,Middle East,Food & Beverage,5158.02,1853.04,14.0
2024-05-16,North America,Food & Beverage,10192.89,891.79,21.0
2023-11-25,Middle East,Beauty,483.04,96.64,4.0
2023-09-10,Middle East,Home & Garden,4434.9,731.19,10.0
2023-08-04,APAC,Home & Garden,10404.46,630.46,30.0
2024-09-27,EMEA,Food & Beverage,2386.14,194.6,40.0
2024-08-20,LATAM,Electronics,1578.45,393.55,5.0
2024-08-13,APAC,Apparel,6259.97,699.79,43.0
2022-01-03,Middle East,Sports,6798.06,1644.83,20.0
2024-06-13,EMEA,Electronics,3712.12,1269.21,33.0
2023-11-08,North America,Electronics,5470.81,1981.69,24.0
2023-07-02,Middle East,Sports,4283.45,1061.8,39.0
2022-02-04,North America,Food & Beverage,11488.65,2900.31,26.0
2024-12-28,LATAM,Food & Beverage,1115.62,242.26,48.0
2024-01-01,North America,Beauty,2785.46,445.13,13.0
2024-02-15,EMEA,Food & Beverage,1235.03,362.57,25.0
2024-08-22,Middle East,Food & Beverage,5104.56,630.77,24.0
2023-09-12,EMEA,Beauty,19419.31,3726.61,44.0
2024-08-29,North America,Beauty,1128.41,156.99,46.0
2024-07-14,APAC,Electronics,1649.85,394.49,4.0
2023-12-29,Middle East,Sports,3353.91,176.93,9.0
2022-08-07,LATAM,Beauty,3388.37,1209.77,9.0
2023-09-19,North America,Home & Garden,8430.6,2349.57,45.0
2023-12-25,LATAM,Home & Garden,2995.86,767.81,29.0
2022-08-07,LATAM,Food & Beverage,9543.23,2469.51,35.0
2024-06-17,North America,Apparel,17120.86,1622.97,40.0
2022-11-19,North America,Apparel,452.7,98.49,2.0
2024-12-12,North America,Apparel,8644.46,3055.62,41.0
2024-04-22,APAC,Apparel,606.37,85.66,33.0
2023-08-02,Middle East,Food & Beverage,5607.59,1891.67,15.0
2022-03-09,EMEA,Sports,11394.01,3879.42,48.0
2022-08-28,APAC,Apparel,14718.63,3959.2,31.0
2022-02-19,Middle East,Sports,7986.78,1484.92,46.0
2023-04-24,EMEA,Beauty,3585.56,659.06,16.0
2024-07-10,EMEA,Electronics,9445.11,3070.5,21.0
2024-07-06,EMEA,Apparel,3211.27,335.31,8.0
2022-05-07,EMEA,Food & Beverage,16812.41,1872.81,47.0
2023-11-01,EMEA,Food & Beverage,3100.74,696.32,34.0
2024-08-24,LATAM,Sports,3608.8,1092.99,9.0
2022-03-08,North America,Home & Garden,4757.32,439.47,16.0
2022-10-25,LATAM,Apparel,1192.41,364.39,4.0
2024-12-05,APAC,Food & Beverage,17258.96,4205.92,47.0
2022-04-14,LATAM,Electronics,5658.19,1848.31,15.0
2022-08-25,Middle East,Beauty,1306.25,351.94,
2023-02-28,North America,Food & Beverage,572.89,90.54,6.0
2022-09-01,Middle East,Apparel,12.21,2.36,1.0
2024-01-29,LATAM,Electronics,10983.46,1353.05,27.0
2022-06-08,LATAM,Apparel,879.4,54.88,8.0
2022-09-26,North America,Home & Garden,821.28,56.44,3.0
2023-12-26,LATAM,Sports,2837.01,761.4,11.0
2022-06-15,EMEA,Apparel,5975.79,1834.42,38.0
2023-04-21,APAC,Sports,572.32,64.52,9.0
2022-06-08,APAC,Beauty,13661.81,3710.06,46.0
2022-08-26,Middle East,Sports,6061.07,898.58,39.0
2024-07-19,EMEA,Food & Beverage,3434.28,1263.27,11.0
2022-09-30,APAC,Food & Beverage,4053.98,230.71,8.0
2024-09-18,LATAM,Sports,7758.14,571.39,47.0
2022-02-19,North America,Food & Beverage,591.23,187.25,43.0
2023-06-07,EMEA,Apparel,10636.14,2597.26,44.0
2024-08-24,LATAM,Sports,21619.09,2537.18,45.0
2024-09-28,EMEA,Apparel,2386.63,214.55,7.0
2023-08-21,APAC,Beauty,4280.55,775.44,11.0
2022-12-12,LATAM,Electronics,,664.58,5.0
2023-07-05,Middle East,Food & Beverage,8574.83,1430.27,18.0
2023-12-10,North America,Apparel,9500.59,1044.29,31.0
2023-05-21,EMEA,Apparel,1237.39,104.4,31.0
2023-01-20,APAC,Apparel,1889.86,359.33,32.0
2022-07-26,LATAM,Beauty,9367.9,1889.1,26.0
2023-08-02,North America,Beauty,3381.83,461.06,9.0
2022-11-02,Middle East,Electronics,9571.45,2991.78,34.0
2024-11-01,EMEA,Sports,11607.02,1742.26,46.0
2024-09-27,Middle East,Sports,10801.07,2290.03,36.0
2022-01-24,EMEA,Food & Beverage,12296.8,1998.83,28.0
2022-07-27,APAC,Beauty,9540.48,1271.94,25.0
2023-03-20,LATAM,Beauty,1573.41,309.64,6.0
2022-10-16,APAC,Beauty,3952.85,1132.77,33.0
2022-01-06,EMEA,Home & Garden,6372.5,1065.89,27.0
2022-04-21,North America,Food & Beverage,8134.8,1590.38,45.0
2024-03-27,Middle East,Electronics,4415.29,631.81,46.0
2024-08-16,APAC,Apparel,1735.33,553.04,12.0
2023-04-10,EMEA,Beauty,411.44,54.25,2.0
2024-09-01,Middle East,Home & Garden,675.37,150.06,7.0
2024-08-01,APAC,Beauty,2491.91,872.77,10.0
2022-05-21,EMEA,Food & Beverage,2098.65,465.65,9.0
2023-09-02,LATAM,Beauty,14114.83,4707.81,33.0
2022-08-20,LATAM,Beauty,13641.76,3801.78,34.0
2023-12-02,North America,Food & Beverage,2634.94,243.09,16.0
2023-08-12,EMEA,Sports,9035.75,2951.95,24.0
2022-06-06,North America,Sports,17344.27,2734.32,45.0
2024-09-30,LATAM,Beauty,1145.25,330.07,4.0
2024-08-26,APAC,Sports,909.75,153.86,12.0
2023-08-11,EMEA,Food & Beverage,6977.87,1867.68,22.0
2024-05-21,Middle East,Food & Beverage,10488.48,1963.9,35.0
2023-12-11,EMEA,Home & Garden,3676.05,1111.76,16.0
2024-07-07,APAC,Sports,786.53,152.42,5.0
2023-11-05,Middle East,Beauty,1711.73,331.29,18.0
2023-12-16,Middle East,Home & Garden,9028.73,2273.91,24.0
2022-10-17,Middle East,Electronics,2222.63,496.84,37.0
2023-07-05,Middle East,Electronics,7801.33,885.47,23.0
2024-04-04,EMEA,Sports,900.81,307.16,6.0
2023-05-12,North America,Apparel,124.2,16.84,1.0
2022-10-02,APAC,Home & Garden,5666.28,915.16,29.0
2022-03-01,North America,Food & Beverage,4758.96,1281.07,18.0
2023-07-08,APAC,Home & Garden,8818.83,2139.54,20.0
2022-09-01,EMEA,Apparel,1242.93,337.95,3.0
2024-09-15,Middle East,Electronics,310.42,16.56,2.0
2022-04-20,LATAM,Home & Garden,838.87,314.32,9.0
2024-05-16,LATAM,Apparel,981.13,76.49,3.0
2024-12-14,LATAM,Electronics,8767.68,1642.74,46.0
2022-07-24,EMEA,Food & Beverage,9470.01,1274.36,28.0
2023-07-23,EMEA,Electronics,2330.65,234.91,17.0
2022-12-05,APAC,Home & Garden,1074.65,235.98,4.0
2023-07-10,EMEA,Home & Garden,8300.1,2876.76,33.0
2023-07-08,EMEA,Food & Beverage,8449.4,2671.76,31.0
2022-03-13,EMEA,Beauty,2159.9,411.29,30.0
2022-04-21,LATAM,Electronics,9168.07,3385.05,46.0
2023-01-18,Middle East,Food & Beverage,3871.82,1065.48,10.0
2023-12-31,EMEA,Food & Beverage,2065.67,202.6,6.0
2024-11-03,APAC,Beauty,687.81,186.48,2.0
2023-05-13,EMEA,Sports,826.09,203.13,10.0
2024-05-07,APAC,Food & Beverage,505.54,89.39,10.0
2023-05-02,Middle East,Home & Garden,10280.91,975.3,29.0
2024-09-23,APAC,Beauty,9307.62,2399.82,40.0
2022-05-11,Middle East,Home & Garden,16094.31,1986.58,49.0
2022-10-29,Middle East,Beauty,10549.74,628.41,25.0
2023-09-05,North America,Electronics,1469.15,312.18,28.0
2022-02-12,North America,Sports,461.17,45.52,28.0
2022-09-13,Middle East,Home & Garden,24612.62,7357.91,45.0
2023-04-04,EMEA,Sports,1139.44,322.37,4.0
2023-12-14,APAC,Beauty,5002.29,1244.99,19.0
2024-10-12,North America,Food & Beverage,584.64,152.17,7.0
2022-09-30,LATAM,Electronics,4784.43,1206.74,11.0
2022-01-11,APAC,Food & Beverage,2309.13,484.34,8.0
2022-03-23,North America,Sports,10469.39,3749.56,46.0
2022-10-28,Middle East,Beauty,13212.84,3186.86,45.0
2024-07-07,LATAM,Sports,11470.94,810.57,28.0
2022-11-09,Middle East,Electronics,3540.88,391.97,28.0
2022-05-09,APAC,Electronics,6223.25,1421.43,22.0
2022-03-11,EMEA,Sports,3705.45,461.06,29.0
2022-09-21,APAC,Apparel,12348.66,2915.72,38.0
2023-11-04,LATAM,Food & Beverage,7425.36,2653.78,27.0
2023-01-19,LATAM,Electronics,5925.45,1477.17,41.0
2024-01-20,APAC,Beauty,215.4,53.3,5.0
2023-10-03,APAC,Food & Beverage,13537.04,1629.66,36.0
2022-03-06,EMEA,Home & Garden,12697.25,3109.78,38.0
2022-03-20,EMEA,Beauty,1198.5,418.78,4.0
2023-11-21,Middle East,Food & Beverage,2285.49,491.22,5.0
2023-01-09,North America,Apparel,19005.9,7017.96,46.0
2024-07-20,North America,Beauty,4336.11,1383.58,25.0
2023-05-14,EMEA,Sports,440.57,133.89,11.0
2024-09-13,LATAM,Beauty,2993.04,885.1,24.0
2024-08-05,EMEA,Beauty,2883.22,1012.65,10.0
2022-02-19,EMEA,Beauty,2886.41,890.79,18.0
2023-12-26,Middle East,Beauty,1818.64,215.15,10.0
2022-08-05,APAC,Home & Garden,996.03,238.57,22.0
2022-06-05,APAC,Sports,1146.67,65.25,4.0
2024-04-05,Middle East,Apparel,8477.44,2297.4,28.0
2023-12-18,LATAM,Electronics,3800.28,270.15,9.0
2022-10-19,APAC,Food & Beverage,12424.43,2870.74,
2022-11-23,LATAM,Food & Beverage,12749.0,2231.96,26.0
2024-12-24,LATAM,Beauty,5035.38,840.09,17.0
2023-08-16,North America,Apparel,6653.29,1157.74,36.0
2022-09-18,Middle East,Sports,3349.51,544.12,13.0
2022-09-26,LATAM,Apparel,7322.34,1720.75,38.0
2023-01-09,Middle East,Sports,6739.23,1876.03,37.0
2024-03-15,LATAM,Food & Beverage,19084.14,2190.96,40.0
2023-03-23,North America,Home & Garden,12782.02,1264.46,39.0
2023-03-18,EMEA,Beauty,5305.73,1866.15,26.0
2022-11-05,LATAM,Electronics,14659.03,2065.34,43.0
2024-08-07,Middle East,Apparel,8396.18,2531.34,39.0
2023-01-17,EMEA,Electronics,1650.84,517.02,4.0
2024-08-01,North America,Home & Garden,9964.38,1741.88,29.0
2024-12-31,Middle East,Food & Beverage,190.25,53.11,1.0
2024-05-05,EMEA,Food & Beverage,8304.59,2221.32,24.0
2024-11-06,APAC,Food & Beverage,6433.49,2022.74,12.0
2022-08-03,Middle East,Sports,350.74,58.15,3.0
2022-12-21,APAC,Sports,4162.94,1471.61,15.0
2023-05-13,EMEA,Home & Garden,12080.83,2974.28,27.0
2022-12-14,EMEA,Beauty,,1764.75,39.0
2023-12-04,LATAM,Sports,5284.53,500.66,26.0
2023-07-06,Middle East,Home & Garden,6653.22,748.67,24.0
2022-06-27,North America,Home & Garden,9953.47,2473.37,25.0
2023-12-04,North America,Food & Beverage,8323.02,2482.41,20.0
2024-10-16,North America,Home & Garden,9580.3,2720.74,36.0
2023-06-06,Middle East,Beauty,10525.74,1767.48,22.0
2022-05-27,EMEA,Sports,4727.03,1010.54,12.0
2022-04-21,North America,Sports,9182.26,3036.8,39.0
2022-11-04,EMEA,Food & Beverage,1039.22,322.31,4.0
2023-10-03,LATAM,Electronics,11319.4,3685.98,35.0
2023-09-25,Middle East,Electronics,62.32,22.8,1.0
2022-03-18,Middle East,Beauty,3326.15,681.69,36.0
2022-11-01,LATAM,Home & Garden,3219.49,279.03,33.0
2023-09-19,EMEA,Apparel,16626.92,1698.91,45.0
2024-03-10,APAC,Home & Garden,2470.16,236.76,8.0
2022-04-08,EMEA,Sports,503.41,100.88,6.0
2022-07-20,Middle East,Sports,21595.48,5754.68,48.0
2023-04-18,LATAM,Home & Garden,6811.98,1290.41,43.0
2023-02-19,Middle East,Beauty,26.48,4.81,2.0
2023-06-26,Middle East,Beauty,1066.64,245.28,31.0
2023-04-14,LATAM,Beauty,10823.15,2804.27,28.0
2023-11-13,LATAM,Sports,1678.21,559.55,19.0
2024-05-18,EMEA,Home & Garden,1615.08,585.29,6.0
2022-12-29,Middle East,Food & Beverage,1688.97,507.66,29.0
2024-07-07,APAC,Home & Garden,8303.05,571.52,42.0
2022-03-17,LATAM,Sports,5486.2,983.24,24.0
2023-09-14,APAC,Sports,3718.35,208.42,24.0
2022-07-22,LATAM,Beauty,16447.07,3190.74,46.0
2023-01-28,Middle East,Sports,14675.12,2471.08,
2023-10-28,Middle East,Food & Beverage,388.17,83.41,4.0
2022-10-02,LATAM,Sports,9794.26,2528.73,37.0
2022-02-09,Middle East,Sports,379.29,90.49,31.0
2023-12-31,North America,Electronics,8756.97,502.92,29.0
2022-12-03,Middle East,Sports,13566.73,4023.97,47.0
2024-11-17,EMEA,Electronics,6896.42,581.68,17.0
2022-03-18,EMEA,Sports,5662.5,1948.17,41.0
2024-06-11,Middle East,Beauty,3538.29,1154.88,49.0
2022-01-29,LATAM,Apparel,3914.29,1104.17,46.0
2023-12-16,APAC,Sports,9854.3,927.9,47.0
2023-05-01,LATAM,Beauty,7307.78,2760.02,18.0
2022-06-07,APAC,Beauty,866.69,164.09,5.0
2022-05-13,APAC,Food & Beverage,11913.29,2022.47,40.0
2023-03-13,North America,Beauty,9512.03,1442.32,36.0
2023-05-05,APAC,Beauty,8845.61,1386.54,38.0
2023-08-16,APAC,Food & Beverage,4285.56,1436.21,43.0
2023-08-21,EMEA,Sports,627.57,75.52,4.0
2024-06-04,North America,Apparel,7934.37,896.75,16.0
2024-04-08,Middle East,Food & Beverage,3208.52,1163.05,7.0
2024-09-29,APAC,Food & Beverage,12348.22,2780.6,31.0
2023-09-14,Middle East,Apparel,755.54,120.6,2.0
2022-08-04,LATAM,Beauty,2096.37,588.88,15.0
2024-04-27,LATAM,Apparel,6511.42,1155.09,37.0
2024-11-05,LATAM,Beauty,9286.78,2897.13,20.0
2024-09-14,Middle East,Beauty,2495.62,739.13,36.0
2023-03-19,Middle East,Apparel,8437.18,2030.5,21.0
2023-09-11,Middle East,Apparel,880.73,67.06,8.0
2023-06-24,APAC,Home & Garden,3029.3,949.09,17.0
2023-02-10,LATAM,Apparel,2208.29,558.35,9.0
2024-04-14,APAC,Home & Garden,12531.14,1914.63,27.0
2023-06-24,Middle East,Sports,20707.48,2772.54,45.0
2023-04-27,APAC,Apparel,20048.36,3532.1,44.0
2024-04-05,North America,Apparel,1612.59,204.78,20.0
2022-01-09,APAC,Apparel,1974.1,607.32,5.0
2022-10-16,Middle East,Electronics,5542.07,845.56,15.0
2023-07-21,LATAM,Home & Garden,5540.22,1954.67,47.0
2023-04-15,Middle East,Home & Garden,9478.71,2998.48,41.0
2024-09-25,LATAM,Food & Beverage,842.71,270.85,6.0
2024-08-16,EMEA,Apparel,13271.04,3616.48,
2022-07-12,North America,Electronics,3709.36,200.87,9.0
2022-12-13,APAC,Apparel,557.74,187.34,9.0
2023-05-30,LATAM,Sports,1011.56,280.2,5.0
2024-06-10,EMEA,Apparel,371.03,135.84,3.0
2024-02-03,Middle East,Electronics,5678.47,1175.47,32.0
2022-01-20,LATAM,Home & Garden,4093.68,573.01,22.0
2022-04-11,North America,Electronics,1518.66,226.05,48.0
2022-10-16,Middle East,Food & Beverage,13703.61,2884.98,37.0
2023-12-18,North America,Sports,2948.06,592.22,24.0
2024-02-12,North America,Beauty,1636.54,84.79,21.0
2023-04-10,LATAM,Beauty,15171.47,836.64,47.0
2022-03-24,APAC,Food & Beverage,2506.93,671.22,29.0
2022-09-29,APAC,Beauty,897.78,223.56,43.0
2022-02-10,Middle East,Food & Beverage,5323.78,1902.35,19.0
2023-03-23,North America,Sports,3191.65,1059.2,44.0
2022-01-29,EMEA,Beauty,3780.78,,11.0
2023-07-24,LATAM,Food & Beverage,854.3,281.03,17.0
2023-10-31,North America,Electronics,14303.08,1935.52,33.0
2024-01-14,APAC,Apparel,10254.83,715.53,45.0
2024-11-04,North America,Beauty,9824.28,1743.09,22.0
2024-09-06,EMEA,Electronics,1557.71,431.65,11.0
2024-10-06,LATAM,Electronics,1600.3,149.26,18.0
2022-11-01,APAC,Sports,7588.07,825.33,16.0
2023-06-30,EMEA,Beauty,2645.88,970.15,19.0
2022-07-25,EMEA,Apparel,12216.22,2443.78,33.0
2023-10-31,EMEA,Apparel,5327.84,1421.04,16.0
2022-04-30,EMEA,Sports,16692.43,5180.29,43.0
2024-05-06,LATAM,Apparel,6009.88,2094.11,45.0
2023-02-01,EMEA,Sports,14327.86,1413.67,38.0
2024-04-17,APAC,Sports,12722.97,3915.69,47.0
2022-10-22,APAC,Electronics,1055.0,377.06,13.0
2022-11-06,North America,Beauty,12889.02,4325.56,45.0
2022-01-25,EMEA,Home & Garden,2272.05,,15.0
2022-09-07,LATAM,Sports,566.89,186.27,2.0
2022-02-25,APAC,Electronics,11339.03,3098.45,25.0
2024-08-08,APAC,Food & Beverage,791.84,284.02,2.0
2023-07-30,APAC,Beauty,14452.05,5318.18,36.0
2023-02-12,Middle East,Food & Beverage,19100.84,5152.81,48.0
2024-07-19,Middle East,Electronics,22.05,8.31,1.0
2023-11-18,Middle East,Food & Beverage,11988.23,3225.77,44.0
2024-06-12,Middle East,Home & Garden,2972.38,710.7,9.0
2023-06-20,EMEA,Food & Beverage,4782.19,627.23,23.0
2022-06-18,North America,Electronics,8783.18,3116.08,28.0
2024-11-19,APAC,Electronics,412.92,99.35,1.0
2022-11-03,LATAM,Sports,11160.45,3579.11,27.0
2024-01-30,North America,Home & Garden,3424.51,657.01,10.0
2024-08-04,Middle East,Food & Beverage,1405.08,339.78,12.0
2022-01-23,Middle East,Beauty,8048.01,3053.74,26.0
2022-11-09,APAC,Home & Garden,9416.09,648.87,46.0
2022-04-10,LATAM,Sports,15702.39,894.69,38.0
2024-01-27,EMEA,Food & Beverage,13139.87,2743.83,40.0
2022-04-15,APAC,Food & Beverage,1508.66,413.15,30.0
2024-04-27,LATAM,Sports,7087.96,2690.56,17.0
2023-06-02,APAC,Beauty,17479.23,4436.04,40.0
2022-05-14,LATAM,Sports,4810.72,761.84,11.0
2023-04-07,North America,Electronics,4343.48,1056.03,12.0
2024-01-19,EMEA,Apparel,1025.23,197.86,12.0
2023-08-02,Middle East,Food & Beverage,4141.6,345.47,31.0
2023-02-03,Middle East,Home & Garden,16355.24,982.14,41.0
2022-09-22,Middle East,Home & Garden,221.65,,9.0
2023-11-14,LATAM,Apparel,3915.14,1124.23,34.0
2022-02-14,LATAM,Electronics,5824.94,998.12,28.0
2023-03-28,Middle East,Home & Garden,2544.16,843.55,39.0
2022-12-23,EMEA,Food & Beverage,2280.26,844.05,32.0
2023-12-12,EMEA,Apparel,15008.36,1150.31,49.0
2022-01-26,APAC,Sports,11037.73,1030.14,37.0
2022-07-30,APAC,Beauty,4575.55,1642.28,15.0
2023-07-06,Middle East,Apparel,11624.99,3720.07,47.0
2023-07-28,EMEA,Food & Beverage,2314.93,477.07,41.0
2024-07-12,APAC,Electronics,968.96,356.55,4.0
2022-02-09,APAC,Beauty,10265.93,1012.84,34.0
2024-10-27,North America,Food & Beverage,3443.92,750.14,20.0
2022-01-31,Middle East,Sports,4510.57,1671.03,12.0
2024-10-11,Middle East,Home & Garden,15020.77,5214.86,45.0
2023-08-27,LATAM,Beauty,2311.49,272.2,33.0
2022-12-30,LATAM,Apparel,1632.05,276.84,17.0
2022-03-02,APAC,Beauty,,195.95,20.0
2022-10-21,LATAM,Apparel,2017.27,545.63,32.0
2024-12-17,EMEA,Home & Garden,8158.82,2890.13,38.0
2024-07-12,EMEA,Apparel,12183.27,3985.33,43.0
2022-04-26,EMEA,Apparel,8834.57,3135.06,17.0
2023-06-24,North America,Beauty,3493.18,1204.42,12.0
2024-11-21,LATAM,Apparel,10893.19,2076.0,43.0
2022-12-14,North America,Sports,4156.51,610.39,11.0
2023-10-18,APAC,Beauty,4459.11,669.72,31.0
2023-02-27,North America,Food & Beverage,4565.06,1379.01,16.0
2023-10-27,EMEA,Sports,5303.16,1968.61,10.0
2023-11-11,LATAM,Home & Garden,5731.54,605.63,24.0
2022-06-26,Middle East,Home & Garden,3313.2,567.18,8.0
2023-03-24,APAC,Sports,10665.69,1282.69,29.0
2024-05-28,APAC,Electronics,11771.93,2905.74,32.0
2022-08-25,Middle East,Apparel,9677.52,1086.59,24.0
2023-10-18,North America,Beauty,707.53,97.13,40.0
2023-06-25,APAC,Beauty,20873.66,6142.37,47.0
2024-12-15,LATAM,Apparel,14500.85,1563.43,34.0
2024-01-24,North America,Home & Garden,319.58,87.08,7.0
2023-12-21,North America,Sports,14117.95,4448.48,39.0
2024-06-14,EMEA,Food & Beverage,11918.61,2365.27,37.0
2024-12-01,Middle East,Sports,16303.04,4963.4,33.0
2023-09-09,North America,Sports,5663.11,475.78,13.0
2022-12-22,LATAM,Beauty,6737.45,458.14,28.0
2022-02-18,APAC,Home & Garden,803.45,214.72,13.0
2023-12-16,North America,Food & Beverage,3101.29,832.47,7.0
2023-01-09,North America,Sports,6883.34,1418.17,33.0
2023-05-26,EMEA,Beauty,1272.95,101.17,3.0
2023-01-27,EMEA,Beauty,1447.13,432.37,8.0
2022-03-29,APAC,Sports,2828.08,712.36,12.0
2022-01-02,EMEA,Beauty,2783.19,723.57,21.0
2024-12-22,APAC,Home & Garden,1410.65,431.57,5.0
2022-03-12,EMEA,Home & Garden,12561.62,649.58,46.0
2023-02-01,LATAM,Food & Beverage,2079.96,698.08,8.0
2022-06-16,Middle East,Electronics,5967.13,1838.3,12.0
2022-07-02,Middle East,Sports,13190.46,3283.71,35.0
2022-01-29,APAC,Beauty,6113.03,1520.9,27.0
2024-12-17,LATAM,Home & Garden,1948.79,282.95,8.0
2024-10-16,APAC,Home & Garden,16698.34,3289.15,46.0
2023-06-08,Middle East,Food & Beverage,7706.53,408.79,39.0
2023-10-01,North America,Food & Beverage,337.0,102.76,13.0
2024-08-08,LATAM,Home & Garden,6477.76,534.74,48.0
2023-06-19,EMEA,Electronics,1585.2,162.32,45.0
2024-10-28,Middle East,Beauty,1558.0,444.04,7.0
2023-11-05,APAC,Electronics,7091.6,1906.5,16.0
2024-02-21,APAC,Electronics,362.03,32.06,6.0
2022-05-28,Middle East,Electronics,6300.74,2091.35,47.0
2023-10-20,North America,Sports,1665.66,479.38,11.0
2022-07-31,North America,Electronics,7021.85,2082.71,42.0
2022-05-21,Middle East,Apparel,2423.38,851.02,49.0
2024-08-28,Middle East,Food & Beverage,4432.44,639.8,18.0
2023-05-14,Middle East,Apparel,,1716.68,46.0
2023-10-29,LATAM,Home & Garden,455.21,51.83,1.0
2022-01-04,Middle East,Electronics,9157.28,1184.12,25.0
2022-01-02,Middle East,Food & Beverage,9501.24,1543.21,43.0
2024-08-17,EMEA,Food & Beverage,1397.77,288.88,13.0
2024-10-25,EMEA,Apparel,2547.01,185.27,7.0
2024-11-18,APAC,Electronics,538.6,35.21,3.0
2024-06-15,EMEA,Home & Garden,15985.57,4574.08,44.0
2024-11-11,LATAM,Home & Garden,3653.79,1104.55,19.0
2024-08-04,LATAM,Beauty,663.98,210.19,3.0
2022-12-19,LATAM,Electronics,17058.89,3302.88,47.0
2022-08-06,North America,Food & Beverage,18721.31,2107.63,47.0
2024-08-28,EMEA,Beauty,4002.75,290.25,9.0
2023-10-14,APAC,Apparel,9796.06,3670.36,19.0
2024-07-06,Middle East,Electronics,2830.63,209.12,19.0
2023-07-18,LATAM,Food & Beverage,3597.42,320.99,13.0
2023-02-19,North America,Sports,15901.5,913.79,36.0
2024-07-05,LATAM,Beauty,16079.78,3260.36,42.0
2022-05-29,EMEA,Sports,5168.62,268.77,
2024-09-16,North America,Home & Garden,14909.05,3868.2,36.0
2023-02-27,Middle East,Sports,10934.69,4121.59,31.0
2022-05-12,LATAM,Home & Garden,10116.43,2275.87,29.0
2022-04-13,Middle East,Sports,3456.53,1223.51,9.0
2022-04-19,LATAM,Home & Garden,6110.96,316.08,14.0
2022-01-14,LATAM,Beauty,1406.35,396.2,23.0
2022-04-17,APAC,Food & Beverage,2040.77,562.24,9.0
2022-07-24,LATAM,Home & Garden,6248.31,1038.84,23.0
2023-11-10,Middle East,Home & Garden,20246.92,5081.53,48.0
2023-03-23,LATAM,Electronics,22376.0,4073.88,44.0
2023-04-08,LATAM,Sports,4077.66,733.74,21.0
2022-05-21,APAC,Sports,9550.47,2146.01,26.0
2023-10-06,APAC,Sports,7154.84,1692.18,28.0
2024-07-21,EMEA,Electronics,3914.94,565.08,13.0
2024-06-21,Middle East,Sports,757.21,270.64,37.0
2024-02-12,APAC,Food & Beverage,6360.16,715.43,29.0
2022-05-15,North America,Sports,3929.72,226.67,18.0
2023-05-02,LATAM,Food & Beverage,3859.34,280.05,27.0
2024-07-10,APAC,Beauty,3611.2,884.19,29.0
2022-09-04,LATAM,Sports,7483.5,2228.64,38.0
2024-12-20,North America,Food & Beverage,1139.9,194.33,14.0
2023-07-30,APAC,Sports,774.39,,46.0
2023-12-07,North America,Food & Beverage,882.82,212.12,7.0
2023-06-13,North America,Beauty,8069.84,2890.02,36.0
2024-02-10,Middle East,Apparel,10777.51,2291.26,40.0
2023-02-10,EMEA,Home & Garden,5485.66,1684.9,26.0
2022-08-25,APAC,Beauty,71.04,24.96,2.0
2023-07-09,LATAM,Sports,5549.84,1725.23,12.0
2024-02-26,LATAM,Beauty,3041.69,433.76,14.0
2023-10-13,EMEA,Sports,14205.48,5223.38,34.0
2022-03-20,North America,Beauty,1026.58,340.27,6.0
2023-04-19,LATAM,Food & Beverage,1920.25,267.0,18.0
2023-05-10,North America,Electronics,1935.51,103.52,7.0
2022-10-01,APAC,Apparel,7532.7,2249.9,40.0
2023-06-16,Middle East,Sports,9627.82,2556.77,24.0
2022-09-27,EMEA,Sports,9992.67,3568.34,30.0
2022-01-07,North America,Beauty,3087.69,1122.73,43.0
2024-06-02,LATAM,Home & Garden,4527.17,1537.68,15.0
2024-10-16,North America,Apparel,9163.98,1595.37,23.0
2023-06-01,Middle East,Sports,1371.73,403.87,5.0
2022-03-20,EMEA,Home & Garden,21582.9,6035.48,48.0
2024-01-22,Middle East,Sports,760.26,189.85,4.0
2022-04-14,EMEA,Beauty,3455.47,759.57,27.0
2022-07-29,Middle East,Electronics,184.29,46.87,2.0
2023-12-12,Middle East,Home & Garden,6044.58,2009.96,49.0
2022-12-21,EMEA,Apparel,5395.23,535.18,46.0
2022-11-29,Middle East,Sports,460.18,76.92,4.0
2024-09-17,Middle East,Apparel,3463.7,804.56,16.0
2022-04-22,LATAM,Apparel,334.62,27.04,1.0
2022-06-29,APAC,Sports,8129.06,741.54,31.0
2024-11-30,North America,Food & Beverage,1607.42,534.96,31.0
2023-06-29,Middle East,Home & Garden,14204.23,1712.33,32.0
2023-08-15,APAC,Food & Beverage,2382.39,546.63,6.0
2024-02-04,EMEA,Food & Beverage,21393.73,7889.7,49.0
2023-09-12,LATAM,Electronics,13462.12,2187.08,49.0
2024-10-06,Middle East,Apparel,13892.65,2698.55,42.0
2023-04-20,Middle East,Beauty,16043.71,2722.85,45.0
2022-07-11,APAC,Home & Garden,204.49,42.42,4.0
2023-10-07,Middle East,Home & Garden,6482.7,371.15,20.0
2023-04-29,APAC,Electronics,2797.66,1030.52,20.0
2023-12-06,Middle East,Food & Beverage,202.56,42.56,9.0
2023-06-05,North America,Beauty,6789.22,590.01,18.0
2024-10-09,North America,Beauty,1452.72,197.15,42.0
2022-10-18,APAC,Apparel,9658.88,1513.77,41.0
2023-11-30,Middle East,Sports,5701.12,1036.46,19.0
2023-10-13,Middle East,Home & Garden,786.87,193.83,46.0
2023-06-13,LATAM,Home & Garden,9255.74,1890.11,44.0
2022-05-10,Middle East,Home & Garden,6580.63,2272.53,31.0
2024-03-30,North America,Beauty,10261.57,2341.28,25.0
2024-12-10,APAC,Electronics,5001.94,1585.33,12.0
2022-08-12,Middle East,Electronics,2679.43,309.06,10.0
2023-05-25,LATAM,Home & Garden,9433.6,1316.34,35.0
2023-04-04,Middle East,Electronics,2338.84,391.24,30.0
2023-12-12,LATAM,Beauty,2815.73,892.55,9.0
2024-03-16,North America,Beauty,16849.85,3552.98,49.0
2024-01-26,APAC,Electronics,3393.21,1121.92,47.0
2023-12-14,APAC,Food & Beverage,1286.66,287.26,6.0
2022-01-08,EMEA,Apparel,2355.5,663.51,23.0
2023-01-01,EMEA,Home & Garden,9813.13,1086.97,40.0
2024-11-28,LATAM,Home & Garden,15287.41,5256.86,44.0
2023-03-30,EMEA,Electronics,13372.17,2828.19,41.0
2022-09-19,LATAM,Apparel,701.38,197.49,10.0
2024-12-17,North America,Beauty,8418.54,3012.57,17.0
2024-10-20,Middle East,Beauty,6071.85,406.7,45.0
2024-09-28,Middle East,Home & Garden,3843.55,1209.65,41.0
2023-05-11,APAC,Beauty,5511.19,1425.73,12.0
2023-11-14,LATAM,Home & Garden,12229.62,1501.12,30.0
2024-05-14,APAC,Food & Beverage,17025.71,2715.05,47.0
2022-08-14,Middle East,Sports,22472.84,7210.34,46.0
2023-12-03,APAC,Sports,,412.0,20.0
2024-05-16,North America,Home & Garden,8914.83,2278.95,
2024-06-25,Middle East,Electronics,10399.49,2683.37,27.0
2023-11-19,EMEA,Sports,1350.95,439.03,25.0
2023-08-15,LATAM,Food & Beverage,3751.41,344.83,14.0
2024-07-19,North America,Electronics,4916.06,1819.56,31.0
2024-11-05,Middle East,Home & Garden,6660.92,1652.7,26.0
2022-06-27,EMEA,Sports,15186.16,5333.78,43.0
2022-11-07,North America,Food & Beverage,2116.36,463.51,37.0
2024-07-19,APAC,Electronics,2128.36,425.41,37.0
2023-09-08,LATAM,Sports,9678.45,3589.99,46.0
2024-01-03,APAC,Electronics,9870.55,2621.46,41.0
2022-02-04,EMEA,Beauty,8902.93,2507.99,30.0
2024-01-31,EMEA,Food & Beverage,197.37,73.92,1.0
2024-04-01,APAC,Food & Beverage,19577.5,6866.76,44.0
2024-02-06,Middle East,Electronics,6488.63,1625.38,24.0
2022-02-15,Middle East,Apparel,4112.34,931.49,12.0
2024-06-22,Middle East,Sports,4038.44,954.74,21.0
2022-04-17,APAC,Electronics,250.13,34.07,1.0
2024-09-28,APAC,Beauty,4993.66,1730.76,12.0
2022-05-07,LATAM,Beauty,8019.73,754.73,22.0
2022-11-13,LATAM,Food & Beverage,5949.66,1211.9,15.0
2023-02-25,North America,Beauty,1106.39,307.66,21.0
2023-08-09,EMEA,Apparel,10573.38,2615.47,21.0
2024-12-17,Middle East,Home & Garden,4287.7,962.93,38.0
2023-11-01,LATAM,Apparel,3614.3,784.26,43.0
2022-03-23,Middle East,Beauty,7351.86,1499.32,15.0
2023-12-26,LATAM,Home & Garden,875.21,170.02,4.0
2023-01-03,LATAM,Beauty,4057.84,915.85,10.0
2023-10-03,LATAM,Food & Beverage,415.62,21.2,10.0
2023-06-09,EMEA,Electronics,2191.74,204.27,8.0
2022-03-14,LATAM,Home & Garden,8709.65,2228.84,46.0
2022-11-07,APAC,Home & Garden,21763.9,3290.68,44.0
2024-08-27,EMEA,Sports,10305.11,2757.62,35.0
2023-04-22,Middle East,Beauty,12610.71,1262.01,32.0
2022-09-15,EMEA,Home & Garden,4636.94,1465.03,21.0
2024-06-09,APAC,Home & Garden,1020.18,187.61,22.0
2023-04-15,Middle East,Home & Garden,9817.73,3073.01,26.0
2024-11-30,Middle East,Food & Beverage,8451.18,1190.38,32.0
2022-11-06,EMEA,Apparel,5647.31,1110.35,30.0
2022-09-30,LATAM,Apparel,5376.68,1225.34,21.0
2023-06-02,EMEA,Electronics,18735.69,2050.71,44.0
2023-11-01,LATAM,Home & Garden,3343.62,1095.91,7.0
2022-08-23,LATAM,Food & Beverage,11573.6,1684.2,46.0
2024-07-22,LATAM,Home & Garden,8229.44,2305.75,23.0
2024-10-08,APAC,Home & Garden,524.98,89.69,6.0
2023-09-19,North America,Beauty,2972.51,556.4,10.0
2023-06-28,APAC,Food & Beverage,10413.59,2562.24,37.0
2023-03-28,LATAM,Electronics,6779.05,2378.84,41.0
2022-09-14,Middle East,Food & Beverage,10453.08,1235.74,26.0
2024-10-01,APAC,Home & Garden,6707.72,1560.7,43.0
2022-08-16,Middle East,Food & Beverage,390.6,137.52,8.0
2023-01-05,EMEA,Electronics,8482.08,2720.83,17.0
2022-08-20,Middle East,Beauty,5868.04,1131.74,42.0
2022-01-16,North America,Food & Beverage,2940.74,805.59,8.0
2023-06-19,North America,Beauty,5922.84,1647.69,29.0
2023-05-30,APAC,Apparel,416.34,148.77,1.0
2023-10-09,EMEA,Home & Garden,1345.29,458.7,46.0
2022-02-18,North America,Home & Garden,4461.77,455.33,25.0
2024-01-20,North America,Sports,19833.07,3595.32,48.0
2023-03-24,APAC,Food & Beverage,2384.83,441.32,30.0
2022-06-01,LATAM,Electronics,565.93,151.5,22.0
2022-04-15,North America,Home & Garden,2557.5,313.12,17.0
2022-12-09,North America,Sports,1349.64,286.59,14.0
2022-12-21,APAC,Electronics,4990.99,1751.34,28.0
2023-04-26,EMEA,Apparel,5166.35,1647.21,28.0
2024-06-24,APAC,Apparel,433.6,76.9,17.0
2023-05-04,Middle East,Food & Beverage,9684.01,2683.68,41.0
2023-07-21,APAC,Apparel,8054.64,2885.11,22.0
2022-03-06,EMEA,Food & Beverage,2910.16,1018.76,10.0
2024-04-24,APAC,Beauty,1596.51,356.96,21.0
2023-12-31,EMEA,Food & Beverage,2008.95,668.88,14.0
2024-11-03,Middle East,Sports,1972.27,406.01,31.0
2022-08-26,LATAM,Home & Garden,9511.03,3527.83,46.0
2024-10-02,North America,Food & Beverage,11412.67,2921.36,45.0
2022-01-12,LATAM,Apparel,2465.68,815.97,31.0
2023-12-16,APAC,Home & Garden,8000.45,903.85,24.0
2024-05-24,APAC,Food & Beverage,1167.57,215.17,6.0
2023-10-10,LATAM,Beauty,7410.33,2224.52,32.0
2023-09-24,LATAM,Electronics,5923.88,456.8,13.0
2022-12-10,North America,Apparel,1890.02,674.71,14.0
2022-11-07,North America,Apparel,2960.37,428.3,7.0
2024-02-14,APAC,Food & Beverage,1666.68,545.49,4.0
2022-10-24,EMEA,Beauty,4432.18,1612.14,25.0
2024-11-10,LATAM,Beauty,5161.65,1884.23,27.0
2023-12-06,Middle East,Food & Beverage,14345.3,2997.64,40.0
2024-01-18,APAC,Apparel,6485.29,1004.04,29.0
2023-05-20,Middle East,Food & Beverage,10731.24,,37.0
2024-02-27,EMEA,Apparel,12805.55,804.64,27.0
2022-11-29,APAC,Electronics,4792.8,692.5,42.0
2023-05-17,Middle East,Home & Garden,16733.6,3869.74,40.0
2023-01-05,North America,Electronics,1132.55,247.86,5.0
2022-07-28,APAC,Electronics,13874.54,2815.44,34.0
2023-10-23,EMEA,Food & Beverage,16218.97,3913.56,35.0
2023-03-09,EMEA,Sports,1668.1,497.34,45.0
2022-02-23,Middle East,Home & Garden,7080.91,1183.23,48.0
2023-02-04,LATAM,Food & Beverage,13256.49,4022.16,44.0
2022-12-02,Middle East,Beauty,901.84,177.03,41.0
2024-07-09,North America,Electronics,11821.07,1884.19,41.0
2024-12-04,EMEA,Apparel,4400.15,565.42,18.0
2024-05-24,Middle East,Apparel,1164.72,432.65,30.0
2024-06-28,LATAM,Beauty,31.91,10.28,1.0
2024-03-11,APAC,Electronics,3699.05,1144.45,24.0
2022-11-19,LATAM,Food & Beverage,14231.65,5256.59,43.0
2022-06-23,Middle East,Sports,6767.47,1868.34,29.0
2022-10-13,North America,Electronics,539.03,116.75,3.0
2023-03-09,Middle East,Apparel,13469.91,1646.29,39.0
2024-01-15,LATAM,Apparel,10599.43,3897.89,25.0
2022-06-18,Middle East,Beauty,17207.02,2017.27,41.0
2022-12-17,North America,Sports,2985.0,457.57,24.0
2022-11-16,Middle East,Home & Garden,369.03,26.17,3.0
2022-10-06,APAC,Beauty,1677.74,183.22,10.0
2024-02-11,North America,Beauty,4575.12,,38.0
2023-01-03,EMEA,Beauty,17913.07,4768.96,48.0
2024-03-21,EMEA,Food & Beverage,1587.85,306.61,7.0
2024-12-22,Middle East,Beauty,2471.4,804.63,
2023-04-04,APAC,Sports,7218.64,2549.58,25.0
2022-12-28,Middle East,Beauty,19527.79,2726.12,49.0
2024-06-05,Middle East,Apparel,7476.18,1766.33,25.0
2022-03-19,Middle East,Electronics,9213.62,1979.44,41.0
2023-02-11,LATAM,Home & Garden,6286.01,1378.63,18.0
2022-05-02,LATAM,Sports,12775.14,1557.32,25.0
2022-11-02,APAC,Electronics,6714.83,465.78,29.0
2022-03-20,North America,Apparel,2120.58,534.34,44.0
2023-08-13,LATAM,Food & Beverage,3476.83,933.65,11.0
2023-07-31,LATAM,Electronics,2263.71,753.29,5.0
2022-10-15,North America,Beauty,4613.47,783.54,16.0
2024-05-19,Middle East,Beauty,980.56,343.71,15.0
2023-02-17,APAC,Electronics,205.39,14.58,17.0
2023-01-14,APAC,Food & Beverage,13311.04,4089.85,48.0
2022-05-08,EMEA,Beauty,3688.16,1140.31,36.0
2024-08-08,North America,Sports,2273.48,535.04,5.0
2023-03-16,North America,Electronics,11212.91,787.99,36.0
2024-01-24,North America,Electronics,6900.38,832.29,48.0
2024-11-22,APAC,Sports,7603.6,2110.59,28.0
2022-08-14,LATAM,Apparel,4342.11,518.34,37.0
2024-01-02,Middle East,Electronics,10263.8,2712.52,32.0
2022-05-05,LATAM,Beauty,5974.88,655.16,21.0
2024-04-26,North America,Food & Beverage,15540.33,5437.5,37.0
2022-03-10,North America,Beauty,1916.07,418.18,9.0
2023-04-08,Middle East,Home & Garden,9482.13,1034.49,20.0
2022-07-04,Middle East,Electronics,5487.34,1456.55,41.0
2023-02-06,EMEA,Apparel,2530.94,468.29,27.0
2023-11-29,APAC,Sports,3296.06,1094.76,46.0
2024-06-13,LATAM,Electronics,7147.93,852.68,18.0
2024-08-07,EMEA,Home & Garden,678.68,254.12,46.0
2022-08-03,EMEA,Beauty,17652.93,2023.06,42.0
2024-05-30,North America,Sports,723.66,130.02,17.0
2023-01-02,LATAM,Home & Garden,385.84,19.76,34.0
2023-09-18,EMEA,Beauty,3205.44,1109.74,32.0
2022-09-19,EMEA,Home & Garden,1460.3,510.59,4.0
2023-08-16,EMEA,Beauty,1120.56,240.13,38.0
2024-12-22,LATAM,Food & Beverage,7113.39,2140.8,45.0
2024-12-06,Middle East,Food & Beverage,20427.15,6517.38,48.0
2024-08-10,LATAM,Food & Beverage,7332.67,2298.03,22.0
2024-03-04,EMEA,Apparel,2003.54,539.6,23.0
2022-05-08,APAC,Food & Beverage,2238.65,611.79,34.0
2024-10-20,EMEA,Sports,207.03,50.46,11.0
2022-04-26,LATAM,Home & Garden,1257.25,303.9,14.0
2022-10-10,North America,Electronics,11808.33,4025.34,46.0
2024-02-20,North America,Food & Beverage,13057.49,3475.96,28.0
2023-01-14,Middle East,Apparel,1702.43,124.67,7.0
2022-12-01,LATAM,Food & Beverage,1584.35,301.11,34.0
2024-01-23,LATAM,Beauty,6830.83,,25.0
2024-12-11,EMEA,Food & Beverage,19299.39,2511.5,43.0
2024-08-19,EMEA,Food & Beverage,1394.07,119.87,10.0
2023-11-21,EMEA,Sports,5606.19,615.17,30.0
2024-03-28,Middle East,Food & Beverage,12429.2,3048.25,27.0
2024-05-23,Middle East,Food & Beverage,9853.4,3361.65,25.0
2022-06-19,APAC,Beauty,10055.53,1036.3,30.0
2024-04-05,North America,Food & Beverage,7024.19,367.9,18.0
2024-09-21,LATAM,Beauty,1601.16,305.73,10.0
2024-09-14,LATAM,Home & Garden,15743.83,1424.41,38.0
2023-07-30,APAC,Food & Beverage,3485.26,1308.64,9.0
2022-03-24,EMEA,Sports,13361.19,4048.57,35.0
2023-12-10,Middle East,Electronics,14631.08,1184.55,34.0
2022-09-28,APAC,Home & Garden,20618.71,5845.57,40.0
2023-01-08,Middle East,Sports,211.74,,12.0
2023-12-25,LATAM,Electronics,574.08,159.7,35.0
2023-01-12,APAC,Beauty,2160.26,632.74,11.0
2024-05-01,APAC,Sports,2647.64,791.31,11.0
2023-02-05,North America,Food & Beverage,1044.01,166.02,30.0
2023-02-16,EMEA,Beauty,962.25,115.65,45.0
2023-08-23,EMEA,Beauty,8519.69,1203.93,33.0
2023-05-06,APAC,Apparel,3841.55,1362.41,12.0
2024-03-20,North America,Sports,1603.1,407.12,8.0
2022-11-25,Middle East,Sports,15583.63,2525.4,40.0
2023-01-02,APAC,Apparel,2955.94,345.54,14.0
2024-12-27,EMEA,Sports,7797.47,2751.9,35.0
2022-01-24,APAC,Apparel,15675.57,4947.15,30.0
2022-04-08,APAC,Electronics,14401.02,2539.51,37.0
2024-01-05,EMEA,Home & Garden,7166.87,725.64,38.0
2024-07-21,North America,Apparel,3109.04,366.98,10.0
2023-06-01,APAC,Apparel,23903.23,8758.54,47.0
2023-06-17,North America,Sports,8354.38,830.87,34.0
2023-09-22,Middle East,Sports,1807.34,210.81,5.0
2023-05-14,APAC,Sports,4206.2,,16.0
2022-03-09,North America,Apparel,1606.56,480.2,25.0
2022-06-15,LATAM,Beauty,7562.12,2196.01,17.0
2024-08-17,APAC,Apparel,4389.9,257.7,9.0
2022-05-31,North America,Apparel,12387.49,2495.0,27.0
2022-01-02,LATAM,Home & Garden,324.94,74.69,1.0
2022-07-25,LATAM,Food & Beverage,10989.84,1847.63,39.0
2023-06-26,North America,Food & Beverage,2167.15,557.51,8.0
2024-09-07,Middle East,Sports,11481.7,3151.27,47.0
2024-07-15,LATAM,Beauty,876.11,282.87,3.0
2024-08-01,Middle East,Apparel,295.62,53.86,2.0
2022-04-10,North America,Food & Beverage,4716.69,1305.95,34.0
2023-03-31,LATAM,Apparel,8587.48,3257.32,28.0
2023-12-02,EMEA,Home & Garden,8570.3,2957.81,24.0
2022-09-17,APAC,Apparel,3069.18,745.16,12.0
2024-06-25,LATAM,Electronics,17776.55,1814.16,44.0
2022-12-05,North America,Beauty,2558.32,864.28,22.0
2024-01-27,North America,Beauty,7080.73,488.05,27.0
2022-01-08,APAC,Home & Garden,21976.17,2167.07,49.0
2022-09-25,EMEA,Electronics,2261.5,379.95,5.0
2022-11-10,LATAM,Sports,6235.06,795.04,19.0
2022-11-12,APAC,Electronics,8819.29,2395.32,29.0
2023-06-21,North America,Electronics,10189.58,3396.88,32.0
2022-02-14,APAC,Apparel,2505.63,513.52,40.0
2024-07-23,EMEA,Home & Garden,2872.21,230.19,8.0
2024-04-26,EMEA,Home & Garden,12589.3,4579.96,24.0
2022-07-06,EMEA,Food & Beverage,83.22,30.77,2.0
2022-10-27,Middle East,Home & Garden,8952.89,1594.28,20.0
2022-05-30,EMEA,Food & Beverage,13509.04,2273.36,
2024-01-16,LATAM,Sports,14150.91,2953.02,49.0
2022-03-11,North America,Beauty,6041.25,1759.16,22.0
2024-12-05,APAC,Beauty,10336.54,3831.09,47.0
2023-06-09,APAC,Food & Beverage,2116.67,197.46,5.0
2022-04-08,North America,Electronics,10917.58,3198.9,29.0
2024-09-18,APAC,Electronics,11150.01,1411.93,31.0
2022-05-10,APAC,Home & Garden,13306.38,3716.59,37.0
2024-10-15,LATAM,Apparel,3786.81,847.47,9.0
2024-01-08,EMEA,Sports,5540.76,2036.54,15.0
2024-11-01,Middle East,Food & Beverage,13348.9,1310.21,29.0
2022-07-04,APAC,Electronics,608.18,61.27,5.0
2023-10-18,North America,Apparel,2742.24,962.59,38.0
2023-04-10,EMEA,Apparel,4019.19,433.89,12.0
2023-03-28,APAC,Electronics,2233.51,750.82,44.0
2023-08-01,EMEA,Sports,862.75,48.66,3.0
2024-09-01,LATAM,Food & Beverage,7836.47,718.72,23.0
2023-06-27,LATAM,Sports,2551.76,318.64,24.0
2024-11-30,LATAM,Home & Garden,5427.55,931.68,19.0
2024-03-15,Middle East,Home & Garden,10040.14,930.55,42.0
2022-08-13,Middle East,Home & Garden,17386.64,3779.99,34.0
2024-01-11,APAC,Food & Beverage,13209.04,3121.36,29.0
2023-06-18,LATAM,Sports,10696.05,3321.14,33.0
2022-04-07,Middle East,Home & Garden,1355.11,180.42,31.0
2024-08-26,EMEA,Sports,3313.55,208.76,43.0
2024-09-27,APAC,Sports,3762.05,275.06,18.0
2024-08-08,North America,Electronics,16475.2,4398.41,40.0
2023-09-19,APAC,Home & Garden,1784.54,660.43,12.0
2023-09-08,North America,Food & Beverage,2788.38,792.77,15.0
2023-01-02,Middle East,Apparel,13866.09,2339.61,49.0
2024-07-09,LATAM,Apparel,3271.58,422.57,16.0
2024-07-28,APAC,Beauty,2840.73,1065.46,13.0
2023-10-07,Middle East,Sports,426.73,88.72,1.0
2022-11-18,EMEA,Electronics,7499.74,2413.18,27.0
2022-11-12,APAC,Home & Garden,3968.05,1399.81,25.0
2022-03-16,LATAM,Beauty,1227.63,206.35,27.0
2023-12-21,LATAM,Beauty,10596.24,1465.31,39.0
2023-02-06,APAC,Electronics,228.97,19.61,2.0
2023-11-02,APAC,Food & Beverage,1548.69,396.8,42.0
2022-09-28,North America,Apparel,473.04,62.33,20.0
2022-02-24,North America,Apparel,14705.88,3420.08,43.0
2024-01-21,APAC,Apparel,12102.36,4282.75,28.0
2023-11-26,APAC,Home & Garden,4745.4,725.52,31.0
2022-12-04,EMEA,Home & Garden,2500.42,233.57,49.0
2022-07-01,EMEA,Food & Beverage,160.81,45.92,17.0
2023-12-09,EMEA,Apparel,14371.48,3725.9,41.0
2023-11-09,LATAM,Home & Garden,11971.76,3358.06,39.0
2023-02-06,North America,Electronics,2930.94,397.36,31.0
2024-04-18,EMEA,Food & Beverage,18909.28,1524.06,42.0
2024-07-29,EMEA,Home & Garden,14731.28,1181.38,47.0
2022-01-25,APAC,Food & Beverage,5424.95,355.49,12.0
2023-09-27,North America,Sports,3352.67,909.64,13.0
2022-03-20,Middle East,Electronics,24251.49,8996.72,48.0
2022-06-25,LATAM,Food & Beverage,122.96,26.94,1.0
2022-11-25,EMEA,Home & Garden,285.74,95.46,2.0
2023-11-29,North America,Apparel,1886.8,433.21,22.0
2022-05-10,EMEA,Sports,218.79,61.3,8.0
2023-04-18,Middle East,Food & Beverage,2541.57,433.88,30.0
2024-09-23,EMEA,Food & Beverage,11489.85,1494.18,34.0
2022-11-10,LATAM,Apparel,6512.34,,33.0
2023-01-20,EMEA,Apparel,1791.67,630.22,12.0
2024-07-16,Middle East,Beauty,1104.69,87.8,14.0
2022-11-04,LATAM,Home & Garden,7220.8,2203.36,16.0
2022-08-10,LATAM,Sports,11063.1,2848.05,47.0
2024-08-31,LATAM,Apparel,1393.34,448.22,16.0
2023-05-25,APAC,Apparel,1774.72,98.14,4.0
2024-07-25,LATAM,Sports,5492.12,590.31,31.0
2024-10-04,LATAM,Apparel,4169.03,390.37,11.0
2024-02-26,APAC,Food & Beverage,2604.03,617.59,21.0
2023-11-09,LATAM,Beauty,9251.81,968.79,36.0
2023-10-11,North America,Electronics,1629.45,395.78,27.0
2023-08-14,North America,Electronics,10988.43,742.15,22.0
2024-07-12,EMEA,Beauty,461.21,51.84,18.0
2022-12-10,Middle East,Electronics,8087.77,1328.48,25.0
2022-07-24,North America,Sports,4323.24,1323.61,39.0
2024-09-27,LATAM,Electronics,4060.43,1068.2,12.0
2023-12-28,LATAM,Beauty,12063.07,4428.72,31.0
2023-04-13,LATAM,Apparel,6515.39,657.94,16.0
2023-07-27,LATAM,Beauty,2030.33,741.44,13.0
2022-04-03,Middle East,Home & Garden,10913.19,2379.18,25.0
2022-10-07,APAC,Beauty,1377.01,276.31,24.0
2022-10-08,LATAM,Electronics,2633.1,757.5,15.0
2023-09-30,Middle East,Home & Garden,2490.85,228.81,13.0
2022-11-07,Middle East,Home & Garden,496.39,106.08,10.0
2023-03-20,Middle East,Sports,1300.07,472.67,5.0
2024-10-21,LATAM,Food & Beverage,5454.43,290.2,28.0
2023-08-02,LATAM,Food & Beverage,6320.95,765.34,28.0
2023-06-14,APAC,Home & Garden,5782.3,1449.76,35.0
2022-01-28,APAC,Apparel,4263.45,419.21,43.0
2023-07-08,APAC,Apparel,4230.58,1131.14,13.0
2023-08-30,APAC,Beauty,882.2,189.47,7.0
2022-10-06,LATAM,Apparel,5575.6,1315.27,30.0
2024-12-17,Middle East,Beauty,12103.89,4150.94,29.0
2022-10-09,North America,Sports,5380.57,837.71,16.0
2022-09-17,North America,Home & Garden,2430.43,860.5,39.0
2023-09-12,LATAM,Sports,9088.18,761.42,34.0
2024-07-14,EMEA,Sports,352.24,54.0,29.0
2022-09-28,Middle East,Beauty,1273.16,217.42,23.0
2023-04-11,EMEA,Sports,330.15,77.83,8.0
2023-01-11,Middle East,Beauty,18134.87,4836.91,44.0
2024-01-29,LATAM,Home & Garden,1875.13,309.99,35.0
2024-04-09,APAC,Home & Garden,7969.57,1468.04,19.0
2024-01-22,North America,Electronics,8757.88,2081.14,41.0
2022-09-06,North America,Home & Garden,1353.54,426.43,23.0
2022-01-13,APAC,Electronics,12043.8,1487.8,30.0
2024-12-26,North America,Sports,1286.5,392.88,47.0
2023-01-01,LATAM,Sports,9453.98,1340.28,37.0
2023-07-25,EMEA,Beauty,7268.76,1393.94,18.0
2024-12-06,EMEA,Sports,2643.64,644.53,30.0
2023-05-09,North America,Apparel,7650.66,1509.89,27.0
2022-12-07,EMEA,Electronics,19085.38,6510.01,44.0
2024-06-22,EMEA,Beauty,10909.97,1005.64,27.0
2024-09-10,LATAM,Beauty,3234.31,836.83,20.0
2024-10-09,APAC,Home & Garden,16086.18,2701.48,37.0
2022-01-23,APAC,Food & Beverage,22224.01,7341.38,44.0
2022-06-10,EMEA,Food & Beverage,8193.92,584.81,48.0
2023-08-02,LATAM,Beauty,6784.71,1635.38,34.0
2024-06-07,North America,Electronics,437.11,82.59,38.0
2023-10-30,North America,Apparel,14974.72,1155.74,45.0
2024-04-02,Middle East,Beauty,12119.85,3105.31,36.0
2022-05-30,LATAM,Apparel,425.52,76.91,6.0
2022-10-07,Middle East,Apparel,13300.4,4971.49,44.0
2022-08-02,Middle East,Beauty,3012.51,612.69,13.0
2023-08-14,North America,Beauty,3508.53,1202.57,13.0
2024-10-23,EMEA,Sports,455.02,141.4,3.0
2024-04-26,North America,Apparel,1216.56,76.2,
2023-09-25,Middle East,Apparel,3115.5,978.47,36.0
2022-04-15,North America,Food & Beverage,3862.74,765.75,17.0
2023-03-31,LATAM,Home & Garden,3295.41,260.37,31.0
2022-07-08,APAC,Electronics,870.6,103.74,30.0
2023-05-31,Middle East,Electronics,15745.38,1300.11,38.0
2022-06-25,EMEA,Sports,8384.12,2275.66,43.0
2024-03-06,LATAM,Food & Beverage,163.44,34.47,5.0
2024-04-17,North America,Electronics,5222.94,318.7,49.0
2023-12-30,EMEA,Sports,3701.22,,12.0
2024-05-20,EMEA,Electronics,2207.5,496.24,43.0
2023-12-02,APAC,Apparel,16136.67,2331.54,44.0
2024-08-23,APAC,Electronics,4541.51,1669.96,19.0
2023-11-27,EMEA,Home & Garden,3354.89,766.11,25.0
2024-11-21,North America,Beauty,12023.96,797.17,27.0
2022-04-12,North America,Beauty,3894.01,598.71,8.0
2023-09-12,APAC,Sports,14763.69,1378.83,36.0
2024-08-12,APAC,Electronics,1803.02,106.74,6.0
2023-02-17,EMEA,Electronics,2363.18,288.35,7.0
2023-04-12,APAC,Apparel,10174.58,556.5,45.0
2022-12-14,LATAM,Home & Garden,5347.44,1560.45,16.0
2023-02-18,North America,Apparel,3940.33,859.53,27.0
2024-11-04,North America,Electronics,70.67,16.91,7.0
2024-10-11,APAC,Food & Beverage,6374.75,2184.5,18.0
2023-04-23,EMEA,Sports,1700.59,612.97,16.0
2023-01-20,EMEA,Apparel,3619.14,275.1,39.0
2023-09-21,LATAM,Home & Garden,4460.27,620.47,35.0
2023-07-27,EMEA,Electronics,8249.47,1168.59,32.0
2024-09-10,EMEA,Apparel,14780.14,4472.65,38.0
2022-08-29,Middle East,Beauty,2854.56,1020.1,16.0
2023-08-30,EMEA,Apparel,3962.54,1159.88,9.0
2024-08-10,EMEA,Apparel,5788.72,898.08,28.0
2024-06-28,North America,Electronics,2507.71,250.87,31.0
2022-03-15,Middle East,Beauty,263.58,34.31,
2022-09-28,EMEA,Food & Beverage,3432.78,406.39,13.0
2024-02-08,North America,Food & Beverage,3128.03,285.24,48.0
2024-08-30,North America,Food & Beverage,1818.33,537.69,5.0
2022-02-25,EMEA,Electronics,7616.61,2610.27,31.0
2023-05-22,LATAM,Food & Beverage,5370.75,933.38,16.0
2024-10-16,APAC,Sports,1213.39,284.75,18.0
2022-02-12,North America,Beauty,3385.82,1105.52,10.0
2022-10-26,North America,Electronics,10159.14,3111.46,30.0
2022-07-15,Middle East,Food & Beverage,2680.38,558.34,26.0
2022-10-18,Middle East,Beauty,619.93,158.91,2.0
2023-10-14,Middle East,Food & Beverage,762.91,114.73,36.0
2022-07-06,North America,Apparel,8278.09,1137.19,39.0
2022-05-18,LATAM,Food & Beverage,1951.49,198.7,40.0
2023-05-25,LATAM,Beauty,4195.67,1216.44,11.0
2022-05-16,APAC,Electronics,16527.53,5899.17,36.0
2023-03-06,Middle East,Beauty,6652.06,1077.44,30.0
2022-10-03,APAC,Beauty,6565.7,1059.01,16.0
2022-07-16,APAC,Sports,10269.04,3522.27,33.0
2023-03-13,APAC,Beauty,1386.88,195.96,22.0
2024-09-17,LATAM,Food & Beverage,11811.68,2298.77,39.0
2024-01-04,LATAM,Sports,16329.0,1684.78,40.0
2023-02-11,North America,Home & Garden,3819.59,1403.67,21.0
2023-04-16,EMEA,Sports,1622.04,426.74,12.0
2023-02-10,Middle East,Home & Garden,15585.87,4195.71,47.0
2024-11-07,EMEA,Sports,2234.0,545.05,9.0
2024-07-09,APAC,Apparel,4557.64,997.8,16.0
2022-11-24,North America,Electronics,16745.83,1994.17,35.0
2023-02-20,North America,Electronics,991.95,197.69,7.0
2023-03-29,EMEA,Electronics,2894.75,942.28,18.0
2023-03-27,North America,Food & Beverage,7814.85,2754.84,33.0
2024-03-21,North America,Home & Garden,5354.24,658.3,12.0
2022-06-13,APAC,Home & Garden,20092.4,4030.54,48.0
2022-10-01,Middle East,Electronics,16834.24,3466.3,42.0
2023-04-28,LATAM,Beauty,11422.28,3774.64,27.0
2024-01-19,APAC,Food & Beverage,4043.31,943.9,13.0
2022-06-21,EMEA,Home & Garden,8391.76,1068.71,18.0
2024-01-27,APAC,Home & Garden,1694.51,228.64,5.0
2024-04-10,LATAM,Sports,10107.69,1006.23,27.0
2022-03-31,EMEA,Apparel,7119.18,557.42,33.0
2023-11-07,Middle East,Beauty,3034.57,1025.98,7.0
2023-08-15,LATAM,Sports,412.44,139.96,5.0
2024-02-11,EMEA,Sports,2911.73,762.66,21.0
2023-08-24,North America,Sports,5581.1,647.71,14.0
2024-01-22,LATAM,Beauty,126.69,,3.0
2024-01-02,North America,Electronics,13509.9,1723.8,29.0
2023-09-04,North America,Food & Beverage,2669.89,680.29,29.0
2022-12-19,EMEA,Sports,158.73,54.44,10.0
2022-12-29,LATAM,Apparel,3184.23,1108.9,29.0
2023-06-29,Middle East,Beauty,10944.18,4125.7,37.0
2023-02-25,EMEA,Beauty,4969.8,900.1,10.0
2022-09-17,Middle East,Beauty,7139.65,1846.91,19.0
2022-04-11,LATAM,Sports,969.16,99.82,3.0
2023-04-18,APAC,Beauty,5408.2,709.17,15.0
2022-02-26,EMEA,Electronics,423.65,22.52,5.0
2024-07-05,North America,Beauty,250.78,72.72,4.0
2022-09-21,North America,Sports,7734.55,1029.17,28.0
2024-08-21,Middle East,Apparel,6880.86,1343.67,13.0
2023-11-18,Middle East,Beauty,2596.23,273.91,10.0
2024-05-09,EMEA,Sports,3098.58,484.52,34.0
2024-04-24,APAC,Food & Beverage,8093.83,2695.11,35.0
2023-12-30,EMEA,Apparel,4119.37,1261.32,29.0
2022-10-24,LATAM,Sports,15905.22,2666.75,43.0
2022-12-27,EMEA,Sports,3101.35,1149.45,11.0
2024-09-28,EMEA,Food & Beverage,7288.75,2531.57,22.0
2022-04-08,APAC,Food & Beverage,8105.85,2001.28,21.0
2023-10-11,APAC,Sports,3754.08,352.72,22.0
2022-09-18,North America,Food & Beverage,12997.0,2828.99,41.0
2022-11-26,APAC,Food & Beverage,2438.63,869.64,21.0
2023-10-27,APAC,Electronics,1899.32,613.68,46.0
2023-02-26,EMEA,Sports,7679.61,2260.65,33.0
2024-01-23,EMEA,Electronics,5278.34,1349.36,17.0
2022-03-20,EMEA,Apparel,1285.59,418.89,35.0
2024-05-07,Middle East,Beauty,5069.71,733.86,27.0
2022-03-27,EMEA,Apparel,3081.1,1098.0,9.0
2024-11-28,North America,Sports,3310.37,257.2,13.0
2022-12-15,EMEA,Home & Garden,5294.18,523.71,48.0
2023-07-09,EMEA,Beauty,339.71,72.63,3.0
2022-08-04,LATAM,Beauty,12551.92,4626.79,28.0
2024-07-31,EMEA,Electronics,9774.38,1566.72,30.0
2023-10-31,EMEA,Food & Beverage,521.52,133.82,19.0
2022-10-23,APAC,Electronics,4700.76,928.05,38.0
2024-11-08,APAC,Home & Garden,11688.76,4269.17,33.0
2022-03-16,EMEA,Food & Beverage,4882.4,1743.48,16.0
2022-06-14,LATAM,Home & Garden,4265.69,315.08,19.0
2024-01-12,LATAM,Sports,5825.06,824.59,18.0
2024-07-22,LATAM,Electronics,8912.29,2451.57,30.0
2022-08-22,APAC,Apparel,8015.61,1771.94,23.0
2024-01-08,EMEA,Apparel,11876.79,3649.1,41.0
2022-03-31,North America,Beauty,9726.96,1825.4,21.0
2023-07-25,APAC,Apparel,1015.12,77.3,26.0
2022-07-18,APAC,Food & Beverage,16214.19,,41.0
2022-10-14,Middle East,Electronics,3705.13,739.6,18.0
2024-08-13,APAC,Apparel,471.39,64.16,11.0
2023-10-22,APAC,Home & Garden,11137.17,741.77,33.0
2024-01-15,APAC,Food & Beverage,6202.99,402.21,44.0
2023-04-27,LATAM,Beauty,11366.28,2938.44,25.0
2024-02-28,Middle East,Apparel,4997.99,577.41,12.0
2023-11-03,North America,Beauty,11537.75,2568.23,22.0
2023-12-01,LATAM,Electronics,384.26,62.04,12.0
2024-06-17,APAC,Apparel,2210.08,481.81,6.0
2023-07-15,Middle East,Food & Beverage,9156.39,784.79,24.0
2022-04-12,North America,Apparel,1673.03,212.42,10.0
2024-12-10,North America,Home & Garden,512.94,85.44,43.0
2024-01-13,APAC,Electronics,1216.88,,3.0
2023-09-14,North America,Apparel,15779.56,4576.42,34.0
2024-02-12,Middle East,Apparel,9509.63,2820.84,22.0
2023-10-03,LATAM,Apparel,235.42,50.86,21.0
2022-01-23,Middle East,Beauty,19708.62,2709.49,42.0
2024-05-16,North America,Home & Garden,8900.03,2169.54,28.0
2023-02-13,LATAM,Electronics,5323.68,335.23,42.0
2022-01-06,LATAM,Apparel,3508.79,219.47,42.0
2023-01-07,North America,Apparel,3173.33,215.16,6.0
2023-04-06,North America,Electronics,8323.29,747.91,39.0
2023-02-11,LATAM,Electronics,8080.02,804.51,20.0
2023-05-06,APAC,Electronics,11055.25,2622.49,23.0
2022-03-11,APAC,Apparel,4730.88,1330.17,24.0
2022-11-27,North America,Food & Beverage,2095.8,507.19,15.0
2023-09-12,LATAM,Home & Garden,9334.28,1630.48,28.0
2024-12-11,LATAM,Electronics,6193.5,1868.17,21.0
2024-06-05,Middle East,Home & Garden,2860.1,172.82,11.0
2022-02-25,EMEA,Home & Garden,4527.18,975.47,48.0
2023-08-06,APAC,Beauty,5079.81,1674.88,16.0
2022-08-16,North America,Electronics,3250.95,265.3,25.0
2022-02-04,Middle East,Sports,2647.67,770.27,17.0
2022-03-14,LATAM,Apparel,7295.45,723.45,43.0
2024-08-17,North America,Apparel,21160.32,6062.22,48.0
2024-02-14,North America,Beauty,4866.14,1025.19,21.0
2024-04-20,North America,Electronics,2136.78,131.4,29.0
2023-12-15,North America,Home & Garden,454.34,105.27,36.0
2023-09-12,APAC,Apparel,7770.91,,24.0
2023-04-09,APAC,Apparel,2804.23,154.94,7.0
2022-09-28,LATAM,Food & Beverage,4039.25,1134.01,20.0
2022-08-26,APAC,Beauty,1241.24,419.35,19.0
2023-04-06,EMEA,Home & Garden,5131.94,605.92,27.0
2023-11-19,EMEA,Beauty,581.7,153.59,3.0
2022-06-15,APAC,Home & Garden,1712.07,119.3,14.0
2024-10-12,EMEA,Sports,8375.8,2434.21,27.0
2022-12-11,Middle East,Apparel,12455.39,1152.73,30.0
2023-08-29,North America,Apparel,3717.56,913.97,22.0
2022-11-23,Middle East,Sports,810.39,172.67,12.0
2023-08-01,APAC,Apparel,18504.7,6444.77,37.0
2023-05-07,APAC,Home & Garden,426.73,92.85,4.0
2023-02-17,North America,Home & Garden,3755.62,477.32,33.0
2023-01-01,North America,Beauty,12173.46,1547.48,49.0
2023-07-25,North America,Apparel,9851.15,848.4,27.0
2023-12-01,North America,Home & Garden,3191.27,599.03,9.0
2023-07-04,Middle East,Beauty,3701.37,954.1,9.0
2024-08-21,North America,Sports,2134.69,688.34,16.0
2023-02-13,North America,Beauty,2715.5,628.9,13.0
2023-01-02,Middle East,Sports,16395.77,,47.0
2024-05-12,EMEA,Sports,4756.25,1653.97,33.0
2023-05-13,Middle East,Sports,3690.57,1260.4,10.0
2022-10-09,North America,Sports,10022.33,2072.04,42.0
2024-11-17,EMEA,Electronics,2790.44,260.51,19.0
2022-07-01,EMEA,Sports,5763.28,2133.52,15.0
2022-04-18,North America,Beauty,882.62,197.13,37.0
2023-12-15,North America,Sports,6816.28,2547.86,27.0
2023-11-22,North America,Home & Garden,6574.25,715.68,13.0
2022-10-04,North America,Sports,5866.42,965.25,16.0
2024-09-27,APAC,Electronics,11404.81,2908.66,23.0
2023-04-16,LATAM,Home & Garden,6265.87,1332.18,33.0
2022-07-16,LATAM,Sports,4033.24,450.65,12.0
2024-11-27,North America,Apparel,14866.98,5427.97,32.0
2022-03-23,North America,Food & Beverage,11664.51,2276.39,24.0
2022-11-30,LATAM,Apparel,13479.36,4042.14,46.0
